[
  {
    "url": "https://www.oldenburg-kreis.de/portal/startseite.html",
    "title": "Startseite",
    "content": "Wechseln Sie bitte zur oder zur Suche, um die gewünschten Informationen zu erhalten.",
    "plain_text": "Wechseln Sie bitte zur oder zur Suche, um die gewünschten Informationen zu erhalten.",
    "contacts": [],
    "forms": [],
    "links": [
      {
        "title": "Startseite",
        "url": "https://www.oldenburg-kreis.de/portal/startseite.html",
        "valid": true
      }
    ],
    "metadata": {
      "agent": "rechnung_ebilling",
      "type": "link",
      "source": "https://www.oldenburg-kreis.de/landkreis-und-verwaltung/impressum/",
      "timestamp": "2025-10-29T11:07:42.054Z",
      "compressed": true,
      "compression_ratio": 1
    }
  },
  {
    "url": "https://www.oldenburg-kreis.de/portal/suche.html",
    "title": "Suche",
    "content": "Wechseln Sie bitte zur Startseite oder zur , um die gewünschten Informationen zu erhalten.",
    "plain_text": "Wechseln Sie bitte zur Startseite oder zur , um die gewünschten Informationen zu erhalten.",
    "contacts": [],
    "forms": [],
    "links": [
      {
        "title": "Suche",
        "url": "https://www.oldenburg-kreis.de/portal/suche.html",
        "valid": true
      }
    ],
    "metadata": {
      "agent": "rechnung_ebilling",
      "type": "link",
      "source": "https://www.oldenburg-kreis.de/landkreis-und-verwaltung/impressum/",
      "timestamp": "2025-10-29T11:07:42.054Z",
      "compressed": true,
      "compression_ratio": 1
    }
  },
  {
    "url": "https://www.oldenburg-kreis.de/landkreis-und-verwaltung/impressum/",
    "title": "Unbekannt",
    "content": "Unbekannt",
    "plain_text": "Unbekannt",
    "contacts": [
      {
        "type": "phone",
        "value": "15000"
      }
    ],
    "forms": [],
    "links": [],
    "metadata": {
      "agent": "rechnung_ebilling",
      "type": "contact",
      "source": "https://www.oldenburg-kreis.de/landkreis-und-verwaltung/impressum/",
      "timestamp": "2025-10-29T11:07:42.054Z",
      "compressed": true,
      "compression_ratio": 1
    }
  },
  {
    "url": "https://www.oldenburg-kreis.de/landkreis-und-verwaltung/impressum/",
    "title": "Die Datei wurde nicht gefunden.",
    "content": "Entschuldigung. Diese Datei wurde leider nicht gefunden. Dies kann folgende Gründe haben: Sie verwenden ein altes Lesezeichen / alte Adresse. Über eine Suchmaschine haben Sie ein veraltetes Ergebnis angeklickt. Wechseln Sie bitte zur Startseite oder zur Suche, um die gewünschten Informationen zu erhalten.",
    "plain_text": "Entschuldigung. Diese Datei wurde leider nicht gefunden. Dies kann folgende Gründe haben: Sie verwenden ein altes Lesezeichen / alte Adresse. Über eine Suchmaschine haben Sie ein veraltetes Ergebnis angeklickt. Wechseln Sie bitte zur Startseite oder zur Suche, um die gewünschten Informationen zu erhalten.",
    "contacts": [],
    "forms": [],
    "links": [],
    "metadata": {
      "agent": "rechnung_ebilling",
      "type": "content",
      "source": "https://www.oldenburg-kreis.de/landkreis-und-verwaltung/impressum/",
      "timestamp": "2025-10-29T11:07:42.054Z",
      "sectionType": "heading",
      "compressed": true,
      "compression_ratio": 1
    }
  },
  {
    "url": "https://www.oldenburg-kreis.de/landkreis-und-verwaltung/impressum/",
    "title": "Landkreis Oldenburg",
    "content": "Entschuldigung. Diese Datei wurde leider nicht gefunden. Dies kann folgende Gründe haben: Wechseln Sie bitte zur Startseite oder zur Suche, um die gewünschten Informationen zu erhalten. • Sie verwenden ein altes Lesezeichen / alte Adresse. • Über eine Suchmaschine haben Sie ein veraltetes Ergebnis angeklickt.",
    "plain_text": "Entschuldigung. Diese Datei wurde leider nicht gefunden. Dies kann folgende Gründe haben: Wechseln Sie bitte zur Startseite oder zur Suche, um die gewünschten Informationen zu erhalten. • Sie verwenden ein altes Lesezeichen / alte Adresse. • Über eine Suchmaschine haben Sie ein veraltetes Ergebnis angeklickt.",
    "contacts": [],
    "forms": [],
    "links": [],
    "metadata": {
      "agent": "rechnung_ebilling",
      "type": "content",
      "source": "https://www.oldenburg-kreis.de/landkreis-und-verwaltung/impressum/",
      "timestamp": "2025-10-29T11:07:42.054Z",
      "sectionType": "fallback",
      "compressed": true,
      "compression_ratio": 1
    }
  },
  {
    "url": "https://www.oldenburg-kreis.de/landkreis-und-verwaltung/kreisverwaltung/rechnungspruefung/",
    "title": "Unbekannt",
    "content": "Unbekannt",
    "plain_text": "Unbekannt",
    "contacts": [
      {
        "type": "phone",
        "value": "15000"
      }
    ],
    "forms": [],
    "links": [],
    "metadata": {
      "agent": "rechnung_ebilling",
      "type": "contact",
      "source": "https://www.oldenburg-kreis.de/landkreis-und-verwaltung/kreisverwaltung/rechnungspruefung/",
      "timestamp": "2025-10-29T11:07:42.054Z",
      "compressed": true,
      "compression_ratio": 1
    }
  },
  {
    "url": "https://www.oldenburg-kreis.de/landkreis-und-verwaltung/kreisverwaltung/rechnungspruefung/",
    "title": "Die Datei wurde nicht gefunden.",
    "content": "Entschuldigung. Diese Datei wurde leider nicht gefunden. Dies kann folgende Gründe haben: Sie verwenden ein altes Lesezeichen / alte Adresse. Über eine Suchmaschine haben Sie ein veraltetes Ergebnis angeklickt. Wechseln Sie bitte zur Startseite oder zur Suche, um die gewünschten Informationen zu erhalten.",
    "plain_text": "Entschuldigung. Diese Datei wurde leider nicht gefunden. Dies kann folgende Gründe haben: Sie verwenden ein altes Lesezeichen / alte Adresse. Über eine Suchmaschine haben Sie ein veraltetes Ergebnis angeklickt. Wechseln Sie bitte zur Startseite oder zur Suche, um die gewünschten Informationen zu erhalten.",
    "contacts": [],
    "forms": [],
    "links": [],
    "metadata": {
      "agent": "rechnung_ebilling",
      "type": "content",
      "source": "https://www.oldenburg-kreis.de/landkreis-und-verwaltung/kreisverwaltung/rechnungspruefung/",
      "timestamp": "2025-10-29T11:07:42.054Z",
      "sectionType": "heading",
      "compressed": true,
      "compression_ratio": 1
    }
  },
  {
    "url": "https://www.oldenburg-kreis.de/landkreis-und-verwaltung/kreisverwaltung/rechnungspruefung/",
    "title": "Landkreis Oldenburg",
    "content": "Entschuldigung. Diese Datei wurde leider nicht gefunden. Dies kann folgende Gründe haben: Wechseln Sie bitte zur Startseite oder zur Suche, um die gewünschten Informationen zu erhalten. • Sie verwenden ein altes Lesezeichen / alte Adresse. • Über eine Suchmaschine haben Sie ein veraltetes Ergebnis angeklickt.",
    "plain_text": "Entschuldigung. Diese Datei wurde leider nicht gefunden. Dies kann folgende Gründe haben: Wechseln Sie bitte zur Startseite oder zur Suche, um die gewünschten Informationen zu erhalten. • Sie verwenden ein altes Lesezeichen / alte Adresse. • Über eine Suchmaschine haben Sie ein veraltetes Ergebnis angeklickt.",
    "contacts": [],
    "forms": [],
    "links": [],
    "metadata": {
      "agent": "rechnung_ebilling",
      "type": "content",
      "source": "https://www.oldenburg-kreis.de/landkreis-und-verwaltung/kreisverwaltung/rechnungspruefung/",
      "timestamp": "2025-10-29T11:07:42.054Z",
      "sectionType": "fallback",
      "compressed": true,
      "compression_ratio": 1
    }
  },
  {
    "url": "https://www.oldenburg-kreis.de/landkreis-und-verwaltung/digitalisierung/e-rechnung/",
    "title": "Unbekannt",
    "content": "Unbekannt",
    "plain_text": "Unbekannt",
    "contacts": [
      {
        "type": "phone",
        "value": "15000"
      }
    ],
    "forms": [],
    "links": [],
    "metadata": {
      "agent": "rechnung_ebilling",
      "type": "contact",
      "source": "https://www.oldenburg-kreis.de/landkreis-und-verwaltung/digitalisierung/e-rechnung/",
      "timestamp": "2025-10-29T11:07:42.054Z",
      "compressed": true,
      "compression_ratio": 1
    }
  },
  {
    "url": "https://www.oldenburg-kreis.de/landkreis-und-verwaltung/digitalisierung/e-rechnung/",
    "title": "Die Datei wurde nicht gefunden.",
    "content": "Entschuldigung. Diese Datei wurde leider nicht gefunden. Dies kann folgende Gründe haben: Sie verwenden ein altes Lesezeichen / alte Adresse. Über eine Suchmaschine haben Sie ein veraltetes Ergebnis angeklickt. Wechseln Sie bitte zur Startseite oder zur Suche, um die gewünschten Informationen zu erhalten.",
    "plain_text": "Entschuldigung. Diese Datei wurde leider nicht gefunden. Dies kann folgende Gründe haben: Sie verwenden ein altes Lesezeichen / alte Adresse. Über eine Suchmaschine haben Sie ein veraltetes Ergebnis angeklickt. Wechseln Sie bitte zur Startseite oder zur Suche, um die gewünschten Informationen zu erhalten.",
    "contacts": [],
    "forms": [],
    "links": [],
    "metadata": {
      "agent": "rechnung_ebilling",
      "type": "content",
      "source": "https://www.oldenburg-kreis.de/landkreis-und-verwaltung/digitalisierung/e-rechnung/",
      "timestamp": "2025-10-29T11:07:42.054Z",
      "sectionType": "heading",
      "compressed": true,
      "compression_ratio": 1
    }
  },
  {
    "url": "https://www.oldenburg-kreis.de/landkreis-und-verwaltung/digitalisierung/e-rechnung/",
    "title": "Landkreis Oldenburg",
    "content": "Entschuldigung. Diese Datei wurde leider nicht gefunden. Dies kann folgende Gründe haben: Wechseln Sie bitte zur Startseite oder zur Suche, um die gewünschten Informationen zu erhalten. • Sie verwenden ein altes Lesezeichen / alte Adresse. • Über eine Suchmaschine haben Sie ein veraltetes Ergebnis angeklickt.",
    "plain_text": "Entschuldigung. Diese Datei wurde leider nicht gefunden. Dies kann folgende Gründe haben: Wechseln Sie bitte zur Startseite oder zur Suche, um die gewünschten Informationen zu erhalten. • Sie verwenden ein altes Lesezeichen / alte Adresse. • Über eine Suchmaschine haben Sie ein veraltetes Ergebnis angeklickt.",
    "contacts": [],
    "forms": [],
    "links": [],
    "metadata": {
      "agent": "rechnung_ebilling",
      "type": "content",
      "source": "https://www.oldenburg-kreis.de/landkreis-und-verwaltung/digitalisierung/e-rechnung/",
      "timestamp": "2025-10-29T11:07:42.054Z",
      "sectionType": "fallback",
      "compressed": true,
      "compression_ratio": 1
    }
  },
  {
    "url": "https://www.oldenburg-kreis.de/unternehmen/e-government/",
    "title": "Unbekannt",
    "content": "Unbekannt",
    "plain_text": "Unbekannt",
    "contacts": [
      {
        "type": "phone",
        "value": "15000"
      }
    ],
    "forms": [],
    "links": [],
    "metadata": {
      "agent": "rechnung_ebilling",
      "type": "contact",
      "source": "https://www.oldenburg-kreis.de/unternehmen/e-government/",
      "timestamp": "2025-10-29T11:07:42.054Z",
      "compressed": true,
      "compression_ratio": 1
    }
  },
  {
    "url": "https://www.oldenburg-kreis.de/unternehmen/e-government/",
    "title": "Die Datei wurde nicht gefunden.",
    "content": "Entschuldigung. Diese Datei wurde leider nicht gefunden. Dies kann folgende Gründe haben: Sie verwenden ein altes Lesezeichen / alte Adresse. Über eine Suchmaschine haben Sie ein veraltetes Ergebnis angeklickt. Wechseln Sie bitte zur Startseite oder zur Suche, um die gewünschten Informationen zu erhalten.",
    "plain_text": "Entschuldigung. Diese Datei wurde leider nicht gefunden. Dies kann folgende Gründe haben: Sie verwenden ein altes Lesezeichen / alte Adresse. Über eine Suchmaschine haben Sie ein veraltetes Ergebnis angeklickt. Wechseln Sie bitte zur Startseite oder zur Suche, um die gewünschten Informationen zu erhalten.",
    "contacts": [],
    "forms": [],
    "links": [],
    "metadata": {
      "agent": "rechnung_ebilling",
      "type": "content",
      "source": "https://www.oldenburg-kreis.de/unternehmen/e-government/",
      "timestamp": "2025-10-29T11:07:42.054Z",
      "sectionType": "heading",
      "compressed": true,
      "compression_ratio": 1
    }
  },
  {
    "url": "https://www.oldenburg-kreis.de/unternehmen/e-government/",
    "title": "Landkreis Oldenburg",
    "content": "Entschuldigung. Diese Datei wurde leider nicht gefunden. Dies kann folgende Gründe haben: Wechseln Sie bitte zur Startseite oder zur Suche, um die gewünschten Informationen zu erhalten. • Sie verwenden ein altes Lesezeichen / alte Adresse. • Über eine Suchmaschine haben Sie ein veraltetes Ergebnis angeklickt.",
    "plain_text": "Entschuldigung. Diese Datei wurde leider nicht gefunden. Dies kann folgende Gründe haben: Wechseln Sie bitte zur Startseite oder zur Suche, um die gewünschten Informationen zu erhalten. • Sie verwenden ein altes Lesezeichen / alte Adresse. • Über eine Suchmaschine haben Sie ein veraltetes Ergebnis angeklickt.",
    "contacts": [],
    "forms": [],
    "links": [],
    "metadata": {
      "agent": "rechnung_ebilling",
      "type": "content",
      "source": "https://www.oldenburg-kreis.de/unternehmen/e-government/",
      "timestamp": "2025-10-29T11:07:42.054Z",
      "sectionType": "fallback",
      "compressed": true,
      "compression_ratio": 1
    }
  }
]
