[
  {
    "url": "https://www.oldenburg-kreis.de/portal/startseite.html",
    "title": "Startseite",
    "content": "Wechseln Sie bitte zur oder zur Suche, um die gewünschten Informationen zu erhalten.",
    "plain_text": "Wechseln Sie bitte zur oder zur Suche, um die gewünschten Informationen zu erhalten.",
    "contacts": [],
    "forms": [],
    "links": [
      {
        "title": "Startseite",
        "url": "https://www.oldenburg-kreis.de/portal/startseite.html",
        "valid": true
      }
    ],
    "metadata": {
      "agent": "politik_landkreis",
      "type": "link",
      "source": "https://www.oldenburg-kreis.de/landkreis-und-verwaltung/kreisverwaltung/landrat/",
      "timestamp": "2025-10-29T11:07:42.055Z",
      "compressed": true,
      "compression_ratio": 1
    }
  },
  {
    "url": "https://www.oldenburg-kreis.de/portal/suche.html",
    "title": "Suche",
    "content": "Wechseln Sie bitte zur Startseite oder zur , um die gewünschten Informationen zu erhalten.",
    "plain_text": "Wechseln Sie bitte zur Startseite oder zur , um die gewünschten Informationen zu erhalten.",
    "contacts": [],
    "forms": [],
    "links": [
      {
        "title": "Suche",
        "url": "https://www.oldenburg-kreis.de/portal/suche.html",
        "valid": true
      }
    ],
    "metadata": {
      "agent": "politik_landkreis",
      "type": "link",
      "source": "https://www.oldenburg-kreis.de/landkreis-und-verwaltung/kreisverwaltung/landrat/",
      "timestamp": "2025-10-29T11:07:42.055Z",
      "compressed": true,
      "compression_ratio": 1
    }
  },
  {
    "url": "https://www.oldenburg-kreis.de/landkreis-und-verwaltung/kreisverwaltung/landrat/",
    "title": "Unbekannt",
    "content": "Unbekannt",
    "plain_text": "Unbekannt",
    "contacts": [
      {
        "type": "phone",
        "value": "15000"
      }
    ],
    "forms": [],
    "links": [],
    "metadata": {
      "agent": "politik_landkreis",
      "type": "contact",
      "source": "https://www.oldenburg-kreis.de/landkreis-und-verwaltung/kreisverwaltung/landrat/",
      "timestamp": "2025-10-29T11:07:42.055Z",
      "compressed": true,
      "compression_ratio": 1
    }
  },
  {
    "url": "https://www.oldenburg-kreis.de/landkreis-und-verwaltung/kreisverwaltung/landrat/",
    "title": "Die Datei wurde nicht gefunden.",
    "content": "Entschuldigung. Diese Datei wurde leider nicht gefunden. Dies kann folgende Gründe haben: Sie verwenden ein altes Lesezeichen / alte Adresse. Über eine Suchmaschine haben Sie ein veraltetes Ergebnis angeklickt. Wechseln Sie bitte zur Startseite oder zur Suche, um die gewünschten Informationen zu erhalten.",
    "plain_text": "Entschuldigung. Diese Datei wurde leider nicht gefunden. Dies kann folgende Gründe haben: Sie verwenden ein altes Lesezeichen / alte Adresse. Über eine Suchmaschine haben Sie ein veraltetes Ergebnis angeklickt. Wechseln Sie bitte zur Startseite oder zur Suche, um die gewünschten Informationen zu erhalten.",
    "contacts": [],
    "forms": [],
    "links": [],
    "metadata": {
      "agent": "politik_landkreis",
      "type": "content",
      "source": "https://www.oldenburg-kreis.de/landkreis-und-verwaltung/kreisverwaltung/landrat/",
      "timestamp": "2025-10-29T11:07:42.055Z",
      "sectionType": "heading",
      "compressed": true,
      "compression_ratio": 1
    }
  },
  {
    "url": "https://www.oldenburg-kreis.de/landkreis-und-verwaltung/kreisverwaltung/landrat/",
    "title": "Landkreis Oldenburg",
    "content": "Entschuldigung. Diese Datei wurde leider nicht gefunden. Dies kann folgende Gründe haben: Wechseln Sie bitte zur Startseite oder zur Suche, um die gewünschten Informationen zu erhalten. • Sie verwenden ein altes Lesezeichen / alte Adresse. • Über eine Suchmaschine haben Sie ein veraltetes Ergebnis angeklickt.",
    "plain_text": "Entschuldigung. Diese Datei wurde leider nicht gefunden. Dies kann folgende Gründe haben: Wechseln Sie bitte zur Startseite oder zur Suche, um die gewünschten Informationen zu erhalten. • Sie verwenden ein altes Lesezeichen / alte Adresse. • Über eine Suchmaschine haben Sie ein veraltetes Ergebnis angeklickt.",
    "contacts": [],
    "forms": [],
    "links": [],
    "metadata": {
      "agent": "politik_landkreis",
      "type": "content",
      "source": "https://www.oldenburg-kreis.de/landkreis-und-verwaltung/kreisverwaltung/landrat/",
      "timestamp": "2025-10-29T11:07:42.055Z",
      "sectionType": "fallback",
      "compressed": true,
      "compression_ratio": 1
    }
  },
  {
    "url": "https://www.oldenburg-kreis.de/landkreis-und-verwaltung/kreistag/kreistagsmitglieder/",
    "title": "Unbekannt",
    "content": "Unbekannt",
    "plain_text": "Unbekannt",
    "contacts": [
      {
        "type": "phone",
        "value": "15000"
      }
    ],
    "forms": [],
    "links": [],
    "metadata": {
      "agent": "politik_landkreis",
      "type": "contact",
      "source": "https://www.oldenburg-kreis.de/landkreis-und-verwaltung/kreistag/kreistagsmitglieder/",
      "timestamp": "2025-10-29T11:07:42.055Z",
      "compressed": true,
      "compression_ratio": 1
    }
  },
  {
    "url": "https://www.oldenburg-kreis.de/landkreis-und-verwaltung/kreistag/kreistagsmitglieder/",
    "title": "Die Datei wurde nicht gefunden.",
    "content": "Entschuldigung. Diese Datei wurde leider nicht gefunden. Dies kann folgende Gründe haben: Sie verwenden ein altes Lesezeichen / alte Adresse. Über eine Suchmaschine haben Sie ein veraltetes Ergebnis angeklickt. Wechseln Sie bitte zur Startseite oder zur Suche, um die gewünschten Informationen zu erhalten.",
    "plain_text": "Entschuldigung. Diese Datei wurde leider nicht gefunden. Dies kann folgende Gründe haben: Sie verwenden ein altes Lesezeichen / alte Adresse. Über eine Suchmaschine haben Sie ein veraltetes Ergebnis angeklickt. Wechseln Sie bitte zur Startseite oder zur Suche, um die gewünschten Informationen zu erhalten.",
    "contacts": [],
    "forms": [],
    "links": [],
    "metadata": {
      "agent": "politik_landkreis",
      "type": "content",
      "source": "https://www.oldenburg-kreis.de/landkreis-und-verwaltung/kreistag/kreistagsmitglieder/",
      "timestamp": "2025-10-29T11:07:42.055Z",
      "sectionType": "heading",
      "compressed": true,
      "compression_ratio": 1
    }
  },
  {
    "url": "https://www.oldenburg-kreis.de/landkreis-und-verwaltung/kreistag/kreistagsmitglieder/",
    "title": "Landkreis Oldenburg",
    "content": "Entschuldigung. Diese Datei wurde leider nicht gefunden. Dies kann folgende Gründe haben: Wechseln Sie bitte zur Startseite oder zur Suche, um die gewünschten Informationen zu erhalten. • Sie verwenden ein altes Lesezeichen / alte Adresse. • Über eine Suchmaschine haben Sie ein veraltetes Ergebnis angeklickt.",
    "plain_text": "Entschuldigung. Diese Datei wurde leider nicht gefunden. Dies kann folgende Gründe haben: Wechseln Sie bitte zur Startseite oder zur Suche, um die gewünschten Informationen zu erhalten. • Sie verwenden ein altes Lesezeichen / alte Adresse. • Über eine Suchmaschine haben Sie ein veraltetes Ergebnis angeklickt.",
    "contacts": [],
    "forms": [],
    "links": [],
    "metadata": {
      "agent": "politik_landkreis",
      "type": "content",
      "source": "https://www.oldenburg-kreis.de/landkreis-und-verwaltung/kreistag/kreistagsmitglieder/",
      "timestamp": "2025-10-29T11:07:42.055Z",
      "sectionType": "fallback",
      "compressed": true,
      "compression_ratio": 1
    }
  },
  {
    "url": "https://www.oldenburg-kreis.de/landkreis-und-verwaltung/kreistag/gremien/",
    "title": "Unbekannt",
    "content": "Unbekannt",
    "plain_text": "Unbekannt",
    "contacts": [
      {
        "type": "phone",
        "value": "15000"
      }
    ],
    "forms": [],
    "links": [],
    "metadata": {
      "agent": "politik_landkreis",
      "type": "contact",
      "source": "https://www.oldenburg-kreis.de/landkreis-und-verwaltung/kreistag/gremien/",
      "timestamp": "2025-10-29T11:07:42.055Z",
      "compressed": true,
      "compression_ratio": 1
    }
  },
  {
    "url": "https://www.oldenburg-kreis.de/landkreis-und-verwaltung/kreistag/gremien/",
    "title": "Die Datei wurde nicht gefunden.",
    "content": "Entschuldigung. Diese Datei wurde leider nicht gefunden. Dies kann folgende Gründe haben: Sie verwenden ein altes Lesezeichen / alte Adresse. Über eine Suchmaschine haben Sie ein veraltetes Ergebnis angeklickt. Wechseln Sie bitte zur Startseite oder zur Suche, um die gewünschten Informationen zu erhalten.",
    "plain_text": "Entschuldigung. Diese Datei wurde leider nicht gefunden. Dies kann folgende Gründe haben: Sie verwenden ein altes Lesezeichen / alte Adresse. Über eine Suchmaschine haben Sie ein veraltetes Ergebnis angeklickt. Wechseln Sie bitte zur Startseite oder zur Suche, um die gewünschten Informationen zu erhalten.",
    "contacts": [],
    "forms": [],
    "links": [],
    "metadata": {
      "agent": "politik_landkreis",
      "type": "content",
      "source": "https://www.oldenburg-kreis.de/landkreis-und-verwaltung/kreistag/gremien/",
      "timestamp": "2025-10-29T11:07:42.055Z",
      "sectionType": "heading",
      "compressed": true,
      "compression_ratio": 1
    }
  },
  {
    "url": "https://www.oldenburg-kreis.de/landkreis-und-verwaltung/kreistag/gremien/",
    "title": "Landkreis Oldenburg",
    "content": "Entschuldigung. Diese Datei wurde leider nicht gefunden. Dies kann folgende Gründe haben: Wechseln Sie bitte zur Startseite oder zur Suche, um die gewünschten Informationen zu erhalten. • Sie verwenden ein altes Lesezeichen / alte Adresse. • Über eine Suchmaschine haben Sie ein veraltetes Ergebnis angeklickt.",
    "plain_text": "Entschuldigung. Diese Datei wurde leider nicht gefunden. Dies kann folgende Gründe haben: Wechseln Sie bitte zur Startseite oder zur Suche, um die gewünschten Informationen zu erhalten. • Sie verwenden ein altes Lesezeichen / alte Adresse. • Über eine Suchmaschine haben Sie ein veraltetes Ergebnis angeklickt.",
    "contacts": [],
    "forms": [],
    "links": [],
    "metadata": {
      "agent": "politik_landkreis",
      "type": "content",
      "source": "https://www.oldenburg-kreis.de/landkreis-und-verwaltung/kreistag/gremien/",
      "timestamp": "2025-10-29T11:07:42.055Z",
      "sectionType": "fallback",
      "compressed": true,
      "compression_ratio": 1
    }
  },
  {
    "url": "https://www.oldenburg-kreis.de/landkreis-und-verwaltung/kreisverwaltung/kreisorgane/",
    "title": "Unbekannt",
    "content": "Unbekannt",
    "plain_text": "Unbekannt",
    "contacts": [
      {
        "type": "phone",
        "value": "15000"
      }
    ],
    "forms": [],
    "links": [],
    "metadata": {
      "agent": "politik_landkreis",
      "type": "contact",
      "source": "https://www.oldenburg-kreis.de/landkreis-und-verwaltung/kreisverwaltung/kreisorgane/",
      "timestamp": "2025-10-29T11:07:42.055Z",
      "compressed": true,
      "compression_ratio": 1
    }
  },
  {
    "url": "https://www.oldenburg-kreis.de/landkreis-und-verwaltung/kreisverwaltung/kreisorgane/",
    "title": "Die Datei wurde nicht gefunden.",
    "content": "Entschuldigung. Diese Datei wurde leider nicht gefunden. Dies kann folgende Gründe haben: Sie verwenden ein altes Lesezeichen / alte Adresse. Über eine Suchmaschine haben Sie ein veraltetes Ergebnis angeklickt. Wechseln Sie bitte zur Startseite oder zur Suche, um die gewünschten Informationen zu erhalten.",
    "plain_text": "Entschuldigung. Diese Datei wurde leider nicht gefunden. Dies kann folgende Gründe haben: Sie verwenden ein altes Lesezeichen / alte Adresse. Über eine Suchmaschine haben Sie ein veraltetes Ergebnis angeklickt. Wechseln Sie bitte zur Startseite oder zur Suche, um die gewünschten Informationen zu erhalten.",
    "contacts": [],
    "forms": [],
    "links": [],
    "metadata": {
      "agent": "politik_landkreis",
      "type": "content",
      "source": "https://www.oldenburg-kreis.de/landkreis-und-verwaltung/kreisverwaltung/kreisorgane/",
      "timestamp": "2025-10-29T11:07:42.055Z",
      "sectionType": "heading",
      "compressed": true,
      "compression_ratio": 1
    }
  },
  {
    "url": "https://www.oldenburg-kreis.de/landkreis-und-verwaltung/kreisverwaltung/kreisorgane/",
    "title": "Landkreis Oldenburg",
    "content": "Entschuldigung. Diese Datei wurde leider nicht gefunden. Dies kann folgende Gründe haben: Wechseln Sie bitte zur Startseite oder zur Suche, um die gewünschten Informationen zu erhalten. • Sie verwenden ein altes Lesezeichen / alte Adresse. • Über eine Suchmaschine haben Sie ein veraltetes Ergebnis angeklickt.",
    "plain_text": "Entschuldigung. Diese Datei wurde leider nicht gefunden. Dies kann folgende Gründe haben: Wechseln Sie bitte zur Startseite oder zur Suche, um die gewünschten Informationen zu erhalten. • Sie verwenden ein altes Lesezeichen / alte Adresse. • Über eine Suchmaschine haben Sie ein veraltetes Ergebnis angeklickt.",
    "contacts": [],
    "forms": [],
    "links": [],
    "metadata": {
      "agent": "politik_landkreis",
      "type": "content",
      "source": "https://www.oldenburg-kreis.de/landkreis-und-verwaltung/kreisverwaltung/kreisorgane/",
      "timestamp": "2025-10-29T11:07:42.055Z",
      "sectionType": "fallback",
      "compressed": true,
      "compression_ratio": 1
    }
  },
  {
    "url": "https://oldenburg-kreis.ratsinfomanagement.net/news",
    "title": "News",
    "content": "News Ämter/Dezernate Gremien Fraktionen Personen Vorlagen Sitzungen Recherche Dokumente",
    "plain_text": "News Ämter/Dezernate Gremien Fraktionen Personen Vorlagen Sitzungen Recherche Dokumente",
    "contacts": [],
    "forms": [],
    "links": [
      {
        "title": "News",
        "url": "https://oldenburg-kreis.ratsinfomanagement.net/news",
        "valid": true
      }
    ],
    "metadata": {
      "agent": "politik_landkreis",
      "type": "link",
      "source": "https://oldenburg-kreis.ratsinfomanagement.net/personen/",
      "timestamp": "2025-10-29T11:07:42.055Z",
      "compressed": true,
      "compression_ratio": 1
    }
  },
  {
    "url": "https://oldenburg-kreis.ratsinfomanagement.net/aemter",
    "title": "Ämter/Dezernate",
    "content": "News Ämter/Dezernate Gremien Fraktionen Personen Vorlagen Sitzungen Recherche Dokumente",
    "plain_text": "News Ämter/Dezernate Gremien Fraktionen Personen Vorlagen Sitzungen Recherche Dokumente",
    "contacts": [],
    "forms": [],
    "links": [
      {
        "title": "Ämter/Dezernate",
        "url": "https://oldenburg-kreis.ratsinfomanagement.net/aemter",
        "valid": true
      }
    ],
    "metadata": {
      "agent": "politik_landkreis",
      "type": "link",
      "source": "https://oldenburg-kreis.ratsinfomanagement.net/personen/",
      "timestamp": "2025-10-29T11:07:42.055Z",
      "compressed": true,
      "compression_ratio": 1
    }
  },
  {
    "url": "https://oldenburg-kreis.ratsinfomanagement.net/gremien",
    "title": "Gremien",
    "content": "News Ämter/Dezernate Gremien Fraktionen Personen Vorlagen Sitzungen Recherche Dokumente",
    "plain_text": "News Ämter/Dezernate Gremien Fraktionen Personen Vorlagen Sitzungen Recherche Dokumente",
    "contacts": [],
    "forms": [],
    "links": [
      {
        "title": "Gremien",
        "url": "https://oldenburg-kreis.ratsinfomanagement.net/gremien",
        "valid": true
      }
    ],
    "metadata": {
      "agent": "politik_landkreis",
      "type": "link",
      "source": "https://oldenburg-kreis.ratsinfomanagement.net/personen/",
      "timestamp": "2025-10-29T11:07:42.055Z",
      "compressed": true,
      "compression_ratio": 1
    }
  },
  {
    "url": "https://oldenburg-kreis.ratsinfomanagement.net/fraktionen",
    "title": "Fraktionen",
    "content": "News Ämter/Dezernate Gremien Fraktionen Personen Vorlagen Sitzungen Recherche Dokumente",
    "plain_text": "News Ämter/Dezernate Gremien Fraktionen Personen Vorlagen Sitzungen Recherche Dokumente",
    "contacts": [],
    "forms": [],
    "links": [
      {
        "title": "Fraktionen",
        "url": "https://oldenburg-kreis.ratsinfomanagement.net/fraktionen",
        "valid": true
      }
    ],
    "metadata": {
      "agent": "politik_landkreis",
      "type": "link",
      "source": "https://oldenburg-kreis.ratsinfomanagement.net/personen/",
      "timestamp": "2025-10-29T11:07:42.055Z",
      "compressed": true,
      "compression_ratio": 1
    }
  },
  {
    "url": "https://oldenburg-kreis.ratsinfomanagement.net/personen",
    "title": "Personen",
    "content": "News Ämter/Dezernate Gremien Fraktionen Personen Vorlagen Sitzungen Recherche Dokumente",
    "plain_text": "News Ämter/Dezernate Gremien Fraktionen Personen Vorlagen Sitzungen Recherche Dokumente",
    "contacts": [],
    "forms": [],
    "links": [
      {
        "title": "Personen",
        "url": "https://oldenburg-kreis.ratsinfomanagement.net/personen",
        "valid": true
      }
    ],
    "metadata": {
      "agent": "politik_landkreis",
      "type": "link",
      "source": "https://oldenburg-kreis.ratsinfomanagement.net/personen/",
      "timestamp": "2025-10-29T11:07:42.055Z",
      "compressed": true,
      "compression_ratio": 1
    }
  },
  {
    "url": "https://oldenburg-kreis.ratsinfomanagement.net/vorlagen",
    "title": "Vorlagen",
    "content": "News Ämter/Dezernate Gremien Fraktionen Personen Vorlagen Sitzungen Recherche Dokumente",
    "plain_text": "News Ämter/Dezernate Gremien Fraktionen Personen Vorlagen Sitzungen Recherche Dokumente",
    "contacts": [],
    "forms": [],
    "links": [
      {
        "title": "Vorlagen",
        "url": "https://oldenburg-kreis.ratsinfomanagement.net/vorlagen",
        "valid": true
      }
    ],
    "metadata": {
      "agent": "politik_landkreis",
      "type": "link",
      "source": "https://oldenburg-kreis.ratsinfomanagement.net/personen/",
      "timestamp": "2025-10-29T11:07:42.055Z",
      "compressed": true,
      "compression_ratio": 1
    }
  },
  {
    "url": "https://oldenburg-kreis.ratsinfomanagement.net/termine",
    "title": "Sitzungen",
    "content": "News Ämter/Dezernate Gremien Fraktionen Personen Vorlagen Sitzungen Recherche Dokumente",
    "plain_text": "News Ämter/Dezernate Gremien Fraktionen Personen Vorlagen Sitzungen Recherche Dokumente",
    "contacts": [],
    "forms": [],
    "links": [
      {
        "title": "Sitzungen",
        "url": "https://oldenburg-kreis.ratsinfomanagement.net/termine",
        "valid": true
      }
    ],
    "metadata": {
      "agent": "politik_landkreis",
      "type": "link",
      "source": "https://oldenburg-kreis.ratsinfomanagement.net/personen/",
      "timestamp": "2025-10-29T11:07:42.055Z",
      "compressed": true,
      "compression_ratio": 1
    }
  },
  {
    "url": "https://oldenburg-kreis.ratsinfomanagement.net/recherche",
    "title": "Recherche",
    "content": "News Ämter/Dezernate Gremien Fraktionen Personen Vorlagen Sitzungen Recherche Dokumente",
    "plain_text": "News Ämter/Dezernate Gremien Fraktionen Personen Vorlagen Sitzungen Recherche Dokumente",
    "contacts": [],
    "forms": [],
    "links": [
      {
        "title": "Recherche",
        "url": "https://oldenburg-kreis.ratsinfomanagement.net/recherche",
        "valid": true
      }
    ],
    "metadata": {
      "agent": "politik_landkreis",
      "type": "link",
      "source": "https://oldenburg-kreis.ratsinfomanagement.net/personen/",
      "timestamp": "2025-10-29T11:07:42.055Z",
      "compressed": true,
      "compression_ratio": 1
    }
  },
  {
    "url": "https://oldenburg-kreis.ratsinfomanagement.net/diverses/downloads/1",
    "title": "Dokumente",
    "content": "News Ämter/Dezernate Gremien Fraktionen Personen Vorlagen Sitzungen Recherche Dokumente",
    "plain_text": "News Ämter/Dezernate Gremien Fraktionen Personen Vorlagen Sitzungen Recherche Dokumente",
    "contacts": [],
    "forms": [],
    "links": [
      {
        "title": "Dokumente",
        "url": "https://oldenburg-kreis.ratsinfomanagement.net/diverses/downloads/1",
        "valid": true
      }
    ],
    "metadata": {
      "agent": "politik_landkreis",
      "type": "link",
      "source": "https://oldenburg-kreis.ratsinfomanagement.net/personen/",
      "timestamp": "2025-10-29T11:07:42.055Z",
      "compressed": true,
      "compression_ratio": 1
    }
  },
  {
    "url": "https://oldenburg-kreis.ratsinfomanagement.net/kennwort?__=UGhVM0hpd2NXNFdFcExjZQ4rVHVtuI-BnC7-z0MspoU",
    "title": "Kennwort vergessen?",
    "content": "Kennwort vergessen?",
    "plain_text": "Kennwort vergessen?",
    "contacts": [],
    "forms": [],
    "links": [
      {
        "title": "Kennwort vergessen?",
        "url": "https://oldenburg-kreis.ratsinfomanagement.net/kennwort?__=UGhVM0hpd2NXNFdFcExjZQ4rVHVtuI-BnC7-z0MspoU",
        "valid": true
      }
    ],
    "metadata": {
      "agent": "politik_landkreis",
      "type": "link",
      "source": "https://oldenburg-kreis.ratsinfomanagement.net/personen/",
      "timestamp": "2025-10-29T11:07:42.055Z",
      "compressed": true,
      "compression_ratio": 1
    }
  },
  {
    "url": "https://oldenburg-kreis.ratsinfomanagement.net/personen/?__=UGhVM0hpd2NXNFdFcExjZU9kwEGKSP7LxsmmwmqoaRs",
    "title": "Alle",
    "content": "Alle",
    "plain_text": "Alle",
    "contacts": [],
    "forms": [],
    "links": [
      {
        "title": "Alle",
        "url": "https://oldenburg-kreis.ratsinfomanagement.net/personen/?__=UGhVM0hpd2NXNFdFcExjZU9kwEGKSP7LxsmmwmqoaRs",
        "valid": true
      }
    ],
    "metadata": {
      "agent": "politik_landkreis",
      "type": "link",
      "source": "https://oldenburg-kreis.ratsinfomanagement.net/personen/",
      "timestamp": "2025-10-29T11:07:42.055Z",
      "compressed": true,
      "compression_ratio": 1
    }
  },
  {
    "url": "https://oldenburg-kreis.ratsinfomanagement.net/personen/?__=UGhVM0hpd2NXNFdFcExjZSAjO6YXJqGa9qpYQ097DUI",
    "title": "A",
    "content": "A",
    "plain_text": "A",
    "contacts": [],
    "forms": [],
    "links": [
      {
        "title": "A",
        "url": "https://oldenburg-kreis.ratsinfomanagement.net/personen/?__=UGhVM0hpd2NXNFdFcExjZSAjO6YXJqGa9qpYQ097DUI",
        "valid": true
      }
    ],
    "metadata": {
      "agent": "politik_landkreis",
      "type": "link",
      "source": "https://oldenburg-kreis.ratsinfomanagement.net/personen/",
      "timestamp": "2025-10-29T11:07:42.055Z",
      "compressed": true,
      "compression_ratio": 1
    }
  },
  {
    "url": "https://oldenburg-kreis.ratsinfomanagement.net/personen/?__=UGhVM0hpd2NXNFdFcExjZTz1RHfWajsBBL5eM1kRXZ0",
    "title": "B",
    "content": "B",
    "plain_text": "B",
    "contacts": [],
    "forms": [],
    "links": [
      {
        "title": "B",
        "url": "https://oldenburg-kreis.ratsinfomanagement.net/personen/?__=UGhVM0hpd2NXNFdFcExjZTz1RHfWajsBBL5eM1kRXZ0",
        "valid": true
      }
    ],
    "metadata": {
      "agent": "politik_landkreis",
      "type": "link",
      "source": "https://oldenburg-kreis.ratsinfomanagement.net/personen/",
      "timestamp": "2025-10-29T11:07:42.055Z",
      "compressed": true,
      "compression_ratio": 1
    }
  },
  {
    "url": "https://oldenburg-kreis.ratsinfomanagement.net/personen/?__=UGhVM0hpd2NXNFdFcExjZQbLQwRhELQKMCVsW5gnurA",
    "title": "D",
    "content": "D",
    "plain_text": "D",
    "contacts": [],
    "forms": [],
    "links": [
      {
        "title": "D",
        "url": "https://oldenburg-kreis.ratsinfomanagement.net/personen/?__=UGhVM0hpd2NXNFdFcExjZQbLQwRhELQKMCVsW5gnurA",
        "valid": true
      }
    ],
    "metadata": {
      "agent": "politik_landkreis",
      "type": "link",
      "source": "https://oldenburg-kreis.ratsinfomanagement.net/personen/",
      "timestamp": "2025-10-29T11:07:42.055Z",
      "compressed": true,
      "compression_ratio": 1
    }
  },
  {
    "url": "https://oldenburg-kreis.ratsinfomanagement.net/personen/?__=UGhVM0hpd2NXNFdFcExjZWf6X8pAT7vakpGfsWN8xXI",
    "title": "F",
    "content": "F",
    "plain_text": "F",
    "contacts": [],
    "forms": [],
    "links": [
      {
        "title": "F",
        "url": "https://oldenburg-kreis.ratsinfomanagement.net/personen/?__=UGhVM0hpd2NXNFdFcExjZWf6X8pAT7vakpGfsWN8xXI",
        "valid": true
      }
    ],
    "metadata": {
      "agent": "politik_landkreis",
      "type": "link",
      "source": "https://oldenburg-kreis.ratsinfomanagement.net/personen/",
      "timestamp": "2025-10-29T11:07:42.055Z",
      "compressed": true,
      "compression_ratio": 1
    }
  },
  {
    "url": "https://oldenburg-kreis.ratsinfomanagement.net/personen/?__=UGhVM0hpd2NXNFdFcExjZfjmHHTssDYD-PfaqiW5iBA",
    "title": "G",
    "content": "G",
    "plain_text": "G",
    "contacts": [],
    "forms": [],
    "links": [
      {
        "title": "G",
        "url": "https://oldenburg-kreis.ratsinfomanagement.net/personen/?__=UGhVM0hpd2NXNFdFcExjZfjmHHTssDYD-PfaqiW5iBA",
        "valid": true
      }
    ],
    "metadata": {
      "agent": "politik_landkreis",
      "type": "link",
      "source": "https://oldenburg-kreis.ratsinfomanagement.net/personen/",
      "timestamp": "2025-10-29T11:07:42.055Z",
      "compressed": true,
      "compression_ratio": 1
    }
  },
  {
    "url": "https://oldenburg-kreis.ratsinfomanagement.net/personen/?__=UGhVM0hpd2NXNFdFcExjZThyj2miJxszm63RAZQS3gQ",
    "title": "H",
    "content": "H",
    "plain_text": "H",
    "contacts": [],
    "forms": [],
    "links": [
      {
        "title": "H",
        "url": "https://oldenburg-kreis.ratsinfomanagement.net/personen/?__=UGhVM0hpd2NXNFdFcExjZThyj2miJxszm63RAZQS3gQ",
        "valid": true
      }
    ],
    "metadata": {
      "agent": "politik_landkreis",
      "type": "link",
      "source": "https://oldenburg-kreis.ratsinfomanagement.net/personen/",
      "timestamp": "2025-10-29T11:07:42.055Z",
      "compressed": true,
      "compression_ratio": 1
    }
  },
  {
    "url": "https://oldenburg-kreis.ratsinfomanagement.net/personen/?__=UGhVM0hpd2NXNFdFcExjZUdKpTpXYcRxhxER2XtRktY",
    "title": "J",
    "content": "J",
    "plain_text": "J",
    "contacts": [],
    "forms": [],
    "links": [
      {
        "title": "J",
        "url": "https://oldenburg-kreis.ratsinfomanagement.net/personen/?__=UGhVM0hpd2NXNFdFcExjZUdKpTpXYcRxhxER2XtRktY",
        "valid": true
      }
    ],
    "metadata": {
      "agent": "politik_landkreis",
      "type": "link",
      "source": "https://oldenburg-kreis.ratsinfomanagement.net/personen/",
      "timestamp": "2025-10-29T11:07:42.055Z",
      "compressed": true,
      "compression_ratio": 1
    }
  },
  {
    "url": "https://oldenburg-kreis.ratsinfomanagement.net/personen/?__=UGhVM0hpd2NXNFdFcExjZSAoEGfg-EL_aMGEnQcwhIU",
    "title": "K",
    "content": "K",
    "plain_text": "K",
    "contacts": [],
    "forms": [],
    "links": [
      {
        "title": "K",
        "url": "https://oldenburg-kreis.ratsinfomanagement.net/personen/?__=UGhVM0hpd2NXNFdFcExjZSAoEGfg-EL_aMGEnQcwhIU",
        "valid": true
      }
    ],
    "metadata": {
      "agent": "politik_landkreis",
      "type": "link",
      "source": "https://oldenburg-kreis.ratsinfomanagement.net/personen/",
      "timestamp": "2025-10-29T11:07:42.055Z",
      "compressed": true,
      "compression_ratio": 1
    }
  },
  {
    "url": "https://oldenburg-kreis.ratsinfomanagement.net/personen/?__=UGhVM0hpd2NXNFdFcExjZXHimD_GrTkUpE2lSB4_sic",
    "title": "L",
    "content": "L",
    "plain_text": "L",
    "contacts": [],
    "forms": [],
    "links": [
      {
        "title": "L",
        "url": "https://oldenburg-kreis.ratsinfomanagement.net/personen/?__=UGhVM0hpd2NXNFdFcExjZXHimD_GrTkUpE2lSB4_sic",
        "valid": true
      }
    ],
    "metadata": {
      "agent": "politik_landkreis",
      "type": "link",
      "source": "https://oldenburg-kreis.ratsinfomanagement.net/personen/",
      "timestamp": "2025-10-29T11:07:42.055Z",
      "compressed": true,
      "compression_ratio": 1
    }
  },
  {
    "url": "https://oldenburg-kreis.ratsinfomanagement.net/personen/?__=UGhVM0hpd2NXNFdFcExjZSrrTUK45ejziOKdM1WGZqw",
    "title": "M",
    "content": "M",
    "plain_text": "M",
    "contacts": [],
    "forms": [],
    "links": [
      {
        "title": "M",
        "url": "https://oldenburg-kreis.ratsinfomanagement.net/personen/?__=UGhVM0hpd2NXNFdFcExjZSrrTUK45ejziOKdM1WGZqw",
        "valid": true
      }
    ],
    "metadata": {
      "agent": "politik_landkreis",
      "type": "link",
      "source": "https://oldenburg-kreis.ratsinfomanagement.net/personen/",
      "timestamp": "2025-10-29T11:07:42.055Z",
      "compressed": true,
      "compression_ratio": 1
    }
  },
  {
    "url": "https://oldenburg-kreis.ratsinfomanagement.net/personen/?__=UGhVM0hpd2NXNFdFcExjZabEjTOA555vsHbfJoJP4uA",
    "title": "N",
    "content": "N",
    "plain_text": "N",
    "contacts": [],
    "forms": [],
    "links": [
      {
        "title": "N",
        "url": "https://oldenburg-kreis.ratsinfomanagement.net/personen/?__=UGhVM0hpd2NXNFdFcExjZabEjTOA555vsHbfJoJP4uA",
        "valid": true
      }
    ],
    "metadata": {
      "agent": "politik_landkreis",
      "type": "link",
      "source": "https://oldenburg-kreis.ratsinfomanagement.net/personen/",
      "timestamp": "2025-10-29T11:07:42.055Z",
      "compressed": true,
      "compression_ratio": 1
    }
  },
  {
    "url": "https://oldenburg-kreis.ratsinfomanagement.net/personen/?__=UGhVM0hpd2NXNFdFcExjZXMucDq0EP3j3WKdmJbTgoQ",
    "title": "O",
    "content": "O",
    "plain_text": "O",
    "contacts": [],
    "forms": [],
    "links": [
      {
        "title": "O",
        "url": "https://oldenburg-kreis.ratsinfomanagement.net/personen/?__=UGhVM0hpd2NXNFdFcExjZXMucDq0EP3j3WKdmJbTgoQ",
        "valid": true
      }
    ],
    "metadata": {
      "agent": "politik_landkreis",
      "type": "link",
      "source": "https://oldenburg-kreis.ratsinfomanagement.net/personen/",
      "timestamp": "2025-10-29T11:07:42.055Z",
      "compressed": true,
      "compression_ratio": 1
    }
  },
  {
    "url": "https://oldenburg-kreis.ratsinfomanagement.net/personen/?__=UGhVM0hpd2NXNFdFcExjZSLO1K8QjtQu-2gP8chn82o",
    "title": "P",
    "content": "P",
    "plain_text": "P",
    "contacts": [],
    "forms": [],
    "links": [
      {
        "title": "P",
        "url": "https://oldenburg-kreis.ratsinfomanagement.net/personen/?__=UGhVM0hpd2NXNFdFcExjZSLO1K8QjtQu-2gP8chn82o",
        "valid": true
      }
    ],
    "metadata": {
      "agent": "politik_landkreis",
      "type": "link",
      "source": "https://oldenburg-kreis.ratsinfomanagement.net/personen/",
      "timestamp": "2025-10-29T11:07:42.055Z",
      "compressed": true,
      "compression_ratio": 1
    }
  },
  {
    "url": "https://oldenburg-kreis.ratsinfomanagement.net/personen/?__=UGhVM0hpd2NXNFdFcExjZVN-A90IBnHKdaJWwcnwPhA",
    "title": "R",
    "content": "R",
    "plain_text": "R",
    "contacts": [],
    "forms": [],
    "links": [
      {
        "title": "R",
        "url": "https://oldenburg-kreis.ratsinfomanagement.net/personen/?__=UGhVM0hpd2NXNFdFcExjZVN-A90IBnHKdaJWwcnwPhA",
        "valid": true
      }
    ],
    "metadata": {
      "agent": "politik_landkreis",
      "type": "link",
      "source": "https://oldenburg-kreis.ratsinfomanagement.net/personen/",
      "timestamp": "2025-10-29T11:07:42.055Z",
      "compressed": true,
      "compression_ratio": 1
    }
  },
  {
    "url": "https://oldenburg-kreis.ratsinfomanagement.net/personen/?__=UGhVM0hpd2NXNFdFcExjZQhZgd7Y2Elv0tbE9NeyeF4",
    "title": "S",
    "content": "S",
    "plain_text": "S",
    "contacts": [],
    "forms": [],
    "links": [
      {
        "title": "S",
        "url": "https://oldenburg-kreis.ratsinfomanagement.net/personen/?__=UGhVM0hpd2NXNFdFcExjZQhZgd7Y2Elv0tbE9NeyeF4",
        "valid": true
      }
    ],
    "metadata": {
      "agent": "politik_landkreis",
      "type": "link",
      "source": "https://oldenburg-kreis.ratsinfomanagement.net/personen/",
      "timestamp": "2025-10-29T11:07:42.055Z",
      "compressed": true,
      "compression_ratio": 1
    }
  },
  {
    "url": "https://oldenburg-kreis.ratsinfomanagement.net/personen/?__=UGhVM0hpd2NXNFdFcExjZWsEv_mO9rTZjABv_L8te-c",
    "title": "T",
    "content": "T",
    "plain_text": "T",
    "contacts": [],
    "forms": [],
    "links": [
      {
        "title": "T",
        "url": "https://oldenburg-kreis.ratsinfomanagement.net/personen/?__=UGhVM0hpd2NXNFdFcExjZWsEv_mO9rTZjABv_L8te-c",
        "valid": false
      }
    ],
    "metadata": {
      "agent": "politik_landkreis",
      "type": "link",
      "source": "https://oldenburg-kreis.ratsinfomanagement.net/personen/",
      "timestamp": "2025-10-29T11:07:42.055Z",
      "compressed": true,
      "compression_ratio": 1
    }
  },
  {
    "url": "https://oldenburg-kreis.ratsinfomanagement.net/personen/?__=UGhVM0hpd2NXNFdFcExjZcYSHXON42NJxYJVryjV7uk",
    "title": "V",
    "content": "V",
    "plain_text": "V",
    "contacts": [],
    "forms": [],
    "links": [
      {
        "title": "V",
        "url": "https://oldenburg-kreis.ratsinfomanagement.net/personen/?__=UGhVM0hpd2NXNFdFcExjZcYSHXON42NJxYJVryjV7uk",
        "valid": true
      }
    ],
    "metadata": {
      "agent": "politik_landkreis",
      "type": "link",
      "source": "https://oldenburg-kreis.ratsinfomanagement.net/personen/",
      "timestamp": "2025-10-29T11:07:42.055Z",
      "compressed": true,
      "compression_ratio": 1
    }
  },
  {
    "url": "https://oldenburg-kreis.ratsinfomanagement.net/personen/?__=UGhVM0hpd2NXNFdFcExjZXFspm8uHbjR6M1eB1se-us",
    "title": "W",
    "content": "W",
    "plain_text": "W",
    "contacts": [],
    "forms": [],
    "links": [
      {
        "title": "W",
        "url": "https://oldenburg-kreis.ratsinfomanagement.net/personen/?__=UGhVM0hpd2NXNFdFcExjZXFspm8uHbjR6M1eB1se-us",
        "valid": true
      }
    ],
    "metadata": {
      "agent": "politik_landkreis",
      "type": "link",
      "source": "https://oldenburg-kreis.ratsinfomanagement.net/personen/",
      "timestamp": "2025-10-29T11:07:42.055Z",
      "compressed": true,
      "compression_ratio": 1
    }
  },
  {
    "url": "https://oldenburg-kreis.ratsinfomanagement.net/personen/?__=UGhVM0hpd2NXNFdFcExjZX1yUbI5-9w5_iLbVjodXss",
    "title": "Z",
    "content": "Z",
    "plain_text": "Z",
    "contacts": [],
    "forms": [],
    "links": [
      {
        "title": "Z",
        "url": "https://oldenburg-kreis.ratsinfomanagement.net/personen/?__=UGhVM0hpd2NXNFdFcExjZX1yUbI5-9w5_iLbVjodXss",
        "valid": true
      }
    ],
    "metadata": {
      "agent": "politik_landkreis",
      "type": "link",
      "source": "https://oldenburg-kreis.ratsinfomanagement.net/personen/",
      "timestamp": "2025-10-29T11:07:42.055Z",
      "compressed": true,
      "compression_ratio": 1
    }
  },
  {
    "url": "https://oldenburg-kreis.ratsinfomanagement.net/recherche",
    "title": "recherche",
    "content": "recherche",
    "plain_text": "recherche",
    "contacts": [],
    "forms": [
      {
        "type": "form",
        "title": "Formular",
        "url": "https://oldenburg-kreis.ratsinfomanagement.net/recherche",
        "valid": true
      }
    ],
    "links": [],
    "metadata": {
      "agent": "politik_landkreis",
      "type": "form",
      "source": "https://oldenburg-kreis.ratsinfomanagement.net/personen/",
      "timestamp": "2025-10-29T11:07:42.055Z",
      "compressed": true,
      "compression_ratio": 1
    }
  },
  {
    "url": "https://oldenburg-kreis.ratsinfomanagement.net/",
    "title": "Unbekannt",
    "content": "Unbekannt",
    "plain_text": "Unbekannt",
    "contacts": [],
    "forms": [
      {
        "type": "form",
        "title": "Formular",
        "url": "https://oldenburg-kreis.ratsinfomanagement.net/",
        "valid": true
      }
    ],
    "links": [],
    "metadata": {
      "agent": "politik_landkreis",
      "type": "form",
      "source": "https://oldenburg-kreis.ratsinfomanagement.net/personen/",
      "timestamp": "2025-10-29T11:07:42.055Z",
      "compressed": true,
      "compression_ratio": 1
    }
  },
  {
    "url": "https://oldenburg-kreis.ratsinfomanagement.net/personen/",
    "title": "Unbekannt",
    "content": "Unbekannt",
    "plain_text": "Unbekannt",
    "contacts": [],
    "forms": [
      {
        "type": "form",
        "title": "Formular",
        "url": "https://oldenburg-kreis.ratsinfomanagement.net/personen/",
        "valid": true
      }
    ],
    "links": [],
    "metadata": {
      "agent": "politik_landkreis",
      "type": "form",
      "source": "https://oldenburg-kreis.ratsinfomanagement.net/personen/",
      "timestamp": "2025-10-29T11:07:42.055Z",
      "compressed": true,
      "compression_ratio": 1
    }
  },
  {
    "url": "https://oldenburg-kreis.ratsinfomanagement.net/personen/",
    "title": "Personen",
    "content": "Recherche für Bürger, Politik und Verwaltung. An dieser Stelle können Sie sich alle aktiven Mandatsträger anzeigen lassen. Nutzen Sie das Auswahlformular, um Ihre Suche einzugrenzen. Der Buchstabenindex erleichtert die Navigation. Sie können zwischen den einzelnen Indizes hin- und herwechseln. Mit \"Alle\" gelangen Sie zurück zur Ausgangsübersicht. Über die markierten Titel der Überschrift können Sie die einzelnen Informationsspalten auf- und absteigend sortieren.",
    "plain_text": "Recherche für Bürger, Politik und Verwaltung. An dieser Stelle können Sie sich alle aktiven Mandatsträger anzeigen lassen. Nutzen Sie das Auswahlformular, um Ihre Suche einzugrenzen. Der Buchstabenindex erleichtert die Navigation. Sie können zwischen den einzelnen Indizes hin- und herwechseln. Mit \"Alle\" gelangen Sie zurück zur Ausgangsübersicht. Über die markierten Titel der Überschrift können Sie die einzelnen Informationsspalten auf- und absteigend sortieren.",
    "contacts": [],
    "forms": [],
    "links": [],
    "metadata": {
      "agent": "politik_landkreis",
      "type": "content",
      "source": "https://oldenburg-kreis.ratsinfomanagement.net/personen/",
      "timestamp": "2025-10-29T11:07:42.055Z",
      "sectionType": "main",
      "compressed": true,
      "compression_ratio": 1
    }
  },
  {
    "url": "https://oldenburg-kreis.ratsinfomanagement.net/fraktionen/?__=UGhVM0hpd2NXNFdFcExjZd8eH7-8qJQyybSesrBhQF5XM0luS9xNzP_aveQgS0VTVWMqS0evzRn7tjeBk7fiOg",
    "title": "Fraktion",
    "content": "Kreistagsinformationssystem Recherche für Bürger, Politik und Verwaltung. Bildmotiv in dieser Region: Bilck aus der Vogelperspektive auf das von Bäumen umgebene Kreishaus des Landkreises Oldenburg. Bild: © Landkreis Oldenburg Kreistagsinformationssystem » en Startseite News Ämter/Dezernate Gremien Fraktionen Personen Vorlagen Sitzungen Recherche Dokumente Anmeldung Benutzername Kennwort Kennwort vergessen? Fraktionen Diese Übersicht enthält alle Fraktionen des Landkreises Oldenburg.Über die markierten Titel der Überschrift können Sie die einzelnen Informationsspalten auf- und absteigend sortieren. Kreistagsfraktionen und -gruppenFraktionMitglieder",
    "plain_text": "Kreistagsinformationssystem Recherche für Bürger, Politik und Verwaltung. Bildmotiv in dieser Region: Bilck aus der Vogelperspektive auf das von Bäumen umgebene Kreishaus des Landkreises Oldenburg. Bild: © Landkreis Oldenburg Kreistagsinformationssystem » en Startseite News Ämter/Dezernate Gremien Fraktionen Personen Vorlagen Sitzungen Recherche Dokumente Anmeldung Benutzername Kennwort Kennwort vergessen? Fraktionen Diese Übersicht enthält alle Fraktionen des Landkreises Oldenburg.Über die markierten Titel der Überschrift können Sie die einzelnen Informationsspalten auf- und absteigend sortieren. Kreistagsfraktionen und -gruppenFraktionMitglieder",
    "contacts": [],
    "forms": [],
    "links": [
      {
        "title": "Fraktion",
        "url": "https://oldenburg-kreis.ratsinfomanagement.net/fraktionen/?__=UGhVM0hpd2NXNFdFcExjZd8eH7-8qJQyybSesrBhQF5XM0luS9xNzP_aveQgS0VTVWMqS0evzRn7tjeBk7fiOg",
        "valid": true
      }
    ],
    "metadata": {
      "agent": "politik_landkreis",
      "type": "link",
      "source": "https://oldenburg-kreis.ratsinfomanagement.net/fraktionen/",
      "timestamp": "2025-10-29T11:07:42.055Z",
      "compressed": true,
      "compression_ratio": 1
    }
  },
  {
    "url": "https://oldenburg-kreis.ratsinfomanagement.net/fraktionen/?__=UGhVM0hpd2NXNFdFcExjZd8eH7-8qJQyybSesrBhQF5XM0luS9xNzP_aveQgS0VTeEvK82s24izHk52Aawoy_b9e2qUIB9WR61S6z4Lnmxs",
    "title": "Mitglieder",
    "content": "» Fraktionen Startseite News Ämter/Dezernate Gremien Fraktionen Personen Vorlagen Sitzungen Recherche Dokumente Anmeldung Benutzername Kennwort Kennwort vergessen? Fraktionen Diese Übersicht enthält alle Fraktionen des Landkreises Oldenburg.Über die markierten Titel der Überschrift können Sie die einzelnen Informationsspalten auf- und absteigend sortieren. Kreistagsfraktionen und -gruppenFraktion CDU 15 SPD 14 BÜNDNIS 90/DIE GRÜNEN-DIE LINKE 9 FDP/FREIE WÄHLER/UWG 9 AfD Niedersachsen 2 Fraktionslos 0",
    "plain_text": "» Fraktionen Startseite News Ämter/Dezernate Gremien Fraktionen Personen Vorlagen Sitzungen Recherche Dokumente Anmeldung Benutzername Kennwort Kennwort vergessen? Fraktionen Diese Übersicht enthält alle Fraktionen des Landkreises Oldenburg.Über die markierten Titel der Überschrift können Sie die einzelnen Informationsspalten auf- und absteigend sortieren. Kreistagsfraktionen und -gruppenFraktion CDU 15 SPD 14 BÜNDNIS 90/DIE GRÜNEN-DIE LINKE 9 FDP/FREIE WÄHLER/UWG 9 AfD Niedersachsen 2 Fraktionslos 0",
    "contacts": [],
    "forms": [],
    "links": [
      {
        "title": "Mitglieder",
        "url": "https://oldenburg-kreis.ratsinfomanagement.net/fraktionen/?__=UGhVM0hpd2NXNFdFcExjZd8eH7-8qJQyybSesrBhQF5XM0luS9xNzP_aveQgS0VTeEvK82s24izHk52Aawoy_b9e2qUIB9WR61S6z4Lnmxs",
        "valid": true
      }
    ],
    "metadata": {
      "agent": "politik_landkreis",
      "type": "link",
      "source": "https://oldenburg-kreis.ratsinfomanagement.net/fraktionen/",
      "timestamp": "2025-10-29T11:07:42.055Z",
      "compressed": true,
      "compression_ratio": 1
    }
  },
  {
    "url": "https://oldenburg-kreis.ratsinfomanagement.net/fraktionen/?__=UGhVM0hpd2NXNFdFcExjZX1VNHrjM-ReOJZoBTeKyOg",
    "title": "CDU",
    "content": "en Startseite News Ämter/Dezernate Gremien Fraktionen Personen Vorlagen Sitzungen Recherche Dokumente Anmeldung Benutzername Kennwort Kennwort vergessen? Fraktionen Diese Übersicht enthält alle Fraktionen des Landkreises Oldenburg.Über die markierten Titel der Überschrift können Sie die einzelnen Informationsspalten auf- und absteigend sortieren. Kreistagsfraktionen und -gruppenFraktionMitglieder 15 SPD 14 BÜNDNIS 90/DIE GRÜNEN-DIE LINKE 9 FDP/FREIE WÄHLER/UWG 9 AfD Niedersachsen 2 Fraktionslos 0",
    "plain_text": "en Startseite News Ämter/Dezernate Gremien Fraktionen Personen Vorlagen Sitzungen Recherche Dokumente Anmeldung Benutzername Kennwort Kennwort vergessen? Fraktionen Diese Übersicht enthält alle Fraktionen des Landkreises Oldenburg.Über die markierten Titel der Überschrift können Sie die einzelnen Informationsspalten auf- und absteigend sortieren. Kreistagsfraktionen und -gruppenFraktionMitglieder 15 SPD 14 BÜNDNIS 90/DIE GRÜNEN-DIE LINKE 9 FDP/FREIE WÄHLER/UWG 9 AfD Niedersachsen 2 Fraktionslos 0",
    "contacts": [],
    "forms": [],
    "links": [
      {
        "title": "CDU",
        "url": "https://oldenburg-kreis.ratsinfomanagement.net/fraktionen/?__=UGhVM0hpd2NXNFdFcExjZX1VNHrjM-ReOJZoBTeKyOg",
        "valid": true
      }
    ],
    "metadata": {
      "agent": "politik_landkreis",
      "type": "link",
      "source": "https://oldenburg-kreis.ratsinfomanagement.net/fraktionen/",
      "timestamp": "2025-10-29T11:07:42.055Z",
      "compressed": true,
      "compression_ratio": 1
    }
  },
  {
    "url": "https://oldenburg-kreis.ratsinfomanagement.net/fraktionen/?__=UGhVM0hpd2NXNFdFcExjZS-xWbrC-TrkUlnlpCCP-4o",
    "title": "SPD",
    "content": "tseite News Ämter/Dezernate Gremien Fraktionen Personen Vorlagen Sitzungen Recherche Dokumente Anmeldung Benutzername Kennwort Kennwort vergessen? Fraktionen Diese Übersicht enthält alle Fraktionen des Landkreises Oldenburg.Über die markierten Titel der Überschrift können Sie die einzelnen Informationsspalten auf- und absteigend sortieren. Kreistagsfraktionen und -gruppenFraktionMitglieder CDU 15 14 BÜNDNIS 90/DIE GRÜNEN-DIE LINKE 9 FDP/FREIE WÄHLER/UWG 9 AfD Niedersachsen 2 Fraktionslos 0",
    "plain_text": "tseite News Ämter/Dezernate Gremien Fraktionen Personen Vorlagen Sitzungen Recherche Dokumente Anmeldung Benutzername Kennwort Kennwort vergessen? Fraktionen Diese Übersicht enthält alle Fraktionen des Landkreises Oldenburg.Über die markierten Titel der Überschrift können Sie die einzelnen Informationsspalten auf- und absteigend sortieren. Kreistagsfraktionen und -gruppenFraktionMitglieder CDU 15 14 BÜNDNIS 90/DIE GRÜNEN-DIE LINKE 9 FDP/FREIE WÄHLER/UWG 9 AfD Niedersachsen 2 Fraktionslos 0",
    "contacts": [],
    "forms": [],
    "links": [
      {
        "title": "SPD",
        "url": "https://oldenburg-kreis.ratsinfomanagement.net/fraktionen/?__=UGhVM0hpd2NXNFdFcExjZS-xWbrC-TrkUlnlpCCP-4o",
        "valid": true
      }
    ],
    "metadata": {
      "agent": "politik_landkreis",
      "type": "link",
      "source": "https://oldenburg-kreis.ratsinfomanagement.net/fraktionen/",
      "timestamp": "2025-10-29T11:07:42.056Z",
      "compressed": true,
      "compression_ratio": 1
    }
  },
  {
    "url": "https://oldenburg-kreis.ratsinfomanagement.net/fraktionen/?__=UGhVM0hpd2NXNFdFcExjZeIDrjzweYG3el5PYeJ_W3o",
    "title": "BÜNDNIS 90/DIE GRÜNEN-DIE LINKE",
    "content": "News Ämter/Dezernate Gremien Fraktionen Personen Vorlagen Sitzungen Recherche Dokumente Anmeldung Benutzername Kennwort Kennwort vergessen? Fraktionen Diese Übersicht enthält alle Fraktionen des Landkreises Oldenburg.Über die markierten Titel der Überschrift können Sie die einzelnen Informationsspalten auf- und absteigend sortieren. Kreistagsfraktionen und -gruppenFraktionMitglieder CDU 15 SPD 14 9 FDP/FREIE WÄHLER/UWG 9 AfD Niedersachsen 2 Fraktionslos 0",
    "plain_text": "News Ämter/Dezernate Gremien Fraktionen Personen Vorlagen Sitzungen Recherche Dokumente Anmeldung Benutzername Kennwort Kennwort vergessen? Fraktionen Diese Übersicht enthält alle Fraktionen des Landkreises Oldenburg.Über die markierten Titel der Überschrift können Sie die einzelnen Informationsspalten auf- und absteigend sortieren. Kreistagsfraktionen und -gruppenFraktionMitglieder CDU 15 SPD 14 9 FDP/FREIE WÄHLER/UWG 9 AfD Niedersachsen 2 Fraktionslos 0",
    "contacts": [],
    "forms": [],
    "links": [
      {
        "title": "BÜNDNIS 90/DIE GRÜNEN-DIE LINKE",
        "url": "https://oldenburg-kreis.ratsinfomanagement.net/fraktionen/?__=UGhVM0hpd2NXNFdFcExjZeIDrjzweYG3el5PYeJ_W3o",
        "valid": true
      }
    ],
    "metadata": {
      "agent": "politik_landkreis",
      "type": "link",
      "source": "https://oldenburg-kreis.ratsinfomanagement.net/fraktionen/",
      "timestamp": "2025-10-29T11:07:42.056Z",
      "compressed": true,
      "compression_ratio": 1
    }
  },
  {
    "url": "https://oldenburg-kreis.ratsinfomanagement.net/fraktionen/?__=UGhVM0hpd2NXNFdFcExjZe6IHMvFgzBq3M9-N0ewmWY",
    "title": "FDP/FREIE WÄHLER/UWG",
    "content": "ionen Personen Vorlagen Sitzungen Recherche Dokumente Anmeldung Benutzername Kennwort Kennwort vergessen? Fraktionen Diese Übersicht enthält alle Fraktionen des Landkreises Oldenburg.Über die markierten Titel der Überschrift können Sie die einzelnen Informationsspalten auf- und absteigend sortieren. Kreistagsfraktionen und -gruppenFraktionMitglieder CDU 15 SPD 14 BÜNDNIS 90/DIE GRÜNEN-DIE LINKE 9 9 AfD Niedersachsen 2 Fraktionslos 0",
    "plain_text": "ionen Personen Vorlagen Sitzungen Recherche Dokumente Anmeldung Benutzername Kennwort Kennwort vergessen? Fraktionen Diese Übersicht enthält alle Fraktionen des Landkreises Oldenburg.Über die markierten Titel der Überschrift können Sie die einzelnen Informationsspalten auf- und absteigend sortieren. Kreistagsfraktionen und -gruppenFraktionMitglieder CDU 15 SPD 14 BÜNDNIS 90/DIE GRÜNEN-DIE LINKE 9 9 AfD Niedersachsen 2 Fraktionslos 0",
    "contacts": [],
    "forms": [],
    "links": [
      {
        "title": "FDP/FREIE WÄHLER/UWG",
        "url": "https://oldenburg-kreis.ratsinfomanagement.net/fraktionen/?__=UGhVM0hpd2NXNFdFcExjZe6IHMvFgzBq3M9-N0ewmWY",
        "valid": true
      }
    ],
    "metadata": {
      "agent": "politik_landkreis",
      "type": "link",
      "source": "https://oldenburg-kreis.ratsinfomanagement.net/fraktionen/",
      "timestamp": "2025-10-29T11:07:42.056Z",
      "compressed": true,
      "compression_ratio": 1
    }
  },
  {
    "url": "https://oldenburg-kreis.ratsinfomanagement.net/fraktionen/?__=UGhVM0hpd2NXNFdFcExjZYyPsokafGPml_iridg7U3Q",
    "title": "AfD Niedersachsen",
    "content": "Sitzungen Recherche Dokumente Anmeldung Benutzername Kennwort Kennwort vergessen? Fraktionen Diese Übersicht enthält alle Fraktionen des Landkreises Oldenburg.Über die markierten Titel der Überschrift können Sie die einzelnen Informationsspalten auf- und absteigend sortieren. Kreistagsfraktionen und -gruppenFraktionMitglieder CDU 15 SPD 14 BÜNDNIS 90/DIE GRÜNEN-DIE LINKE 9 FDP/FREIE WÄHLER/UWG 9 2 Fraktionslos 0",
    "plain_text": "Sitzungen Recherche Dokumente Anmeldung Benutzername Kennwort Kennwort vergessen? Fraktionen Diese Übersicht enthält alle Fraktionen des Landkreises Oldenburg.Über die markierten Titel der Überschrift können Sie die einzelnen Informationsspalten auf- und absteigend sortieren. Kreistagsfraktionen und -gruppenFraktionMitglieder CDU 15 SPD 14 BÜNDNIS 90/DIE GRÜNEN-DIE LINKE 9 FDP/FREIE WÄHLER/UWG 9 2 Fraktionslos 0",
    "contacts": [],
    "forms": [],
    "links": [
      {
        "title": "AfD Niedersachsen",
        "url": "https://oldenburg-kreis.ratsinfomanagement.net/fraktionen/?__=UGhVM0hpd2NXNFdFcExjZYyPsokafGPml_iridg7U3Q",
        "valid": true
      }
    ],
    "metadata": {
      "agent": "politik_landkreis",
      "type": "link",
      "source": "https://oldenburg-kreis.ratsinfomanagement.net/fraktionen/",
      "timestamp": "2025-10-29T11:07:42.056Z",
      "compressed": true,
      "compression_ratio": 1
    }
  },
  {
    "url": "https://oldenburg-kreis.ratsinfomanagement.net/fraktionen/?__=UGhVM0hpd2NXNFdFcExjZRVQ3WhHxaD5QN2FcQxScIM",
    "title": "Fraktionslos",
    "content": "Dokumente Anmeldung Benutzername Kennwort Kennwort vergessen? Fraktionen Diese Übersicht enthält alle Fraktionen des Landkreises Oldenburg.Über die markierten Titel der Überschrift können Sie die einzelnen Informationsspalten auf- und absteigend sortieren. Kreistagsfraktionen und -gruppenFraktionMitglieder CDU 15 SPD 14 BÜNDNIS 90/DIE GRÜNEN-DIE LINKE 9 FDP/FREIE WÄHLER/UWG 9 AfD Niedersachsen 2 0",
    "plain_text": "Dokumente Anmeldung Benutzername Kennwort Kennwort vergessen? Fraktionen Diese Übersicht enthält alle Fraktionen des Landkreises Oldenburg.Über die markierten Titel der Überschrift können Sie die einzelnen Informationsspalten auf- und absteigend sortieren. Kreistagsfraktionen und -gruppenFraktionMitglieder CDU 15 SPD 14 BÜNDNIS 90/DIE GRÜNEN-DIE LINKE 9 FDP/FREIE WÄHLER/UWG 9 AfD Niedersachsen 2 0",
    "contacts": [],
    "forms": [],
    "links": [
      {
        "title": "Fraktionslos",
        "url": "https://oldenburg-kreis.ratsinfomanagement.net/fraktionen/?__=UGhVM0hpd2NXNFdFcExjZRVQ3WhHxaD5QN2FcQxScIM",
        "valid": true
      }
    ],
    "metadata": {
      "agent": "politik_landkreis",
      "type": "link",
      "source": "https://oldenburg-kreis.ratsinfomanagement.net/fraktionen/",
      "timestamp": "2025-10-29T11:07:42.056Z",
      "compressed": true,
      "compression_ratio": 1
    }
  },
  {
    "url": "https://oldenburg-kreis.ratsinfomanagement.net/fraktionen/",
    "title": "Fraktionen",
    "content": "Recherche für Bürger, Politik und Verwaltung. Diese Übersicht enthält alle Fraktionen des Landkreises Oldenburg. Über die markierten Titel der Überschrift können Sie die einzelnen Informationsspalten auf- und absteigend sortieren. Tabellen: Fraktion | Mitglieder | BÜNDNIS 90/DIE GRÜNEN-DIE LINKE | FDP/FREIE WÄHLER/UWG | AfD Niedersachsen | Fraktionslos",
    "plain_text": "Recherche für Bürger, Politik und Verwaltung. Diese Übersicht enthält alle Fraktionen des Landkreises Oldenburg. Über die markierten Titel der Überschrift können Sie die einzelnen Informationsspalten auf- und absteigend sortieren. Tabellen: Fraktion | Mitglieder | BÜNDNIS 90/DIE GRÜNEN-DIE LINKE | FDP/FREIE WÄHLER/UWG | AfD Niedersachsen | Fraktionslos",
    "contacts": [],
    "forms": [],
    "links": [],
    "metadata": {
      "agent": "politik_landkreis",
      "type": "content",
      "source": "https://oldenburg-kreis.ratsinfomanagement.net/fraktionen/",
      "timestamp": "2025-10-29T11:07:42.056Z",
      "sectionType": "main",
      "compressed": true,
      "compression_ratio": 1
    }
  },
  {
    "url": "https://oldenburg-kreis.ratsinfomanagement.net/gremien/?__=UGhVM0hpd2NXNFdFcExjZd8eH7-8qJQyybSesrBhQF5XM0luS9xNzP_aveQgS0VTVWMqS0evzRn7tjeBk7fiOg",
    "title": "Gremium",
    "content": "burg Kreistagsinformationssystem » Gremien Startseite News Ämter/Dezernate Gremien Fraktionen Personen Vorlagen Sitzungen Recherche Dokumente Anmeldung Benutzername Kennwort Kennwort vergessen? Gremien Diese Übersicht enthält alle zurzeit aktiven Gremien.Über die markierten Titel der Überschrift können Sie die einzelnen Informationsspalten auf- und absteigend sortieren. Kreistag und Kreisausschuss Mitglieder Kreistag 51 Kreisausschuss 11 FachausschüsseGremiumMitglieder Bau-, Straßen- und Brandschutzausschuss 20 Finanz- und Wirtschaftsausschuss 15 Integrations- und Gleichstellungsausschuss 17 Jugendhilfeausschuss 21 Schul- und Kulturausschuss 23 Sozial- und Gesundheitsausschuss 18 Struktur- und Klimaschutzausschuss 15 Umwelt- und Abfallwirtschaftsausschuss 19",
    "plain_text": "burg Kreistagsinformationssystem » Gremien Startseite News Ämter/Dezernate Gremien Fraktionen Personen Vorlagen Sitzungen Recherche Dokumente Anmeldung Benutzername Kennwort Kennwort vergessen? Gremien Diese Übersicht enthält alle zurzeit aktiven Gremien.Über die markierten Titel der Überschrift können Sie die einzelnen Informationsspalten auf- und absteigend sortieren. Kreistag und Kreisausschuss Mitglieder Kreistag 51 Kreisausschuss 11 FachausschüsseGremiumMitglieder Bau-, Straßen- und Brandschutzausschuss 20 Finanz- und Wirtschaftsausschuss 15 Integrations- und Gleichstellungsausschuss 17 Jugendhilfeausschuss 21 Schul- und Kulturausschuss 23 Sozial- und Gesundheitsausschuss 18 Struktur- und Klimaschutzausschuss 15 Umwelt- und Abfallwirtschaftsausschuss 19",
    "contacts": [],
    "forms": [],
    "links": [
      {
        "title": "Gremium",
        "url": "https://oldenburg-kreis.ratsinfomanagement.net/gremien/?__=UGhVM0hpd2NXNFdFcExjZd8eH7-8qJQyybSesrBhQF5XM0luS9xNzP_aveQgS0VTVWMqS0evzRn7tjeBk7fiOg",
        "valid": true
      }
    ],
    "metadata": {
      "agent": "politik_landkreis",
      "type": "link",
      "source": "https://oldenburg-kreis.ratsinfomanagement.net/gremien/",
      "timestamp": "2025-10-29T11:07:42.056Z",
      "compressed": true,
      "compression_ratio": 1
    }
  },
  {
    "url": "https://oldenburg-kreis.ratsinfomanagement.net/gremien/?__=UGhVM0hpd2NXNFdFcExjZd8eH7-8qJQyybSesrBhQF5XM0luS9xNzP_aveQgS0VTkt0QfHHSamWRLbUAWIcgaVK3BESZB1ws0zjgEFVeUlU",
    "title": "Mitglieder",
    "content": "eistagsinformationssystem » Gremien Startseite News Ämter/Dezernate Gremien Fraktionen Personen Vorlagen Sitzungen Recherche Dokumente Anmeldung Benutzername Kennwort Kennwort vergessen? Gremien Diese Übersicht enthält alle zurzeit aktiven Gremien.Über die markierten Titel der Überschrift können Sie die einzelnen Informationsspalten auf- und absteigend sortieren. Kreistag und KreisausschussGremium Kreistag 51 Kreisausschuss 11 FachausschüsseGremiumMitglieder Bau-, Straßen- und Brandschutzausschuss 20 Finanz- und Wirtschaftsausschuss 15 Integrations- und Gleichstellungsausschuss 17 Jugendhilfeausschuss 21 Schul- und Kulturausschuss 23 Sozial- und Gesundheitsausschuss 18 Struktur- und Klimaschutzausschuss 15 Umwelt- und Abfallwirtschaftsausschuss 19",
    "plain_text": "eistagsinformationssystem » Gremien Startseite News Ämter/Dezernate Gremien Fraktionen Personen Vorlagen Sitzungen Recherche Dokumente Anmeldung Benutzername Kennwort Kennwort vergessen? Gremien Diese Übersicht enthält alle zurzeit aktiven Gremien.Über die markierten Titel der Überschrift können Sie die einzelnen Informationsspalten auf- und absteigend sortieren. Kreistag und KreisausschussGremium Kreistag 51 Kreisausschuss 11 FachausschüsseGremiumMitglieder Bau-, Straßen- und Brandschutzausschuss 20 Finanz- und Wirtschaftsausschuss 15 Integrations- und Gleichstellungsausschuss 17 Jugendhilfeausschuss 21 Schul- und Kulturausschuss 23 Sozial- und Gesundheitsausschuss 18 Struktur- und Klimaschutzausschuss 15 Umwelt- und Abfallwirtschaftsausschuss 19",
    "contacts": [],
    "forms": [],
    "links": [
      {
        "title": "Mitglieder",
        "url": "https://oldenburg-kreis.ratsinfomanagement.net/gremien/?__=UGhVM0hpd2NXNFdFcExjZd8eH7-8qJQyybSesrBhQF5XM0luS9xNzP_aveQgS0VTkt0QfHHSamWRLbUAWIcgaVK3BESZB1ws0zjgEFVeUlU",
        "valid": true
      }
    ],
    "metadata": {
      "agent": "politik_landkreis",
      "type": "link",
      "source": "https://oldenburg-kreis.ratsinfomanagement.net/gremien/",
      "timestamp": "2025-10-29T11:07:42.056Z",
      "compressed": true,
      "compression_ratio": 1
    }
  },
  {
    "url": "https://oldenburg-kreis.ratsinfomanagement.net/gremien/?__=UGhVM0hpd2NXNFdFcExjZTOy3PjZMIcIOxgVfZLy8zg",
    "title": "Kreistag",
    "content": "sinformationssystem Recherche für Bürger, Politik und Verwaltung. Bildmotiv in dieser Region: Bilck aus der Vogelperspektive auf das von Bäumen umgebene Kreishaus des Landkreises Oldenburg. Bild: © Landkreis Oldenburg Kreistagsinformationssystem » Gremien Startseite News Ämter/Dezernate Gremien Fraktionen Personen Vorlagen Sitzungen Recherche Dokumente Anmeldung Benutzername Kennwort Kennwort verg",
    "plain_text": "sinformationssystem Recherche für Bürger, Politik und Verwaltung. Bildmotiv in dieser Region: Bilck aus der Vogelperspektive auf das von Bäumen umgebene Kreishaus des Landkreises Oldenburg. Bild: © Landkreis Oldenburg Kreistagsinformationssystem » Gremien Startseite News Ämter/Dezernate Gremien Fraktionen Personen Vorlagen Sitzungen Recherche Dokumente Anmeldung Benutzername Kennwort Kennwort verg",
    "contacts": [],
    "forms": [],
    "links": [
      {
        "title": "Kreistag",
        "url": "https://oldenburg-kreis.ratsinfomanagement.net/gremien/?__=UGhVM0hpd2NXNFdFcExjZTOy3PjZMIcIOxgVfZLy8zg",
        "valid": true
      }
    ],
    "metadata": {
      "agent": "politik_landkreis",
      "type": "link",
      "source": "https://oldenburg-kreis.ratsinfomanagement.net/gremien/",
      "timestamp": "2025-10-29T11:07:42.056Z",
      "compressed": true,
      "compression_ratio": 1
    }
  },
  {
    "url": "https://oldenburg-kreis.ratsinfomanagement.net/gremien/?__=UGhVM0hpd2NXNFdFcExjZcZdnK3CU-fX6OQ9MeKaIZ0",
    "title": "Kreisausschuss",
    "content": "andkreis Oldenburg Kreistagsinformationssystem » Gremien Startseite News Ämter/Dezernate Gremien Fraktionen Personen Vorlagen Sitzungen Recherche Dokumente Anmeldung Benutzername Kennwort Kennwort vergessen? Gremien Diese Übersicht enthält alle zurzeit aktiven Gremien.Über die markierten Titel der Überschrift können Sie die einzelnen Informationsspalten auf- und absteigend sortieren. Kreistag und GremiumMitglieder Kreistag 51 Kreisausschuss 11 FachausschüsseGremiumMitglieder Bau-, Straßen- und Brandschutzausschuss 20 Finanz- und Wirtschaftsausschuss 15 Integrations- und Gleichstellungsausschuss 17 Jugendhilfeausschuss 21 Schul- und Kulturausschuss 23 Sozial- und Gesundheitsausschuss 18 Struktur- und Klimaschutzausschuss 15 Umwelt- und Abfallwirtschaftsausschuss 19",
    "plain_text": "andkreis Oldenburg Kreistagsinformationssystem » Gremien Startseite News Ämter/Dezernate Gremien Fraktionen Personen Vorlagen Sitzungen Recherche Dokumente Anmeldung Benutzername Kennwort Kennwort vergessen? Gremien Diese Übersicht enthält alle zurzeit aktiven Gremien.Über die markierten Titel der Überschrift können Sie die einzelnen Informationsspalten auf- und absteigend sortieren. Kreistag und GremiumMitglieder Kreistag 51 Kreisausschuss 11 FachausschüsseGremiumMitglieder Bau-, Straßen- und Brandschutzausschuss 20 Finanz- und Wirtschaftsausschuss 15 Integrations- und Gleichstellungsausschuss 17 Jugendhilfeausschuss 21 Schul- und Kulturausschuss 23 Sozial- und Gesundheitsausschuss 18 Struktur- und Klimaschutzausschuss 15 Umwelt- und Abfallwirtschaftsausschuss 19",
    "contacts": [],
    "forms": [],
    "links": [
      {
        "title": "Kreisausschuss",
        "url": "https://oldenburg-kreis.ratsinfomanagement.net/gremien/?__=UGhVM0hpd2NXNFdFcExjZcZdnK3CU-fX6OQ9MeKaIZ0",
        "valid": false
      }
    ],
    "metadata": {
      "agent": "politik_landkreis",
      "type": "link",
      "source": "https://oldenburg-kreis.ratsinfomanagement.net/gremien/",
      "timestamp": "2025-10-29T11:07:42.056Z",
      "compressed": true,
      "compression_ratio": 1
    }
  },
  {
    "url": "https://oldenburg-kreis.ratsinfomanagement.net/gremien/?__=UGhVM0hpd2NXNFdFcExjZd8eH7-8qJQyybSesrBhQF5OHdgKRkb8xFh7Atlj3JUf2EdI-3qVt6SxyvIwcfuexA",
    "title": "Gremium",
    "content": "burg Kreistagsinformationssystem » Gremien Startseite News Ämter/Dezernate Gremien Fraktionen Personen Vorlagen Sitzungen Recherche Dokumente Anmeldung Benutzername Kennwort Kennwort vergessen? Gremien Diese Übersicht enthält alle zurzeit aktiven Gremien.Über die markierten Titel der Überschrift können Sie die einzelnen Informationsspalten auf- und absteigend sortieren. Kreistag und Kreisausschuss Mitglieder Kreistag 51 Kreisausschuss 11 FachausschüsseGremiumMitglieder Bau-, Straßen- und Brandschutzausschuss 20 Finanz- und Wirtschaftsausschuss 15 Integrations- und Gleichstellungsausschuss 17 Jugendhilfeausschuss 21 Schul- und Kulturausschuss 23 Sozial- und Gesundheitsausschuss 18 Struktur- und Klimaschutzausschuss 15 Umwelt- und Abfallwirtschaftsausschuss 19",
    "plain_text": "burg Kreistagsinformationssystem » Gremien Startseite News Ämter/Dezernate Gremien Fraktionen Personen Vorlagen Sitzungen Recherche Dokumente Anmeldung Benutzername Kennwort Kennwort vergessen? Gremien Diese Übersicht enthält alle zurzeit aktiven Gremien.Über die markierten Titel der Überschrift können Sie die einzelnen Informationsspalten auf- und absteigend sortieren. Kreistag und Kreisausschuss Mitglieder Kreistag 51 Kreisausschuss 11 FachausschüsseGremiumMitglieder Bau-, Straßen- und Brandschutzausschuss 20 Finanz- und Wirtschaftsausschuss 15 Integrations- und Gleichstellungsausschuss 17 Jugendhilfeausschuss 21 Schul- und Kulturausschuss 23 Sozial- und Gesundheitsausschuss 18 Struktur- und Klimaschutzausschuss 15 Umwelt- und Abfallwirtschaftsausschuss 19",
    "contacts": [],
    "forms": [],
    "links": [
      {
        "title": "Gremium",
        "url": "https://oldenburg-kreis.ratsinfomanagement.net/gremien/?__=UGhVM0hpd2NXNFdFcExjZd8eH7-8qJQyybSesrBhQF5OHdgKRkb8xFh7Atlj3JUf2EdI-3qVt6SxyvIwcfuexA",
        "valid": true
      }
    ],
    "metadata": {
      "agent": "politik_landkreis",
      "type": "link",
      "source": "https://oldenburg-kreis.ratsinfomanagement.net/gremien/",
      "timestamp": "2025-10-29T11:07:42.056Z",
      "compressed": true,
      "compression_ratio": 1
    }
  },
  {
    "url": "https://oldenburg-kreis.ratsinfomanagement.net/gremien/?__=UGhVM0hpd2NXNFdFcExjZd8eH7-8qJQyybSesrBhQF5OHdgKRkb8xFh7Atlj3JUfYOJmvl6uw96wLzfygVAGBN6odEayrk-OoCz14UKEn2E",
    "title": "Mitglieder",
    "content": "eistagsinformationssystem » Gremien Startseite News Ämter/Dezernate Gremien Fraktionen Personen Vorlagen Sitzungen Recherche Dokumente Anmeldung Benutzername Kennwort Kennwort vergessen? Gremien Diese Übersicht enthält alle zurzeit aktiven Gremien.Über die markierten Titel der Überschrift können Sie die einzelnen Informationsspalten auf- und absteigend sortieren. Kreistag und KreisausschussGremium Kreistag 51 Kreisausschuss 11 FachausschüsseGremiumMitglieder Bau-, Straßen- und Brandschutzausschuss 20 Finanz- und Wirtschaftsausschuss 15 Integrations- und Gleichstellungsausschuss 17 Jugendhilfeausschuss 21 Schul- und Kulturausschuss 23 Sozial- und Gesundheitsausschuss 18 Struktur- und Klimaschutzausschuss 15 Umwelt- und Abfallwirtschaftsausschuss 19",
    "plain_text": "eistagsinformationssystem » Gremien Startseite News Ämter/Dezernate Gremien Fraktionen Personen Vorlagen Sitzungen Recherche Dokumente Anmeldung Benutzername Kennwort Kennwort vergessen? Gremien Diese Übersicht enthält alle zurzeit aktiven Gremien.Über die markierten Titel der Überschrift können Sie die einzelnen Informationsspalten auf- und absteigend sortieren. Kreistag und KreisausschussGremium Kreistag 51 Kreisausschuss 11 FachausschüsseGremiumMitglieder Bau-, Straßen- und Brandschutzausschuss 20 Finanz- und Wirtschaftsausschuss 15 Integrations- und Gleichstellungsausschuss 17 Jugendhilfeausschuss 21 Schul- und Kulturausschuss 23 Sozial- und Gesundheitsausschuss 18 Struktur- und Klimaschutzausschuss 15 Umwelt- und Abfallwirtschaftsausschuss 19",
    "contacts": [],
    "forms": [],
    "links": [
      {
        "title": "Mitglieder",
        "url": "https://oldenburg-kreis.ratsinfomanagement.net/gremien/?__=UGhVM0hpd2NXNFdFcExjZd8eH7-8qJQyybSesrBhQF5OHdgKRkb8xFh7Atlj3JUfYOJmvl6uw96wLzfygVAGBN6odEayrk-OoCz14UKEn2E",
        "valid": true
      }
    ],
    "metadata": {
      "agent": "politik_landkreis",
      "type": "link",
      "source": "https://oldenburg-kreis.ratsinfomanagement.net/gremien/",
      "timestamp": "2025-10-29T11:07:42.056Z",
      "compressed": true,
      "compression_ratio": 1
    }
  },
  {
    "url": "https://oldenburg-kreis.ratsinfomanagement.net/gremien/?__=UGhVM0hpd2NXNFdFcExjZRCIQV3mJ92bNZHee2rcwv0",
    "title": "Bau-, Straßen- und Brandschutzausschuss",
    "content": "en Fraktionen Personen Vorlagen Sitzungen Recherche Dokumente Anmeldung Benutzername Kennwort Kennwort vergessen? Gremien Diese Übersicht enthält alle zurzeit aktiven Gremien.Über die markierten Titel der Überschrift können Sie die einzelnen Informationsspalten auf- und absteigend sortieren. Kreistag und KreisausschussGremiumMitglieder Kreistag 51 Kreisausschuss 11 FachausschüsseGremiumMitglieder 20 Finanz- und Wirtschaftsausschuss 15 Integrations- und Gleichstellungsausschuss 17 Jugendhilfeausschuss 21 Schul- und Kulturausschuss 23 Sozial- und Gesundheitsausschuss 18 Struktur- und Klimaschutzausschuss 15 Umwelt- und Abfallwirtschaftsausschuss 19",
    "plain_text": "en Fraktionen Personen Vorlagen Sitzungen Recherche Dokumente Anmeldung Benutzername Kennwort Kennwort vergessen? Gremien Diese Übersicht enthält alle zurzeit aktiven Gremien.Über die markierten Titel der Überschrift können Sie die einzelnen Informationsspalten auf- und absteigend sortieren. Kreistag und KreisausschussGremiumMitglieder Kreistag 51 Kreisausschuss 11 FachausschüsseGremiumMitglieder 20 Finanz- und Wirtschaftsausschuss 15 Integrations- und Gleichstellungsausschuss 17 Jugendhilfeausschuss 21 Schul- und Kulturausschuss 23 Sozial- und Gesundheitsausschuss 18 Struktur- und Klimaschutzausschuss 15 Umwelt- und Abfallwirtschaftsausschuss 19",
    "contacts": [],
    "forms": [],
    "links": [
      {
        "title": "Bau-, Straßen- und Brandschutzausschuss",
        "url": "https://oldenburg-kreis.ratsinfomanagement.net/gremien/?__=UGhVM0hpd2NXNFdFcExjZRCIQV3mJ92bNZHee2rcwv0",
        "valid": true
      }
    ],
    "metadata": {
      "agent": "politik_landkreis",
      "type": "link",
      "source": "https://oldenburg-kreis.ratsinfomanagement.net/gremien/",
      "timestamp": "2025-10-29T11:07:42.056Z",
      "compressed": true,
      "compression_ratio": 1
    }
  },
  {
    "url": "https://oldenburg-kreis.ratsinfomanagement.net/gremien/?__=UGhVM0hpd2NXNFdFcExjZfteBffo6ilyS0V--d3P6nc",
    "title": "Finanz- und Wirtschaftsausschuss",
    "content": "echerche Dokumente Anmeldung Benutzername Kennwort Kennwort vergessen? Gremien Diese Übersicht enthält alle zurzeit aktiven Gremien.Über die markierten Titel der Überschrift können Sie die einzelnen Informationsspalten auf- und absteigend sortieren. Kreistag und KreisausschussGremiumMitglieder Kreistag 51 Kreisausschuss 11 FachausschüsseGremiumMitglieder Bau-, Straßen- und Brandschutzausschuss 20 15 Integrations- und Gleichstellungsausschuss 17 Jugendhilfeausschuss 21 Schul- und Kulturausschuss 23 Sozial- und Gesundheitsausschuss 18 Struktur- und Klimaschutzausschuss 15 Umwelt- und Abfallwirtschaftsausschuss 19",
    "plain_text": "echerche Dokumente Anmeldung Benutzername Kennwort Kennwort vergessen? Gremien Diese Übersicht enthält alle zurzeit aktiven Gremien.Über die markierten Titel der Überschrift können Sie die einzelnen Informationsspalten auf- und absteigend sortieren. Kreistag und KreisausschussGremiumMitglieder Kreistag 51 Kreisausschuss 11 FachausschüsseGremiumMitglieder Bau-, Straßen- und Brandschutzausschuss 20 15 Integrations- und Gleichstellungsausschuss 17 Jugendhilfeausschuss 21 Schul- und Kulturausschuss 23 Sozial- und Gesundheitsausschuss 18 Struktur- und Klimaschutzausschuss 15 Umwelt- und Abfallwirtschaftsausschuss 19",
    "contacts": [],
    "forms": [],
    "links": [
      {
        "title": "Finanz- und Wirtschaftsausschuss",
        "url": "https://oldenburg-kreis.ratsinfomanagement.net/gremien/?__=UGhVM0hpd2NXNFdFcExjZfteBffo6ilyS0V--d3P6nc",
        "valid": true
      }
    ],
    "metadata": {
      "agent": "politik_landkreis",
      "type": "link",
      "source": "https://oldenburg-kreis.ratsinfomanagement.net/gremien/",
      "timestamp": "2025-10-29T11:07:42.056Z",
      "compressed": true,
      "compression_ratio": 1
    }
  },
  {
    "url": "https://oldenburg-kreis.ratsinfomanagement.net/gremien/?__=UGhVM0hpd2NXNFdFcExjZaLSK14H4gx2z5itqDxDJgc",
    "title": "Integrations- und Gleichstellungsausschuss",
    "content": "rname Kennwort Kennwort vergessen? Gremien Diese Übersicht enthält alle zurzeit aktiven Gremien.Über die markierten Titel der Überschrift können Sie die einzelnen Informationsspalten auf- und absteigend sortieren. Kreistag und KreisausschussGremiumMitglieder Kreistag 51 Kreisausschuss 11 FachausschüsseGremiumMitglieder Bau-, Straßen- und Brandschutzausschuss 20 Finanz- und Wirtschaftsausschuss 15 17 Jugendhilfeausschuss 21 Schul- und Kulturausschuss 23 Sozial- und Gesundheitsausschuss 18 Struktur- und Klimaschutzausschuss 15 Umwelt- und Abfallwirtschaftsausschuss 19",
    "plain_text": "rname Kennwort Kennwort vergessen? Gremien Diese Übersicht enthält alle zurzeit aktiven Gremien.Über die markierten Titel der Überschrift können Sie die einzelnen Informationsspalten auf- und absteigend sortieren. Kreistag und KreisausschussGremiumMitglieder Kreistag 51 Kreisausschuss 11 FachausschüsseGremiumMitglieder Bau-, Straßen- und Brandschutzausschuss 20 Finanz- und Wirtschaftsausschuss 15 17 Jugendhilfeausschuss 21 Schul- und Kulturausschuss 23 Sozial- und Gesundheitsausschuss 18 Struktur- und Klimaschutzausschuss 15 Umwelt- und Abfallwirtschaftsausschuss 19",
    "contacts": [],
    "forms": [],
    "links": [
      {
        "title": "Integrations- und Gleichstellungsausschuss",
        "url": "https://oldenburg-kreis.ratsinfomanagement.net/gremien/?__=UGhVM0hpd2NXNFdFcExjZaLSK14H4gx2z5itqDxDJgc",
        "valid": true
      }
    ],
    "metadata": {
      "agent": "politik_landkreis",
      "type": "link",
      "source": "https://oldenburg-kreis.ratsinfomanagement.net/gremien/",
      "timestamp": "2025-10-29T11:07:42.056Z",
      "compressed": true,
      "compression_ratio": 1
    }
  },
  {
    "url": "https://oldenburg-kreis.ratsinfomanagement.net/gremien/?__=UGhVM0hpd2NXNFdFcExjZTPlM6T6ZP1jtSvvm6_EVPc",
    "title": "Jugendhilfeausschuss",
    "content": "se Übersicht enthält alle zurzeit aktiven Gremien.Über die markierten Titel der Überschrift können Sie die einzelnen Informationsspalten auf- und absteigend sortieren. Kreistag und KreisausschussGremiumMitglieder Kreistag 51 Kreisausschuss 11 FachausschüsseGremiumMitglieder Bau-, Straßen- und Brandschutzausschuss 20 Finanz- und Wirtschaftsausschuss 15 Integrations- und Gleichstellungsausschuss 17 21 Schul- und Kulturausschuss 23 Sozial- und Gesundheitsausschuss 18 Struktur- und Klimaschutzausschuss 15 Umwelt- und Abfallwirtschaftsausschuss 19",
    "plain_text": "se Übersicht enthält alle zurzeit aktiven Gremien.Über die markierten Titel der Überschrift können Sie die einzelnen Informationsspalten auf- und absteigend sortieren. Kreistag und KreisausschussGremiumMitglieder Kreistag 51 Kreisausschuss 11 FachausschüsseGremiumMitglieder Bau-, Straßen- und Brandschutzausschuss 20 Finanz- und Wirtschaftsausschuss 15 Integrations- und Gleichstellungsausschuss 17 21 Schul- und Kulturausschuss 23 Sozial- und Gesundheitsausschuss 18 Struktur- und Klimaschutzausschuss 15 Umwelt- und Abfallwirtschaftsausschuss 19",
    "contacts": [],
    "forms": [],
    "links": [
      {
        "title": "Jugendhilfeausschuss",
        "url": "https://oldenburg-kreis.ratsinfomanagement.net/gremien/?__=UGhVM0hpd2NXNFdFcExjZTPlM6T6ZP1jtSvvm6_EVPc",
        "valid": true
      }
    ],
    "metadata": {
      "agent": "politik_landkreis",
      "type": "link",
      "source": "https://oldenburg-kreis.ratsinfomanagement.net/gremien/",
      "timestamp": "2025-10-29T11:07:42.056Z",
      "compressed": true,
      "compression_ratio": 1
    }
  },
  {
    "url": "https://oldenburg-kreis.ratsinfomanagement.net/gremien/?__=UGhVM0hpd2NXNFdFcExjZVgyR5cRX7YQt_4kmzbHoiA",
    "title": "Schul- und Kulturausschuss",
    "content": "e zurzeit aktiven Gremien.Über die markierten Titel der Überschrift können Sie die einzelnen Informationsspalten auf- und absteigend sortieren. Kreistag und KreisausschussGremiumMitglieder Kreistag 51 Kreisausschuss 11 FachausschüsseGremiumMitglieder Bau-, Straßen- und Brandschutzausschuss 20 Finanz- und Wirtschaftsausschuss 15 Integrations- und Gleichstellungsausschuss 17 Jugendhilfeausschuss 21 23 Sozial- und Gesundheitsausschuss 18 Struktur- und Klimaschutzausschuss 15 Umwelt- und Abfallwirtschaftsausschuss 19",
    "plain_text": "e zurzeit aktiven Gremien.Über die markierten Titel der Überschrift können Sie die einzelnen Informationsspalten auf- und absteigend sortieren. Kreistag und KreisausschussGremiumMitglieder Kreistag 51 Kreisausschuss 11 FachausschüsseGremiumMitglieder Bau-, Straßen- und Brandschutzausschuss 20 Finanz- und Wirtschaftsausschuss 15 Integrations- und Gleichstellungsausschuss 17 Jugendhilfeausschuss 21 23 Sozial- und Gesundheitsausschuss 18 Struktur- und Klimaschutzausschuss 15 Umwelt- und Abfallwirtschaftsausschuss 19",
    "contacts": [],
    "forms": [],
    "links": [
      {
        "title": "Schul- und Kulturausschuss",
        "url": "https://oldenburg-kreis.ratsinfomanagement.net/gremien/?__=UGhVM0hpd2NXNFdFcExjZVgyR5cRX7YQt_4kmzbHoiA",
        "valid": true
      }
    ],
    "metadata": {
      "agent": "politik_landkreis",
      "type": "link",
      "source": "https://oldenburg-kreis.ratsinfomanagement.net/gremien/",
      "timestamp": "2025-10-29T11:07:42.056Z",
      "compressed": true,
      "compression_ratio": 1
    }
  },
  {
    "url": "https://oldenburg-kreis.ratsinfomanagement.net/gremien/?__=UGhVM0hpd2NXNFdFcExjZcRguwzgcCkpmAwz5O5G0C0",
    "title": "Sozial- und Gesundheitsausschuss",
    "content": "die markierten Titel der Überschrift können Sie die einzelnen Informationsspalten auf- und absteigend sortieren. Kreistag und KreisausschussGremiumMitglieder Kreistag 51 Kreisausschuss 11 FachausschüsseGremiumMitglieder Bau-, Straßen- und Brandschutzausschuss 20 Finanz- und Wirtschaftsausschuss 15 Integrations- und Gleichstellungsausschuss 17 Jugendhilfeausschuss 21 Schul- und Kulturausschuss 23 18 Struktur- und Klimaschutzausschuss 15 Umwelt- und Abfallwirtschaftsausschuss 19",
    "plain_text": "die markierten Titel der Überschrift können Sie die einzelnen Informationsspalten auf- und absteigend sortieren. Kreistag und KreisausschussGremiumMitglieder Kreistag 51 Kreisausschuss 11 FachausschüsseGremiumMitglieder Bau-, Straßen- und Brandschutzausschuss 20 Finanz- und Wirtschaftsausschuss 15 Integrations- und Gleichstellungsausschuss 17 Jugendhilfeausschuss 21 Schul- und Kulturausschuss 23 18 Struktur- und Klimaschutzausschuss 15 Umwelt- und Abfallwirtschaftsausschuss 19",
    "contacts": [],
    "forms": [],
    "links": [
      {
        "title": "Sozial- und Gesundheitsausschuss",
        "url": "https://oldenburg-kreis.ratsinfomanagement.net/gremien/?__=UGhVM0hpd2NXNFdFcExjZcRguwzgcCkpmAwz5O5G0C0",
        "valid": true
      }
    ],
    "metadata": {
      "agent": "politik_landkreis",
      "type": "link",
      "source": "https://oldenburg-kreis.ratsinfomanagement.net/gremien/",
      "timestamp": "2025-10-29T11:07:42.056Z",
      "compressed": true,
      "compression_ratio": 1
    }
  },
  {
    "url": "https://oldenburg-kreis.ratsinfomanagement.net/gremien/?__=UGhVM0hpd2NXNFdFcExjZT_Nt3DbUuQa6CUWKl7PBYM",
    "title": "Struktur- und Klimaschutzausschuss",
    "content": "t können Sie die einzelnen Informationsspalten auf- und absteigend sortieren. Kreistag und KreisausschussGremiumMitglieder Kreistag 51 Kreisausschuss 11 FachausschüsseGremiumMitglieder Bau-, Straßen- und Brandschutzausschuss 20 Finanz- und Wirtschaftsausschuss 15 Integrations- und Gleichstellungsausschuss 17 Jugendhilfeausschuss 21 Schul- und Kulturausschuss 23 Sozial- und Gesundheitsausschuss 18 15 Umwelt- und Abfallwirtschaftsausschuss 19",
    "plain_text": "t können Sie die einzelnen Informationsspalten auf- und absteigend sortieren. Kreistag und KreisausschussGremiumMitglieder Kreistag 51 Kreisausschuss 11 FachausschüsseGremiumMitglieder Bau-, Straßen- und Brandschutzausschuss 20 Finanz- und Wirtschaftsausschuss 15 Integrations- und Gleichstellungsausschuss 17 Jugendhilfeausschuss 21 Schul- und Kulturausschuss 23 Sozial- und Gesundheitsausschuss 18 15 Umwelt- und Abfallwirtschaftsausschuss 19",
    "contacts": [],
    "forms": [],
    "links": [
      {
        "title": "Struktur- und Klimaschutzausschuss",
        "url": "https://oldenburg-kreis.ratsinfomanagement.net/gremien/?__=UGhVM0hpd2NXNFdFcExjZT_Nt3DbUuQa6CUWKl7PBYM",
        "valid": true
      }
    ],
    "metadata": {
      "agent": "politik_landkreis",
      "type": "link",
      "source": "https://oldenburg-kreis.ratsinfomanagement.net/gremien/",
      "timestamp": "2025-10-29T11:07:42.056Z",
      "compressed": true,
      "compression_ratio": 1
    }
  },
  {
    "url": "https://oldenburg-kreis.ratsinfomanagement.net/gremien/?__=UGhVM0hpd2NXNFdFcExjZe_kr0vAGgx-RDGvrMig7Gg",
    "title": "Umwelt- und Abfallwirtschaftsausschuss",
    "content": "sspalten auf- und absteigend sortieren. Kreistag und KreisausschussGremiumMitglieder Kreistag 51 Kreisausschuss 11 FachausschüsseGremiumMitglieder Bau-, Straßen- und Brandschutzausschuss 20 Finanz- und Wirtschaftsausschuss 15 Integrations- und Gleichstellungsausschuss 17 Jugendhilfeausschuss 21 Schul- und Kulturausschuss 23 Sozial- und Gesundheitsausschuss 18 Struktur- und Klimaschutzausschuss 15 19",
    "plain_text": "sspalten auf- und absteigend sortieren. Kreistag und KreisausschussGremiumMitglieder Kreistag 51 Kreisausschuss 11 FachausschüsseGremiumMitglieder Bau-, Straßen- und Brandschutzausschuss 20 Finanz- und Wirtschaftsausschuss 15 Integrations- und Gleichstellungsausschuss 17 Jugendhilfeausschuss 21 Schul- und Kulturausschuss 23 Sozial- und Gesundheitsausschuss 18 Struktur- und Klimaschutzausschuss 15 19",
    "contacts": [],
    "forms": [],
    "links": [
      {
        "title": "Umwelt- und Abfallwirtschaftsausschuss",
        "url": "https://oldenburg-kreis.ratsinfomanagement.net/gremien/?__=UGhVM0hpd2NXNFdFcExjZe_kr0vAGgx-RDGvrMig7Gg",
        "valid": true
      }
    ],
    "metadata": {
      "agent": "politik_landkreis",
      "type": "link",
      "source": "https://oldenburg-kreis.ratsinfomanagement.net/gremien/",
      "timestamp": "2025-10-29T11:07:42.056Z",
      "compressed": true,
      "compression_ratio": 1
    }
  },
  {
    "url": "https://oldenburg-kreis.ratsinfomanagement.net/gremien/",
    "title": "Gremien",
    "content": "Recherche für Bürger, Politik und Verwaltung. Diese Übersicht enthält alle zurzeit aktiven Gremien. Über die markierten Titel der Überschrift können Sie die einzelnen Informationsspalten auf- und absteigend sortieren. Tabellen: Gremium | Mitglieder | Bau-, Straßen- und Brandschutzausschuss | Finanz- und Wirtschaftsausschuss | Integrations- und Gleichstellungsausschuss | Jugendhilfeausschuss | Schul- und Kulturausschuss | Sozial- und Gesundheitsausschuss | Struktur- und Klimaschutzausschuss | Umwelt- und Abfallwirtschaftsausschuss",
    "plain_text": "Recherche für Bürger, Politik und Verwaltung. Diese Übersicht enthält alle zurzeit aktiven Gremien. Über die markierten Titel der Überschrift können Sie die einzelnen Informationsspalten auf- und absteigend sortieren. Tabellen: Gremium | Mitglieder | Bau-, Straßen- und Brandschutzausschuss | Finanz- und Wirtschaftsausschuss | Integrations- und Gleichstellungsausschuss | Jugendhilfeausschuss | Schul- und Kulturausschuss | Sozial- und Gesundheitsausschuss | Struktur- und Klimaschutzausschuss | Umwelt- und Abfallwirtschaftsausschuss",
    "contacts": [],
    "forms": [],
    "links": [],
    "metadata": {
      "agent": "politik_landkreis",
      "type": "content",
      "source": "https://oldenburg-kreis.ratsinfomanagement.net/gremien/",
      "timestamp": "2025-10-29T11:07:42.056Z",
      "sectionType": "main",
      "compressed": true,
      "compression_ratio": 1
    }
  },
  {
    "url": "https://www.oldenburg-kreis.de/impressum/",
    "title": "Unbekannt",
    "content": "Unbekannt",
    "plain_text": "Unbekannt",
    "contacts": [
      {
        "type": "phone",
        "value": "15000"
      }
    ],
    "forms": [],
    "links": [],
    "metadata": {
      "agent": "politik_landkreis",
      "type": "contact",
      "source": "https://www.oldenburg-kreis.de/impressum/",
      "timestamp": "2025-10-29T11:07:42.056Z",
      "compressed": true,
      "compression_ratio": 1
    }
  },
  {
    "url": "https://www.oldenburg-kreis.de/impressum/",
    "title": "Die Datei wurde nicht gefunden.",
    "content": "Entschuldigung. Diese Datei wurde leider nicht gefunden. Dies kann folgende Gründe haben: Sie verwenden ein altes Lesezeichen / alte Adresse. Über eine Suchmaschine haben Sie ein veraltetes Ergebnis angeklickt. Wechseln Sie bitte zur Startseite oder zur Suche, um die gewünschten Informationen zu erhalten.",
    "plain_text": "Entschuldigung. Diese Datei wurde leider nicht gefunden. Dies kann folgende Gründe haben: Sie verwenden ein altes Lesezeichen / alte Adresse. Über eine Suchmaschine haben Sie ein veraltetes Ergebnis angeklickt. Wechseln Sie bitte zur Startseite oder zur Suche, um die gewünschten Informationen zu erhalten.",
    "contacts": [],
    "forms": [],
    "links": [],
    "metadata": {
      "agent": "politik_landkreis",
      "type": "content",
      "source": "https://www.oldenburg-kreis.de/impressum/",
      "timestamp": "2025-10-29T11:07:42.056Z",
      "sectionType": "heading",
      "compressed": true,
      "compression_ratio": 1
    }
  },
  {
    "url": "https://www.oldenburg-kreis.de/impressum/",
    "title": "Landkreis Oldenburg",
    "content": "Entschuldigung. Diese Datei wurde leider nicht gefunden. Dies kann folgende Gründe haben: Wechseln Sie bitte zur Startseite oder zur Suche, um die gewünschten Informationen zu erhalten. • Sie verwenden ein altes Lesezeichen / alte Adresse. • Über eine Suchmaschine haben Sie ein veraltetes Ergebnis angeklickt.",
    "plain_text": "Entschuldigung. Diese Datei wurde leider nicht gefunden. Dies kann folgende Gründe haben: Wechseln Sie bitte zur Startseite oder zur Suche, um die gewünschten Informationen zu erhalten. • Sie verwenden ein altes Lesezeichen / alte Adresse. • Über eine Suchmaschine haben Sie ein veraltetes Ergebnis angeklickt.",
    "contacts": [],
    "forms": [],
    "links": [],
    "metadata": {
      "agent": "politik_landkreis",
      "type": "content",
      "source": "https://www.oldenburg-kreis.de/impressum/",
      "timestamp": "2025-10-29T11:07:42.056Z",
      "sectionType": "fallback",
      "compressed": true,
      "compression_ratio": 1
    }
  }
]
