[
  {
    "type": "link",
    "url": "https://www.oldenburg-kreis.de/portal/sitemap.html?naviID=900000003&brotID=900000003&id=900000003&navi_id=900000003",
    "title": "Jugend und Familie",
    "source": "https://www.oldenburg-kreis.de/jugend-und-familie/"
  },
  {
    "type": "link",
    "url": "https://www.oldenburg-kreis.de/jugend-und-familie/kinderschutz/",
    "title": "Kinderschutz",
    "source": "https://www.oldenburg-kreis.de/jugend-und-familie/"
  },
  {
    "type": "link",
    "url": "https://www.oldenburg-kreis.de/jugend-und-familie/kinderschutz/schutz-und-klaerungsstelle/",
    "title": "Schutz- und Klärungsstelle",
    "source": "https://www.oldenburg-kreis.de/jugend-und-familie/"
  },
  {
    "type": "link",
    "url": "https://www.oldenburg-kreis.de/jugend-und-familie/kinderschutz/gesetzlicher-jugendschutz/",
    "title": "Gesetzlicher Jugendschutz",
    "source": "https://www.oldenburg-kreis.de/jugend-und-familie/"
  },
  {
    "type": "link",
    "url": "https://www.oldenburg-kreis.de/jugend-und-familie/kinderschutz/fuehrungszeugnisse/",
    "title": "Führungszeugnisse",
    "source": "https://www.oldenburg-kreis.de/jugend-und-familie/"
  },
  {
    "type": "link",
    "url": "https://www.oldenburg-kreis.de/jugend-und-familie/kinderschutz/kinderschutz-beratung/",
    "title": "Kinderschutz-Beratung",
    "source": "https://www.oldenburg-kreis.de/jugend-und-familie/"
  },
  {
    "type": "link",
    "url": "https://www.oldenburg-kreis.de/jugend-und-familie/allg-sozialer-dienst/",
    "title": "Allg. Sozialer Dienst",
    "source": "https://www.oldenburg-kreis.de/jugend-und-familie/"
  },
  {
    "type": "link",
    "url": "https://www.oldenburg-kreis.de/jugend-und-familie/allg-sozialer-dienst/bezirkssozialarbeit/",
    "title": "Bezirkssozialarbeit",
    "source": "https://www.oldenburg-kreis.de/jugend-und-familie/"
  },
  {
    "type": "link",
    "url": "https://www.oldenburg-kreis.de/jugend-und-familie/allg-sozialer-dienst/stationaere-jugendhilfe/",
    "title": "Stationäre Jugendhilfe",
    "source": "https://www.oldenburg-kreis.de/jugend-und-familie/"
  },
  {
    "type": "link",
    "url": "https://www.oldenburg-kreis.de/jugend-und-familie/allg-sozialer-dienst/adoptionsvermittlung-pflegekinderdienst/",
    "title": "Adoptionsvermittlung & Pflegekinderdienst",
    "source": "https://www.oldenburg-kreis.de/jugend-und-familie/"
  },
  {
    "type": "link",
    "url": "https://www.oldenburg-kreis.de/jugend-und-familie/allg-sozialer-dienst/jugendhilfe-im-strafverfahren/",
    "title": "Jugendhilfe im Strafverfahren",
    "source": "https://www.oldenburg-kreis.de/jugend-und-familie/"
  },
  {
    "type": "link",
    "url": "https://www.oldenburg-kreis.de/jugend-und-familie/allg-sozialer-dienst/schutz-und-klaerungsstelle/",
    "title": "Schutz- und Klärungsstelle",
    "source": "https://www.oldenburg-kreis.de/jugend-und-familie/"
  },
  {
    "type": "link",
    "url": "https://www.oldenburg-kreis.de/jugend-und-familie/eingliederungshilfe/",
    "title": "Eingliederungshilfe",
    "source": "https://www.oldenburg-kreis.de/jugend-und-familie/"
  },
  {
    "type": "link",
    "url": "https://www.oldenburg-kreis.de/jugend-und-familie/jugendamt/",
    "title": "Jugendamt",
    "source": "https://www.oldenburg-kreis.de/jugend-und-familie/"
  },
  {
    "type": "link",
    "url": "https://www.oldenburg-kreis.de/jugend-und-familie/jugendamt/wirtschaftliche-jugendhilfe/",
    "title": "Wirtschaftliche Jugendhilfe",
    "source": "https://www.oldenburg-kreis.de/jugend-und-familie/"
  },
  {
    "type": "link",
    "url": "https://www.oldenburg-kreis.de/jugend-und-familie/jugendamt/jugendhilfeplanung/",
    "title": "Jugendhilfeplanung",
    "source": "https://www.oldenburg-kreis.de/jugend-und-familie/"
  },
  {
    "type": "link",
    "url": "https://www.oldenburg-kreis.de/jugend-und-familie/jugendamt/ausbildungsfoerderung/",
    "title": "Ausbildungsförderung",
    "source": "https://www.oldenburg-kreis.de/jugend-und-familie/"
  },
  {
    "type": "link",
    "url": "https://www.oldenburg-kreis.de/jugend-und-familie/beratungsangebote/",
    "title": "Beratungsangebote",
    "source": "https://www.oldenburg-kreis.de/jugend-und-familie/"
  },
  {
    "type": "link",
    "url": "https://www.oldenburg-kreis.de/jugend-und-familie/beratungsangebote/beratungsstellen/",
    "title": "Beratungsstellen",
    "source": "https://www.oldenburg-kreis.de/jugend-und-familie/"
  },
  {
    "type": "link",
    "url": "https://www.oldenburg-kreis.de/jugend-und-familie/jugendarbeit/",
    "title": "Jugendarbeit",
    "source": "https://www.oldenburg-kreis.de/jugend-und-familie/"
  },
  {
    "type": "link",
    "url": "https://www.oldenburg-kreis.de/jugend-und-familie/jugendarbeit/jugendzentren/",
    "title": "Jugendzentren",
    "source": "https://www.oldenburg-kreis.de/jugend-und-familie/"
  },
  {
    "type": "link",
    "url": "https://www.oldenburg-kreis.de/jugend-und-familie/jugendarbeit/kreisjugendring/",
    "title": "Kreisjugendring",
    "source": "https://www.oldenburg-kreis.de/jugend-und-familie/"
  },
  {
    "type": "link",
    "url": "https://www.oldenburg-kreis.de/jugend-und-familie/jugendsozialarbeit/",
    "title": "Jugendsozialarbeit",
    "source": "https://www.oldenburg-kreis.de/jugend-und-familie/"
  },
  {
    "type": "link",
    "url": "https://www.oldenburg-kreis.de/jugend-und-familie/jugendsozialarbeit/koordinierungsstelle-schulverweigerung/",
    "title": "Koordinierungsstelle Schulverweigerung",
    "source": "https://www.oldenburg-kreis.de/jugend-und-familie/"
  },
  {
    "type": "link",
    "url": "https://www.oldenburg-kreis.de/jugend-und-familie/jugendsozialarbeit/schulpflichterfuellung-in-jugendwerkstaetten/",
    "title": "Schulpflichterfüllung in Jugendwerkstätten",
    "source": "https://www.oldenburg-kreis.de/jugend-und-familie/"
  },
  {
    "type": "link",
    "url": "https://www.oldenburg-kreis.de/jugend-und-familie/jugendsozialarbeit/mobiler-dienst-schulsozialarbeit/",
    "title": "Mobiler Dienst - Schulsozialarbeit",
    "source": "https://www.oldenburg-kreis.de/jugend-und-familie/"
  },
  {
    "type": "link",
    "url": "https://www.oldenburg-kreis.de/jugend-und-familie/jugendsozialarbeit/pace/",
    "title": "PACE",
    "source": "https://www.oldenburg-kreis.de/jugend-und-familie/"
  },
  {
    "type": "link",
    "url": "https://www.oldenburg-kreis.de/jugend-und-familie/jugendsozialarbeit/jugendwerkstatt-lupo/",
    "title": "Jugendwerkstatt LUPO",
    "source": "https://www.oldenburg-kreis.de/jugend-und-familie/"
  },
  {
    "type": "link",
    "url": "https://www.oldenburg-kreis.de/jugend-und-familie/kinderbetreuung/",
    "title": "Kinderbetreuung",
    "source": "https://www.oldenburg-kreis.de/jugend-und-familie/"
  },
  {
    "type": "link",
    "url": "https://www.oldenburg-kreis.de/jugend-und-familie/kinderbetreuung/kindertagespflege/",
    "title": "Kindertagespflege",
    "source": "https://www.oldenburg-kreis.de/jugend-und-familie/"
  },
  {
    "type": "link",
    "url": "https://www.oldenburg-kreis.de/jugend-und-familie/kinderbetreuung/kindertagesstaetten/",
    "title": "Kindertagesstätten",
    "source": "https://www.oldenburg-kreis.de/jugend-und-familie/"
  },
  {
    "type": "link",
    "url": "https://www.oldenburg-kreis.de/jugend-und-familie/kinderbetreuung/weitere-angebote-fuer-familien/",
    "title": "Weitere Angebote für Familien",
    "source": "https://www.oldenburg-kreis.de/jugend-und-familie/"
  },
  {
    "type": "link",
    "url": "https://www.oldenburg-kreis.de/jugend-und-familie/fruehe-hilfen-angebote-fuer-kinder-von-0-3/",
    "title": "Frühe Hilfen - Angebote für Kinder von 0-3",
    "source": "https://www.oldenburg-kreis.de/jugend-und-familie/"
  },
  {
    "type": "link",
    "url": "https://www.oldenburg-kreis.de/jugend-und-familie/fruehe-hilfen-angebote-fuer-kinder-von-0-3/caf-kinderwagen-bobbycar/",
    "title": "Café Kinderwagen / Bobbycar",
    "source": "https://www.oldenburg-kreis.de/jugend-und-familie/"
  },
  {
    "type": "link",
    "url": "https://www.oldenburg-kreis.de/jugend-und-familie/fruehe-hilfen-angebote-fuer-kinder-von-0-3/caf-kinderwagen-bobbycar-unterwegs/",
    "title": "Café Kinderwagen/Bobbycar unterwegs",
    "source": "https://www.oldenburg-kreis.de/jugend-und-familie/"
  },
  {
    "type": "link",
    "url": "https://www.oldenburg-kreis.de/jugend-und-familie/fruehe-hilfen-angebote-fuer-kinder-von-0-3/familienhebammen/",
    "title": "Familienhebammen",
    "source": "https://www.oldenburg-kreis.de/jugend-und-familie/"
  },
  {
    "type": "link",
    "url": "https://www.oldenburg-kreis.de/jugend-und-familie/fruehe-hilfen-angebote-fuer-kinder-von-0-3/zuwachs-kommt/",
    "title": "Zuwachs kommt",
    "source": "https://www.oldenburg-kreis.de/jugend-und-familie/"
  },
  {
    "type": "link",
    "url": "https://www.oldenburg-kreis.de/jugend-und-familie/fruehe-hilfen-angebote-fuer-kinder-von-0-3/eltern-coaching/",
    "title": "Eltern-Coaching",
    "source": "https://www.oldenburg-kreis.de/jugend-und-familie/"
  },
  {
    "type": "link",
    "url": "https://www.oldenburg-kreis.de/jugend-und-familie/fruehe-hilfen-angebote-fuer-kinder-von-0-3/familienlotsen/",
    "title": "Familienlotsen",
    "source": "https://www.oldenburg-kreis.de/jugend-und-familie/"
  },
  {
    "type": "link",
    "url": "https://www.oldenburg-kreis.de/jugend-und-familie/fruehe-hilfen-angebote-fuer-kinder-von-0-3/elternkurse/",
    "title": "Elternkurse",
    "source": "https://www.oldenburg-kreis.de/jugend-und-familie/"
  },
  {
    "type": "link",
    "url": "https://www.oldenburg-kreis.de/jugend-und-familie/fruehe-hilfen-angebote-fuer-kinder-von-0-3/waldgruppe/",
    "title": "Waldgruppe",
    "source": "https://www.oldenburg-kreis.de/jugend-und-familie/"
  },
  {
    "type": "link",
    "url": "https://www.oldenburg-kreis.de/jugend-und-familie/sozialzentrum/",
    "title": "Sozialzentrum",
    "source": "https://www.oldenburg-kreis.de/jugend-und-familie/"
  },
  {
    "type": "link",
    "url": "https://www.oldenburg-kreis.de/jugend-und-familie/sozialzentrum/unterhaltsvorschuss/",
    "title": "Unterhaltsvorschuss",
    "source": "https://www.oldenburg-kreis.de/jugend-und-familie/"
  },
  {
    "type": "link",
    "url": "https://www.oldenburg-kreis.de/jugend-und-familie/sozialzentrum/bafoeg/",
    "title": "BAföG",
    "source": "https://www.oldenburg-kreis.de/jugend-und-familie/"
  },
  {
    "type": "link",
    "url": "https://www.oldenburg-kreis.de/jugend-und-familie/sozialzentrum/elterngeld/",
    "title": "Elterngeld",
    "source": "https://www.oldenburg-kreis.de/jugend-und-familie/"
  },
  {
    "type": "link",
    "url": "https://www.oldenburg-kreis.de/jugend-und-familie/sozialzentrum/infopunkt/",
    "title": "Infopunkt",
    "source": "https://www.oldenburg-kreis.de/jugend-und-familie/"
  },
  {
    "type": "link",
    "url": "https://www.oldenburg-kreis.de/jugend-und-familie/unterhalt-sorgerecht/",
    "title": "Unterhalt & Sorgerecht",
    "source": "https://www.oldenburg-kreis.de/jugend-und-familie/"
  },
  {
    "type": "link",
    "url": "https://www.oldenburg-kreis.de/jugend-und-familie/unterhalt-sorgerecht/amtspflegschaften-amtsvormundschaften/",
    "title": "Amtspflegschaften / Amtsvormundschaften",
    "source": "https://www.oldenburg-kreis.de/jugend-und-familie/"
  },
  {
    "type": "link",
    "url": "https://www.oldenburg-kreis.de/jugend-und-familie/unterhalt-sorgerecht/beistandschaften/",
    "title": "Beistandschaften",
    "source": "https://www.oldenburg-kreis.de/jugend-und-familie/"
  },
  {
    "type": "link",
    "url": "https://www.oldenburg-kreis.de/jugend-und-familie/unterhalt-sorgerecht/elterliche-sorge/",
    "title": "Elterliche Sorge",
    "source": "https://www.oldenburg-kreis.de/jugend-und-familie/"
  },
  {
    "type": "link",
    "url": "https://www.oldenburg-kreis.de/jugend-und-familie/unterhalt-sorgerecht/vaterschaftsfeststellung/",
    "title": "Vaterschaftsfeststellung",
    "source": "https://www.oldenburg-kreis.de/jugend-und-familie/"
  },
  {
    "type": "link",
    "url": "https://www.oldenburg-kreis.de/jugend-und-familie/unterhalt-sorgerecht/unterhaltsbeurkundungen/",
    "title": "Unterhaltsbeurkundungen",
    "source": "https://www.oldenburg-kreis.de/jugend-und-familie/"
  },
  {
    "type": "contact",
    "contactType": "phone",
    "value": "900000003",
    "source": "https://www.oldenburg-kreis.de/jugend-und-familie/"
  },
  {
    "type": "contact",
    "contactType": "phone",
    "value": "900000003",
    "source": "https://www.oldenburg-kreis.de/jugend-und-familie/"
  },
  {
    "type": "contact",
    "contactType": "phone",
    "value": "900000003",
    "source": "https://www.oldenburg-kreis.de/jugend-und-familie/"
  },
  {
    "type": "contact",
    "contactType": "phone",
    "value": "900000003",
    "source": "https://www.oldenburg-kreis.de/jugend-und-familie/"
  },
  {
    "type": "contact",
    "contactType": "phone",
    "value": "900000003",
    "source": "https://www.oldenburg-kreis.de/jugend-und-familie/"
  },
  {
    "type": "contact",
    "contactType": "phone",
    "value": "900000003",
    "source": "https://www.oldenburg-kreis.de/jugend-und-familie/"
  },
  {
    "type": "contact",
    "contactType": "phone",
    "value": "900000003",
    "source": "https://www.oldenburg-kreis.de/jugend-und-familie/"
  },
  {
    "type": "contact",
    "contactType": "phone",
    "value": "900000003",
    "source": "https://www.oldenburg-kreis.de/jugend-und-familie/"
  },
  {
    "type": "contact",
    "contactType": "phone",
    "value": "900000003",
    "source": "https://www.oldenburg-kreis.de/jugend-und-familie/"
  },
  {
    "type": "contact",
    "contactType": "phone",
    "value": "900000003",
    "source": "https://www.oldenburg-kreis.de/jugend-und-familie/"
  },
  {
    "type": "contact",
    "contactType": "phone",
    "value": "900000003",
    "source": "https://www.oldenburg-kreis.de/jugend-und-familie/"
  },
  {
    "type": "contact",
    "contactType": "phone",
    "value": "900000003",
    "source": "https://www.oldenburg-kreis.de/jugend-und-familie/"
  },
  {
    "type": "contact",
    "contactType": "phone",
    "value": "900000003",
    "source": "https://www.oldenburg-kreis.de/jugend-und-familie/"
  },
  {
    "type": "contact",
    "contactType": "phone",
    "value": "900000003",
    "source": "https://www.oldenburg-kreis.de/jugend-und-familie/"
  },
  {
    "type": "contact",
    "contactType": "phone",
    "value": "900000003",
    "source": "https://www.oldenburg-kreis.de/jugend-und-familie/"
  },
  {
    "type": "contact",
    "contactType": "phone",
    "value": "900000003",
    "source": "https://www.oldenburg-kreis.de/jugend-und-familie/"
  },
  {
    "type": "content",
    "url": "https://www.oldenburg-kreis.de/jugend-und-familie/",
    "title": "Jugend und Familie",
    "content": "Sie sind hier: Jugend und Familie{\"@context\":\"https:\\/\\/schema.org\",\"@type\":\"BreadcrumbList\",\"itemListElement\":[{\"@type\":\"ListItem\",\"position\":1,\"item\":{\"@id\":\"https:\\/\\/www.oldenburg-kreis.de\\/portal\\/sitemap.html?naviID=900000003&amp;brotID=900000003&amp;id=900000003&amp;navi_id=900000003\",\"name\":\"Jugend und Familie\"}}]} Inhalt vorlesen Seite merken Seite drucken Jugend und FamilieKinderschutzSchutz- und KlärungsstelleGesetzlicher JugendschutzFührungszeugnisseKinderschutz-BeratungAllg. Sozialer DienstBezirkssozialarbeitStationäre JugendhilfeAdoptionsvermittlung & PflegekinderdienstJugendhilfe im StrafverfahrenSchutz- und KlärungsstelleEingliederungshilfeJugendamtWirtschaftliche JugendhilfeJugendhilfeplanungAusbildungsförderungBeratungsangeboteBeratungsstellenJugendarbeitJugendzentrenKreisjugendringJugendsozialarbeitKoordinierungsstelle SchulverweigerungSchulpflichterfüllung in JugendwerkstättenMobiler Dienst - SchulsozialarbeitPACEJugendwerkstatt LUPOKinderbetreuungKindertagespflegeKindertagesstättenWeitere Angebote für FamilienFrühe Hilfen - Angebote für Kinder von 0-3Café Kinderwagen / BobbycarCafé Kinderwagen/Bobbycar unterwegsFamilienhebammenZuwachs kommtEltern-CoachingFamilienlotsenElternkurseWaldgruppeSozialzentrumUnterhaltsvorschussBAföGElterngeldInfopunktUnterhalt & SorgerechtAmtspflegschaften / AmtsvormundschaftenBeistandschaftenElterliche SorgeVaterschaftsfeststellungUnterhaltsbeurkundungenZurück",
    "plain_text": "Sie sind hier: Jugend und Familie{\"@context\":\"https:\\/\\/schema.org\",\"@type\":\"BreadcrumbList\",\"itemListElement\":[{\"@type\":\"ListItem\",\"position\":1,\"item\":{\"@id\":\"https:\\/\\/www.oldenburg-kreis.de\\/portal\\/sitemap.html?naviID=900000003&amp;brotID=900000003&amp;id=900000003&amp;navi_id=900000003\",\"name\":\"Jugend und Familie\"}}]} Inhalt vorlesen Seite merken Seite drucken Jugend und FamilieKinderschutzSchutz- und KlärungsstelleGesetzlicher JugendschutzFührungszeugnisseKinderschutz-BeratungAllg. Sozialer DienstBezirkssozialarbeitStationäre JugendhilfeAdoptionsvermittlung & PflegekinderdienstJugendhilfe im StrafverfahrenSchutz- und KlärungsstelleEingliederungshilfeJugendamtWirtschaftliche JugendhilfeJugendhilfeplanungAusbildungsförderungBeratungsangeboteBeratungsstellenJugendarbeitJugendzentrenKreisjugendringJugendsozialarbeitKoordinierungsstelle SchulverweigerungSchulpflichterfüllung in JugendwerkstättenMobiler Dienst - SchulsozialarbeitPACEJugendwerkstatt LUPOKinderbetreuungKindertagespflegeKindertagesstättenWeitere Angebote für FamilienFrühe Hilfen - Angebote für Kinder von 0-3Café Kinderwagen / BobbycarCafé Kinderwagen/Bobbycar unterwegsFamilienhebammenZuwachs kommtEltern-CoachingFamilienlotsenElternkurseWaldgruppeSozialzentrumUnterhaltsvorschussBAföGElterngeldInfopunktUnterhalt & SorgerechtAmtspflegschaften / AmtsvormundschaftenBeistandschaftenElterliche SorgeVaterschaftsfeststellungUnterhaltsbeurkundungenZurück",
    "source": "https://www.oldenburg-kreis.de/jugend-und-familie/"
  },
  {
    "type": "link",
    "url": "https://www.oldenburg-kreis.de/portal/sitemap.html?naviID=900000003&brotID=900000003&id=900000003&navi_id=900000003",
    "title": "Jugend und Familie",
    "source": "https://www.oldenburg-kreis.de/jugend-und-familie/jugendamt/"
  },
  {
    "type": "link",
    "url": "https://www.oldenburg-kreis.de/portal/seiten/jugendamt-900000147-21700.html?naviID=900000033&brotID=900000033&rubrik=900000004",
    "title": "Jugendamt",
    "source": "https://www.oldenburg-kreis.de/jugend-und-familie/jugendamt/"
  },
  {
    "type": "link",
    "url": "https://ratsinfo.oldenburg-kreis.de/ratsinfo/lkoldenburg/person/details/231",
    "title": "Personendetails - Provox IIP (oldenburg-kreis.de)",
    "source": "https://www.oldenburg-kreis.de/jugend-und-familie/jugendamt/"
  },
  {
    "type": "link",
    "url": "http://ratsinfo.oldenburg-kreis.de/ratsinfo/lkoldenburg/organization/details/14",
    "title": "https://ratsinfo.oldenburg-kreis.de/ratsinfo/lkoldenburg/organization/details/14",
    "source": "https://www.oldenburg-kreis.de/jugend-und-familie/jugendamt/"
  },
  {
    "type": "contact",
    "contactType": "phone",
    "value": "900000003",
    "source": "https://www.oldenburg-kreis.de/jugend-und-familie/jugendamt/"
  },
  {
    "type": "contact",
    "contactType": "phone",
    "value": "900000003",
    "source": "https://www.oldenburg-kreis.de/jugend-und-familie/jugendamt/"
  },
  {
    "type": "contact",
    "contactType": "phone",
    "value": "900000003",
    "source": "https://www.oldenburg-kreis.de/jugend-und-familie/jugendamt/"
  },
  {
    "type": "contact",
    "contactType": "phone",
    "value": "900000003",
    "source": "https://www.oldenburg-kreis.de/jugend-und-familie/jugendamt/"
  },
  {
    "type": "contact",
    "contactType": "phone",
    "value": "900000147-21700",
    "source": "https://www.oldenburg-kreis.de/jugend-und-familie/jugendamt/"
  },
  {
    "type": "contact",
    "contactType": "phone",
    "value": "900000033",
    "source": "https://www.oldenburg-kreis.de/jugend-und-familie/jugendamt/"
  },
  {
    "type": "contact",
    "contactType": "phone",
    "value": "900000033",
    "source": "https://www.oldenburg-kreis.de/jugend-und-familie/jugendamt/"
  },
  {
    "type": "contact",
    "contactType": "phone",
    "value": "900000004",
    "source": "https://www.oldenburg-kreis.de/jugend-und-familie/jugendamt/"
  },
  {
    "type": "contact",
    "contactType": "phone",
    "value": "900000003",
    "source": "https://www.oldenburg-kreis.de/jugend-und-familie/jugendamt/"
  },
  {
    "type": "contact",
    "contactType": "phone",
    "value": "900000003",
    "source": "https://www.oldenburg-kreis.de/jugend-und-familie/jugendamt/"
  },
  {
    "type": "contact",
    "contactType": "phone",
    "value": "900000003",
    "source": "https://www.oldenburg-kreis.de/jugend-und-familie/jugendamt/"
  },
  {
    "type": "contact",
    "contactType": "phone",
    "value": "900000003",
    "source": "https://www.oldenburg-kreis.de/jugend-und-familie/jugendamt/"
  },
  {
    "type": "contact",
    "contactType": "phone",
    "value": "900000147-21700",
    "source": "https://www.oldenburg-kreis.de/jugend-und-familie/jugendamt/"
  },
  {
    "type": "contact",
    "contactType": "phone",
    "value": "900000033",
    "source": "https://www.oldenburg-kreis.de/jugend-und-familie/jugendamt/"
  },
  {
    "type": "contact",
    "contactType": "phone",
    "value": "900000033",
    "source": "https://www.oldenburg-kreis.de/jugend-und-familie/jugendamt/"
  },
  {
    "type": "contact",
    "contactType": "phone",
    "value": "900000004",
    "source": "https://www.oldenburg-kreis.de/jugend-und-familie/jugendamt/"
  },
  {
    "type": "contact",
    "contactType": "phone",
    "value": "900000003",
    "source": "https://www.oldenburg-kreis.de/jugend-und-familie/jugendamt/"
  },
  {
    "type": "contact",
    "contactType": "phone",
    "value": "900000003",
    "source": "https://www.oldenburg-kreis.de/jugend-und-familie/jugendamt/"
  },
  {
    "type": "contact",
    "contactType": "phone",
    "value": "900000003",
    "source": "https://www.oldenburg-kreis.de/jugend-und-familie/jugendamt/"
  },
  {
    "type": "contact",
    "contactType": "phone",
    "value": "900000003",
    "source": "https://www.oldenburg-kreis.de/jugend-und-familie/jugendamt/"
  },
  {
    "type": "contact",
    "contactType": "phone",
    "value": "900000147-21700",
    "source": "https://www.oldenburg-kreis.de/jugend-und-familie/jugendamt/"
  },
  {
    "type": "contact",
    "contactType": "phone",
    "value": "900000033",
    "source": "https://www.oldenburg-kreis.de/jugend-und-familie/jugendamt/"
  },
  {
    "type": "contact",
    "contactType": "phone",
    "value": "900000033",
    "source": "https://www.oldenburg-kreis.de/jugend-und-familie/jugendamt/"
  },
  {
    "type": "contact",
    "contactType": "phone",
    "value": "900000004",
    "source": "https://www.oldenburg-kreis.de/jugend-und-familie/jugendamt/"
  },
  {
    "type": "contact",
    "contactType": "phone",
    "value": "900000003",
    "source": "https://www.oldenburg-kreis.de/jugend-und-familie/jugendamt/"
  },
  {
    "type": "contact",
    "contactType": "phone",
    "value": "900000003",
    "source": "https://www.oldenburg-kreis.de/jugend-und-familie/jugendamt/"
  },
  {
    "type": "contact",
    "contactType": "phone",
    "value": "900000003",
    "source": "https://www.oldenburg-kreis.de/jugend-und-familie/jugendamt/"
  },
  {
    "type": "contact",
    "contactType": "phone",
    "value": "900000003",
    "source": "https://www.oldenburg-kreis.de/jugend-und-familie/jugendamt/"
  },
  {
    "type": "contact",
    "contactType": "phone",
    "value": "900000147-21700",
    "source": "https://www.oldenburg-kreis.de/jugend-und-familie/jugendamt/"
  },
  {
    "type": "contact",
    "contactType": "phone",
    "value": "900000033",
    "source": "https://www.oldenburg-kreis.de/jugend-und-familie/jugendamt/"
  },
  {
    "type": "contact",
    "contactType": "phone",
    "value": "900000033",
    "source": "https://www.oldenburg-kreis.de/jugend-und-familie/jugendamt/"
  },
  {
    "type": "contact",
    "contactType": "phone",
    "value": "900000004",
    "source": "https://www.oldenburg-kreis.de/jugend-und-familie/jugendamt/"
  },
  {
    "type": "content",
    "url": "https://www.oldenburg-kreis.de/jugend-und-familie/jugendamt/",
    "title": "Jugendamt",
    "content": "Sie sind hier: Jugend und Familie/Jugendamt{\"@context\":\"https:\\/\\/schema.org\",\"@type\":\"BreadcrumbList\",\"itemListElement\":[{\"@type\":\"ListItem\",\"position\":1,\"item\":{\"@id\":\"https:\\/\\/www.oldenburg-kreis.de\\/portal\\/sitemap.html?naviID=900000003&amp;brotID=900000003&amp;id=900000003&amp;navi_id=900000003\",\"name\":\"Jugend und Familie\"}},{\"@type\":\"ListItem\",\"position\":2,\"item\":{\"@id\":\"https:\\/\\/www.oldenburg-kreis.de\\/portal\\/seiten\\/jugendamt-900000147-21700.html?naviID=900000033&amp;brotID=900000033&amp;rubrik=900000004\",\"name\":\"Jugendamt\"}}]} Inhalt vorlesen Seite merken Seite drucken Jugendamt Das Jugendamt besteht aus zwei Teilen, dem Jugendhilfeausschuss und der Verwaltung des Jugendamtes. Der Jugendhilfeausschuss hat die Aufgabe, auf die Probleme von jungen Menschen und Familien zu reagieren, Anregungen und Vorschläge zur Weiterentwicklung aufzunehmen sowie die örtlichen Jugendhilfeangebote zu fördern und zu planen. Ihm gehören Mitglieder des Kreistages, in der Jugendhilfe erfahrene Bürgerinnen und Bürger an sowie Personen, die von den anerkannten Trägern der freien Jugendhilfe und den Jugendverbänden vorgeschlagen werden. Vorsitzender des Jugendhilfeausschusses ist Herr Ralf Spille:Personendetails - Provox IIP (oldenburg-kreis.de) Die aktuellen Mitglieder des Jugendhilfeausschusses finden Sie hier:https://ratsinfo.oldenburg-kreis.de/ratsinfo/lkoldenburg/organization/details/14 Die Verwaltung des Jugendamts setzt die Beschlüsse des Jugendhilfeausschusses um und nimmt die Aufgaben nach dem 8. Sozialgesetzbuch (SGB VIII) wahr. Wir unterstützen Eltern und Erziehungsberechtigte bei der Erziehung, Betreuung und Bildung von Kindern und Jugendlichen. Dabei setzen wir auf vorbeugende, familienunterstützende Angebote, die dazu beitragen, positive Lebensbedingungen für Familien zu schaffen. Das Aufgabenspektrum reicht von der Organisation von Kinderbetreuung über die Erziehungsberatung und den Schutz des Kindeswohls bis hin zur Förderung von Angeboten für Jugendliche und zur Schaffung einer kinder- und familienfreundlichen Umwelt. An das Jugendamt kann sich jede und jeder wenden, insbesondere auch Kinder und Jugendliche, wenn sie Probleme haben oder in Notsituationen sind. Zurück NOLISManager.LayoutTemplate.spaltenAngleichen();",
    "plain_text": "Sie sind hier: Jugend und Familie/Jugendamt{\"@context\":\"https:\\/\\/schema.org\",\"@type\":\"BreadcrumbList\",\"itemListElement\":[{\"@type\":\"ListItem\",\"position\":1,\"item\":{\"@id\":\"https:\\/\\/www.oldenburg-kreis.de\\/portal\\/sitemap.html?naviID=900000003&amp;brotID=900000003&amp;id=900000003&amp;navi_id=900000003\",\"name\":\"Jugend und Familie\"}},{\"@type\":\"ListItem\",\"position\":2,\"item\":{\"@id\":\"https:\\/\\/www.oldenburg-kreis.de\\/portal\\/seiten\\/jugendamt-900000147-21700.html?naviID=900000033&amp;brotID=900000033&amp;rubrik=900000004\",\"name\":\"Jugendamt\"}}]} Inhalt vorlesen Seite merken Seite drucken Jugendamt Das Jugendamt besteht aus zwei Teilen, dem Jugendhilfeausschuss und der Verwaltung des Jugendamtes. Der Jugendhilfeausschuss hat die Aufgabe, auf die Probleme von jungen Menschen und Familien zu reagieren, Anregungen und Vorschläge zur Weiterentwicklung aufzunehmen sowie die örtlichen Jugendhilfeangebote zu fördern und zu planen. Ihm gehören Mitglieder des Kreistages, in der Jugendhilfe erfahrene Bürgerinnen und Bürger an sowie Personen, die von den anerkannten Trägern der freien Jugendhilfe und den Jugendverbänden vorgeschlagen werden. Vorsitzender des Jugendhilfeausschusses ist Herr Ralf Spille:Personendetails - Provox IIP (oldenburg-kreis.de) Die aktuellen Mitglieder des Jugendhilfeausschusses finden Sie hier:https://ratsinfo.oldenburg-kreis.de/ratsinfo/lkoldenburg/organization/details/14 Die Verwaltung des Jugendamts setzt die Beschlüsse des Jugendhilfeausschusses um und nimmt die Aufgaben nach dem 8. Sozialgesetzbuch (SGB VIII) wahr. Wir unterstützen Eltern und Erziehungsberechtigte bei der Erziehung, Betreuung und Bildung von Kindern und Jugendlichen. Dabei setzen wir auf vorbeugende, familienunterstützende Angebote, die dazu beitragen, positive Lebensbedingungen für Familien zu schaffen. Das Aufgabenspektrum reicht von der Organisation von Kinderbetreuung über die Erziehungsberatung und den Schutz des Kindeswohls bis hin zur Förderung von Angeboten für Jugendliche und zur Schaffung einer kinder- und familienfreundlichen Umwelt. An das Jugendamt kann sich jede und jeder wenden, insbesondere auch Kinder und Jugendliche, wenn sie Probleme haben oder in Notsituationen sind. Zurück NOLISManager.LayoutTemplate.spaltenAngleichen();",
    "source": "https://www.oldenburg-kreis.de/jugend-und-familie/jugendamt/"
  }
]
