[
  {
    "type": "link",
    "url": "https://www.oldenburg-kreis.de/portal/sitemap.html?naviID=900000001&brotID=900000001&id=900000003&navi_id=900000001",
    "title": "Landkreis und Verwaltung",
    "content": "/Kreisverwaltung/Kurzvorstellung der Ämter/Ordnungsamt",
    "plain_text": "/Kreisverwaltung/Kurzvorstellung der Ämter/Ordnungsamt",
    "source": "https://www.oldenburg-kreis.de/landkreis-und-verwaltung/kreisverwaltung/kurzvorstellung-der-aemter/ordnungsamt/"
  },
  {
    "type": "link",
    "url": "https://www.oldenburg-kreis.de/portal/seiten/kreisverwaltung-900000137-21700.html?naviID=900000040&brotID=900000040&rubrik=900000002",
    "title": "Kreisverwaltung",
    "content": "Kurzvorstellung der Ämter/Ordnungsamt",
    "plain_text": "Kurzvorstellung der Ämter/Ordnungsamt",
    "source": "https://www.oldenburg-kreis.de/landkreis-und-verwaltung/kreisverwaltung/kurzvorstellung-der-aemter/ordnungsamt/"
  },
  {
    "type": "link",
    "url": "https://www.oldenburg-kreis.de/portal/sitemap.html?naviID=900000143&brotID=900000143&id=900000004&navi_id=900000143",
    "title": "Kurzvorstellung der Ämter",
    "content": "Kurzvorstellung der Ämter/Ordnungsamt",
    "plain_text": "Kurzvorstellung der Ämter/Ordnungsamt",
    "source": "https://www.oldenburg-kreis.de/landkreis-und-verwaltung/kreisverwaltung/kurzvorstellung-der-aemter/ordnungsamt/"
  },
  {
    "type": "link",
    "url": "https://www.oldenburg-kreis.de/portal/seiten/ordnungsamt-900000160-21700.html?naviID=900000151&brotID=900000151&rubrik=900000007",
    "title": "Ordnungsamt",
    "content": "Ordnungsamt",
    "plain_text": "Ordnungsamt",
    "source": "https://www.oldenburg-kreis.de/landkreis-und-verwaltung/kreisverwaltung/kurzvorstellung-der-aemter/ordnungsamt/"
  },
  {
    "type": "link",
    "url": "https://www.oldenburg-kreis.de/portal/seiten/auslaenderangelegenheiten-aufenthaltsgenehmigung-900000161-21700.html?rubrik=900000007",
    "title": "Ausländerrechts",
    "content": "Im Rahmen des Ausländerrechts erledigt das Ordnungsamt allgemeine Ausländer- und Asylangelegenheiten. Es werden diverse Aufenthaltstitel erteilt und illegale Aufenthalte beendet. Ferner werden Staatsangehörigkeitsfeststellungen und Einbürgerungen von Ausländern vorgenommen.",
    "plain_text": "Im Rahmen des Ausländerrechts erledigt das Ordnungsamt allgemeine Ausländer- und Asylangelegenheiten. Es werden diverse Aufenthaltstitel erteilt und illegale Aufenthalte beendet. Ferner werden Staatsangehörigkeitsfeststellungen und Einbürgerungen von Ausländern vorgenommen.",
    "source": "https://www.oldenburg-kreis.de/landkreis-und-verwaltung/kreisverwaltung/kurzvorstellung-der-aemter/ordnungsamt/"
  },
  {
    "type": "link",
    "url": "https://www.oldenburg-kreis.de/portal/seiten/jagd-und-waffen-900000171-21700.html?rubrik=900000007",
    "title": "Jagd- und, Waffenangelegenheiten",
    "content": "beinhalten beispielsweise die Ausstellung von Jagdscheinen und Waffenbesitzkarten sowie die Überprüfung und Festsetzung der Abschusspläne für Jagdreviere. Ferner werden die Schießstätten auf ihre Sicherheit hin überprüft.",
    "plain_text": "beinhalten beispielsweise die Ausstellung von Jagdscheinen und Waffenbesitzkarten sowie die Überprüfung und Festsetzung der Abschusspläne für Jagdreviere. Ferner werden die Schießstätten auf ihre Sicherheit hin überprüft.",
    "source": "https://www.oldenburg-kreis.de/landkreis-und-verwaltung/kreisverwaltung/kurzvorstellung-der-aemter/ordnungsamt/"
  },
  {
    "type": "link",
    "url": "https://www.oldenburg-kreis.de/portal/seiten/gewerbe-900000166-21700.html?rubrik=900000003",
    "title": "Gewerbeaufsicht",
    "content": "Die  (nicht zu verwechseln mit dem Staatlichen samt) erteilt Erlaubnisse für Bewachungsunternehmen, Reisegewerbe und Spielhallen nach der Gewerbeordnung. Sie überwacht auch das Schornsteinfegerwesen .",
    "plain_text": "Die  (nicht zu verwechseln mit dem Staatlichen samt) erteilt Erlaubnisse für Bewachungsunternehmen, Reisegewerbe und Spielhallen nach der Gewerbeordnung. Sie überwacht auch das Schornsteinfegerwesen .",
    "source": "https://www.oldenburg-kreis.de/landkreis-und-verwaltung/kreisverwaltung/kurzvorstellung-der-aemter/ordnungsamt/"
  },
  {
    "type": "link",
    "url": "https://www.oldenburg-kreis.de/portal/seiten/bezirksschornsteinfegermeister-im-landkreis-oldenburg-900000167-21700.html?rubrik=900000007",
    "title": "Schornsteinfegerwesen",
    "content": "Die Gewerbeaufsicht (nicht zu verwechseln mit dem Staatlichen Gewerbeaufsichtsamt) erteilt Erlaubnisse für Bewachungsunternehmen, Reisegewerbe und Spielhallen nach der Gewerbeordnung. Sie überwacht auch das Schornsteinfegerwesen .",
    "plain_text": "Die Gewerbeaufsicht (nicht zu verwechseln mit dem Staatlichen Gewerbeaufsichtsamt) erteilt Erlaubnisse für Bewachungsunternehmen, Reisegewerbe und Spielhallen nach der Gewerbeordnung. Sie überwacht auch das Schornsteinfegerwesen .",
    "source": "https://www.oldenburg-kreis.de/landkreis-und-verwaltung/kreisverwaltung/kurzvorstellung-der-aemter/ordnungsamt/"
  },
  {
    "type": "link",
    "url": "https://www.oldenburg-kreis.de/portal/seiten/oeffentlich-rechtliche-namensaenderung-900000172-21700.html?rubrik=900000007",
    "title": "Namensänderungen",
    "content": "Ferner nimmt das Ordnungsamt diverse ordnungsrechtliche Aufgaben, wie z.B. Namensänderungen und Versammlungsangelegenheiten wahr.",
    "plain_text": "Ferner nimmt das Ordnungsamt diverse ordnungsrechtliche Aufgaben, wie z.B. Namensänderungen und Versammlungsangelegenheiten wahr.",
    "source": "https://www.oldenburg-kreis.de/landkreis-und-verwaltung/kreisverwaltung/kurzvorstellung-der-aemter/ordnungsamt/"
  },
  {
    "type": "link",
    "url": "https://www.oldenburg-kreis.de/portal/seiten/versammlungen-demonstrationen-900000178-21700.html?rubrik=900000007",
    "title": "Versammlungsangelegenheiten",
    "content": "Ferner nimmt das Ordnungsamt diverse ordnungsrechtliche Aufgaben, wie z.B. Namensänderungen und Versammlungsangelegenheiten wahr.",
    "plain_text": "Ferner nimmt das Ordnungsamt diverse ordnungsrechtliche Aufgaben, wie z.B. Namensänderungen und Versammlungsangelegenheiten wahr.",
    "source": "https://www.oldenburg-kreis.de/landkreis-und-verwaltung/kreisverwaltung/kurzvorstellung-der-aemter/ordnungsamt/"
  },
  {
    "type": "contact",
    "contactType": "phone",
    "value": "900000001",
    "source": "https://www.oldenburg-kreis.de/landkreis-und-verwaltung/kreisverwaltung/kurzvorstellung-der-aemter/ordnungsamt/"
  },
  {
    "type": "contact",
    "contactType": "phone",
    "value": "900000001",
    "source": "https://www.oldenburg-kreis.de/landkreis-und-verwaltung/kreisverwaltung/kurzvorstellung-der-aemter/ordnungsamt/"
  },
  {
    "type": "contact",
    "contactType": "phone",
    "value": "900000003",
    "source": "https://www.oldenburg-kreis.de/landkreis-und-verwaltung/kreisverwaltung/kurzvorstellung-der-aemter/ordnungsamt/"
  },
  {
    "type": "contact",
    "contactType": "phone",
    "value": "900000001",
    "source": "https://www.oldenburg-kreis.de/landkreis-und-verwaltung/kreisverwaltung/kurzvorstellung-der-aemter/ordnungsamt/"
  },
  {
    "type": "contact",
    "contactType": "phone",
    "value": "900000137-21700",
    "source": "https://www.oldenburg-kreis.de/landkreis-und-verwaltung/kreisverwaltung/kurzvorstellung-der-aemter/ordnungsamt/"
  },
  {
    "type": "contact",
    "contactType": "phone",
    "value": "900000040",
    "source": "https://www.oldenburg-kreis.de/landkreis-und-verwaltung/kreisverwaltung/kurzvorstellung-der-aemter/ordnungsamt/"
  },
  {
    "type": "contact",
    "contactType": "phone",
    "value": "900000040",
    "source": "https://www.oldenburg-kreis.de/landkreis-und-verwaltung/kreisverwaltung/kurzvorstellung-der-aemter/ordnungsamt/"
  },
  {
    "type": "contact",
    "contactType": "phone",
    "value": "900000002",
    "source": "https://www.oldenburg-kreis.de/landkreis-und-verwaltung/kreisverwaltung/kurzvorstellung-der-aemter/ordnungsamt/"
  },
  {
    "type": "contact",
    "contactType": "phone",
    "value": "900000143",
    "source": "https://www.oldenburg-kreis.de/landkreis-und-verwaltung/kreisverwaltung/kurzvorstellung-der-aemter/ordnungsamt/"
  },
  {
    "type": "contact",
    "contactType": "phone",
    "value": "900000143",
    "source": "https://www.oldenburg-kreis.de/landkreis-und-verwaltung/kreisverwaltung/kurzvorstellung-der-aemter/ordnungsamt/"
  },
  {
    "type": "contact",
    "contactType": "phone",
    "value": "900000004",
    "source": "https://www.oldenburg-kreis.de/landkreis-und-verwaltung/kreisverwaltung/kurzvorstellung-der-aemter/ordnungsamt/"
  },
  {
    "type": "contact",
    "contactType": "phone",
    "value": "900000143",
    "source": "https://www.oldenburg-kreis.de/landkreis-und-verwaltung/kreisverwaltung/kurzvorstellung-der-aemter/ordnungsamt/"
  },
  {
    "type": "contact",
    "contactType": "phone",
    "value": "900000160-21700",
    "source": "https://www.oldenburg-kreis.de/landkreis-und-verwaltung/kreisverwaltung/kurzvorstellung-der-aemter/ordnungsamt/"
  },
  {
    "type": "contact",
    "contactType": "phone",
    "value": "900000151",
    "source": "https://www.oldenburg-kreis.de/landkreis-und-verwaltung/kreisverwaltung/kurzvorstellung-der-aemter/ordnungsamt/"
  },
  {
    "type": "contact",
    "contactType": "phone",
    "value": "900000151",
    "source": "https://www.oldenburg-kreis.de/landkreis-und-verwaltung/kreisverwaltung/kurzvorstellung-der-aemter/ordnungsamt/"
  },
  {
    "type": "contact",
    "contactType": "phone",
    "value": "900000007",
    "source": "https://www.oldenburg-kreis.de/landkreis-und-verwaltung/kreisverwaltung/kurzvorstellung-der-aemter/ordnungsamt/"
  },
  {
    "type": "contact",
    "contactType": "phone",
    "value": "900000001",
    "source": "https://www.oldenburg-kreis.de/landkreis-und-verwaltung/kreisverwaltung/kurzvorstellung-der-aemter/ordnungsamt/"
  },
  {
    "type": "contact",
    "contactType": "phone",
    "value": "900000001",
    "source": "https://www.oldenburg-kreis.de/landkreis-und-verwaltung/kreisverwaltung/kurzvorstellung-der-aemter/ordnungsamt/"
  },
  {
    "type": "contact",
    "contactType": "phone",
    "value": "900000003",
    "source": "https://www.oldenburg-kreis.de/landkreis-und-verwaltung/kreisverwaltung/kurzvorstellung-der-aemter/ordnungsamt/"
  },
  {
    "type": "contact",
    "contactType": "phone",
    "value": "900000001",
    "source": "https://www.oldenburg-kreis.de/landkreis-und-verwaltung/kreisverwaltung/kurzvorstellung-der-aemter/ordnungsamt/"
  },
  {
    "type": "contact",
    "contactType": "phone",
    "value": "900000137-21700",
    "source": "https://www.oldenburg-kreis.de/landkreis-und-verwaltung/kreisverwaltung/kurzvorstellung-der-aemter/ordnungsamt/"
  },
  {
    "type": "contact",
    "contactType": "phone",
    "value": "900000040",
    "source": "https://www.oldenburg-kreis.de/landkreis-und-verwaltung/kreisverwaltung/kurzvorstellung-der-aemter/ordnungsamt/"
  },
  {
    "type": "contact",
    "contactType": "phone",
    "value": "900000040",
    "source": "https://www.oldenburg-kreis.de/landkreis-und-verwaltung/kreisverwaltung/kurzvorstellung-der-aemter/ordnungsamt/"
  },
  {
    "type": "contact",
    "contactType": "phone",
    "value": "900000002",
    "source": "https://www.oldenburg-kreis.de/landkreis-und-verwaltung/kreisverwaltung/kurzvorstellung-der-aemter/ordnungsamt/"
  },
  {
    "type": "contact",
    "contactType": "phone",
    "value": "900000143",
    "source": "https://www.oldenburg-kreis.de/landkreis-und-verwaltung/kreisverwaltung/kurzvorstellung-der-aemter/ordnungsamt/"
  },
  {
    "type": "contact",
    "contactType": "phone",
    "value": "900000143",
    "source": "https://www.oldenburg-kreis.de/landkreis-und-verwaltung/kreisverwaltung/kurzvorstellung-der-aemter/ordnungsamt/"
  },
  {
    "type": "contact",
    "contactType": "phone",
    "value": "900000004",
    "source": "https://www.oldenburg-kreis.de/landkreis-und-verwaltung/kreisverwaltung/kurzvorstellung-der-aemter/ordnungsamt/"
  },
  {
    "type": "contact",
    "contactType": "phone",
    "value": "900000143",
    "source": "https://www.oldenburg-kreis.de/landkreis-und-verwaltung/kreisverwaltung/kurzvorstellung-der-aemter/ordnungsamt/"
  },
  {
    "type": "contact",
    "contactType": "phone",
    "value": "900000160-21700",
    "source": "https://www.oldenburg-kreis.de/landkreis-und-verwaltung/kreisverwaltung/kurzvorstellung-der-aemter/ordnungsamt/"
  },
  {
    "type": "contact",
    "contactType": "phone",
    "value": "900000151",
    "source": "https://www.oldenburg-kreis.de/landkreis-und-verwaltung/kreisverwaltung/kurzvorstellung-der-aemter/ordnungsamt/"
  },
  {
    "type": "contact",
    "contactType": "phone",
    "value": "900000151",
    "source": "https://www.oldenburg-kreis.de/landkreis-und-verwaltung/kreisverwaltung/kurzvorstellung-der-aemter/ordnungsamt/"
  },
  {
    "type": "contact",
    "contactType": "phone",
    "value": "900000007",
    "source": "https://www.oldenburg-kreis.de/landkreis-und-verwaltung/kreisverwaltung/kurzvorstellung-der-aemter/ordnungsamt/"
  },
  {
    "type": "contact",
    "contactType": "phone",
    "value": "900000001",
    "source": "https://www.oldenburg-kreis.de/landkreis-und-verwaltung/kreisverwaltung/kurzvorstellung-der-aemter/ordnungsamt/"
  },
  {
    "type": "contact",
    "contactType": "phone",
    "value": "900000001",
    "source": "https://www.oldenburg-kreis.de/landkreis-und-verwaltung/kreisverwaltung/kurzvorstellung-der-aemter/ordnungsamt/"
  },
  {
    "type": "contact",
    "contactType": "phone",
    "value": "900000003",
    "source": "https://www.oldenburg-kreis.de/landkreis-und-verwaltung/kreisverwaltung/kurzvorstellung-der-aemter/ordnungsamt/"
  },
  {
    "type": "contact",
    "contactType": "phone",
    "value": "900000001",
    "source": "https://www.oldenburg-kreis.de/landkreis-und-verwaltung/kreisverwaltung/kurzvorstellung-der-aemter/ordnungsamt/"
  },
  {
    "type": "contact",
    "contactType": "phone",
    "value": "900000137-21700",
    "source": "https://www.oldenburg-kreis.de/landkreis-und-verwaltung/kreisverwaltung/kurzvorstellung-der-aemter/ordnungsamt/"
  },
  {
    "type": "contact",
    "contactType": "phone",
    "value": "900000040",
    "source": "https://www.oldenburg-kreis.de/landkreis-und-verwaltung/kreisverwaltung/kurzvorstellung-der-aemter/ordnungsamt/"
  },
  {
    "type": "contact",
    "contactType": "phone",
    "value": "900000040",
    "source": "https://www.oldenburg-kreis.de/landkreis-und-verwaltung/kreisverwaltung/kurzvorstellung-der-aemter/ordnungsamt/"
  },
  {
    "type": "contact",
    "contactType": "phone",
    "value": "900000002",
    "source": "https://www.oldenburg-kreis.de/landkreis-und-verwaltung/kreisverwaltung/kurzvorstellung-der-aemter/ordnungsamt/"
  },
  {
    "type": "contact",
    "contactType": "phone",
    "value": "900000143",
    "source": "https://www.oldenburg-kreis.de/landkreis-und-verwaltung/kreisverwaltung/kurzvorstellung-der-aemter/ordnungsamt/"
  },
  {
    "type": "contact",
    "contactType": "phone",
    "value": "900000143",
    "source": "https://www.oldenburg-kreis.de/landkreis-und-verwaltung/kreisverwaltung/kurzvorstellung-der-aemter/ordnungsamt/"
  },
  {
    "type": "contact",
    "contactType": "phone",
    "value": "900000004",
    "source": "https://www.oldenburg-kreis.de/landkreis-und-verwaltung/kreisverwaltung/kurzvorstellung-der-aemter/ordnungsamt/"
  },
  {
    "type": "contact",
    "contactType": "phone",
    "value": "900000143",
    "source": "https://www.oldenburg-kreis.de/landkreis-und-verwaltung/kreisverwaltung/kurzvorstellung-der-aemter/ordnungsamt/"
  },
  {
    "type": "contact",
    "contactType": "phone",
    "value": "900000160-21700",
    "source": "https://www.oldenburg-kreis.de/landkreis-und-verwaltung/kreisverwaltung/kurzvorstellung-der-aemter/ordnungsamt/"
  },
  {
    "type": "contact",
    "contactType": "phone",
    "value": "900000151",
    "source": "https://www.oldenburg-kreis.de/landkreis-und-verwaltung/kreisverwaltung/kurzvorstellung-der-aemter/ordnungsamt/"
  },
  {
    "type": "contact",
    "contactType": "phone",
    "value": "900000151",
    "source": "https://www.oldenburg-kreis.de/landkreis-und-verwaltung/kreisverwaltung/kurzvorstellung-der-aemter/ordnungsamt/"
  },
  {
    "type": "contact",
    "contactType": "phone",
    "value": "900000007",
    "source": "https://www.oldenburg-kreis.de/landkreis-und-verwaltung/kreisverwaltung/kurzvorstellung-der-aemter/ordnungsamt/"
  },
  {
    "type": "contact",
    "contactType": "phone",
    "value": "900000001",
    "source": "https://www.oldenburg-kreis.de/landkreis-und-verwaltung/kreisverwaltung/kurzvorstellung-der-aemter/ordnungsamt/"
  },
  {
    "type": "contact",
    "contactType": "phone",
    "value": "900000001",
    "source": "https://www.oldenburg-kreis.de/landkreis-und-verwaltung/kreisverwaltung/kurzvorstellung-der-aemter/ordnungsamt/"
  },
  {
    "type": "contact",
    "contactType": "phone",
    "value": "900000003",
    "source": "https://www.oldenburg-kreis.de/landkreis-und-verwaltung/kreisverwaltung/kurzvorstellung-der-aemter/ordnungsamt/"
  },
  {
    "type": "contact",
    "contactType": "phone",
    "value": "900000001",
    "source": "https://www.oldenburg-kreis.de/landkreis-und-verwaltung/kreisverwaltung/kurzvorstellung-der-aemter/ordnungsamt/"
  },
  {
    "type": "contact",
    "contactType": "phone",
    "value": "900000137-21700",
    "source": "https://www.oldenburg-kreis.de/landkreis-und-verwaltung/kreisverwaltung/kurzvorstellung-der-aemter/ordnungsamt/"
  },
  {
    "type": "contact",
    "contactType": "phone",
    "value": "900000040",
    "source": "https://www.oldenburg-kreis.de/landkreis-und-verwaltung/kreisverwaltung/kurzvorstellung-der-aemter/ordnungsamt/"
  },
  {
    "type": "contact",
    "contactType": "phone",
    "value": "900000040",
    "source": "https://www.oldenburg-kreis.de/landkreis-und-verwaltung/kreisverwaltung/kurzvorstellung-der-aemter/ordnungsamt/"
  },
  {
    "type": "contact",
    "contactType": "phone",
    "value": "900000002",
    "source": "https://www.oldenburg-kreis.de/landkreis-und-verwaltung/kreisverwaltung/kurzvorstellung-der-aemter/ordnungsamt/"
  },
  {
    "type": "contact",
    "contactType": "phone",
    "value": "900000143",
    "source": "https://www.oldenburg-kreis.de/landkreis-und-verwaltung/kreisverwaltung/kurzvorstellung-der-aemter/ordnungsamt/"
  },
  {
    "type": "contact",
    "contactType": "phone",
    "value": "900000143",
    "source": "https://www.oldenburg-kreis.de/landkreis-und-verwaltung/kreisverwaltung/kurzvorstellung-der-aemter/ordnungsamt/"
  },
  {
    "type": "contact",
    "contactType": "phone",
    "value": "900000004",
    "source": "https://www.oldenburg-kreis.de/landkreis-und-verwaltung/kreisverwaltung/kurzvorstellung-der-aemter/ordnungsamt/"
  },
  {
    "type": "contact",
    "contactType": "phone",
    "value": "900000143",
    "source": "https://www.oldenburg-kreis.de/landkreis-und-verwaltung/kreisverwaltung/kurzvorstellung-der-aemter/ordnungsamt/"
  },
  {
    "type": "contact",
    "contactType": "phone",
    "value": "900000160-21700",
    "source": "https://www.oldenburg-kreis.de/landkreis-und-verwaltung/kreisverwaltung/kurzvorstellung-der-aemter/ordnungsamt/"
  },
  {
    "type": "contact",
    "contactType": "phone",
    "value": "900000151",
    "source": "https://www.oldenburg-kreis.de/landkreis-und-verwaltung/kreisverwaltung/kurzvorstellung-der-aemter/ordnungsamt/"
  },
  {
    "type": "contact",
    "contactType": "phone",
    "value": "900000151",
    "source": "https://www.oldenburg-kreis.de/landkreis-und-verwaltung/kreisverwaltung/kurzvorstellung-der-aemter/ordnungsamt/"
  },
  {
    "type": "contact",
    "contactType": "phone",
    "value": "900000007",
    "source": "https://www.oldenburg-kreis.de/landkreis-und-verwaltung/kreisverwaltung/kurzvorstellung-der-aemter/ordnungsamt/"
  },
  {
    "type": "content",
    "url": "https://www.oldenburg-kreis.de/landkreis-und-verwaltung/kreisverwaltung/kurzvorstellung-der-aemter/ordnungsamt/",
    "title": "Das Ordnungsamt",
    "content": "Im Aufgabengebiet des Landkreises Oldenburg nimmt der ordnungsrechtliche Bereich einen festen Platz ein. Es ist leider unvermeidlich, in vielen Bereichen ordnend einzugreifen, um die Einwohnerinnen und Einwohner im Landkreis Oldenburg vor Schäden und Gefahren vielfältigster Art und Weise zu bewahren. Ein möglichst reibungsloser Umgang unter den Mitbürgern steht dabei im Vordergrund. Von daher ist es in erster Linie nicht die Aufgabe des Ordnungsamtes, bestrafend tätig zu werden, man könnte es vielmehr erziehend nennen, so denn ein Verfahren zu einer Verwarnung oder einem Bußgeld führt.\n\nDies sind die vielfältigen, verschiedenen Aufgabengebiete, welche Sie in der Ordnungsverwaltung des Landkreises Oldenburg finden:\n\n• Im Rahmen des Ausländerrechts erledigt das Ordnungsamt allgemeine Ausländer- und Asylangelegenheiten. Es werden diverse Aufenthaltstitel erteilt und illegale Aufenthalte beendet. Ferner werden Staatsangehörigkeitsfeststellungen und Einbürgerungen von Ausländern vorgenommen.\n• Jagd- und, Waffenangelegenheiten beinhalten beispielsweise die Ausstellung von Jagdscheinen und Waffenbesitzkarten sowie die Überprüfung und Festsetzung der Abschusspläne für Jagdreviere. Ferner werden die Schießstätten auf ihre Sicherheit hin überprüft.\n• Die Gewerbeaufsicht (nicht zu verwechseln mit dem Staatlichen Gewerbeaufsichtsamt) erteilt Erlaubnisse für Bewachungsunternehmen, Reisegewerbe und Spielhallen nach der Gewerbeordnung. Sie überwacht auch das Schornsteinfegerwesen .\n• Ferner nimmt das Ordnungsamt diverse ordnungsrechtliche Aufgaben, wie z.B. Namensänderungen und Versammlungsangelegenheiten wahr.",
    "plain_text": "Im Aufgabengebiet des Landkreises Oldenburg nimmt der ordnungsrechtliche Bereich einen festen Platz ein. Es ist leider unvermeidlich, in vielen Bereichen ordnend einzugreifen, um die Einwohnerinnen und Einwohner im Landkreis Oldenburg vor Schäden und Gefahren vielfältigster Art und Weise zu bewahren. Ein möglichst reibungsloser Umgang unter den Mitbürgern steht dabei im Vordergrund. Von daher ist es in erster Linie nicht die Aufgabe des Ordnungsamtes, bestrafend tätig zu werden, man könnte es vielmehr erziehend nennen, so denn ein Verfahren zu einer Verwarnung oder einem Bußgeld führt.\n\nDies sind die vielfältigen, verschiedenen Aufgabengebiete, welche Sie in der Ordnungsverwaltung des Landkreises Oldenburg finden:\n\n• Im Rahmen des Ausländerrechts erledigt das Ordnungsamt allgemeine Ausländer- und Asylangelegenheiten. Es werden diverse Aufenthaltstitel erteilt und illegale Aufenthalte beendet. Ferner werden Staatsangehörigkeitsfeststellungen und Einbürgerungen von Ausländern vorgenommen.\n• Jagd- und, Waffenangelegenheiten beinhalten beispielsweise die Ausstellung von Jagdscheinen und Waffenbesitzkarten sowie die Überprüfung und Festsetzung der Abschusspläne für Jagdreviere. Ferner werden die Schießstätten auf ihre Sicherheit hin überprüft.\n• Die Gewerbeaufsicht (nicht zu verwechseln mit dem Staatlichen Gewerbeaufsichtsamt) erteilt Erlaubnisse für Bewachungsunternehmen, Reisegewerbe und Spielhallen nach der Gewerbeordnung. Sie überwacht auch das Schornsteinfegerwesen .\n• Ferner nimmt das Ordnungsamt diverse ordnungsrechtliche Aufgaben, wie z.B. Namensänderungen und Versammlungsangelegenheiten wahr.",
    "source": "https://www.oldenburg-kreis.de/landkreis-und-verwaltung/kreisverwaltung/kurzvorstellung-der-aemter/ordnungsamt/",
    "sectionType": "main",
    "paragraphCount": 2
  },
  {
    "type": "content",
    "url": "https://www.oldenburg-kreis.de/landkreis-und-verwaltung/kreisverwaltung/kurzvorstellung-der-aemter/ordnungsamt/",
    "title": "Inhaltsbereich",
    "content": "Volltextsuche Suchen Sie sind hier: Landkreis und Verwaltung/Kreisverwaltung/Kurzvorstellung der Ämter/Ordnungsamt Inhalt vorlesen Seite merken Seite drucken Das Ordnungsamt Im Aufgabengebiet des Landkreises Oldenburg nimmt der ordnungsrechtliche Bereich einen festen Platz ein. Es ist leider unvermeidlich, in vielen Bereichen ordnend einzugreifen, um die Einwohnerinnen und Einwohner im Landkreis Oldenburg vor Schäden und Gefahren vielfältigster Art und Weise zu bewahren. Ein möglichst reibungsloser Umgang unter den Mitbürgern steht dabei im Vordergrund. Von daher ist es in erster Linie nicht die Aufgabe des Ordnungsamtes, bestrafend tätig zu werden, man könnte es vielmehr erziehend nennen, so denn ein Verfahren zu einer Verwarnung oder einem Bußgeld führt. Dies sind die vielfältigen, verschiedenen Aufgabengebiete, welche Sie in der Ordnungsverwaltung des Landkreises Oldenburg finden: Im Rahmen des Ausländerrechts erledigt das Ordnungsamt allgemeine Ausländer- und Asylangelegenheiten. Es werden diverse Aufenthaltstitel erteilt und illegale Aufenthalte beendet. Ferner werden Staatsangehörigkeitsfeststellungen und Einbürgerungen von Ausländern vorgenommen. Jagd- und, Waffenangelegenheiten beinhalten beispielsweise die Ausstellung von Jagdscheinen und Waffenbesitzkarten sowie die Überprüfung und Festsetzung der Abschusspläne für Jagdreviere. Ferner werden die Schießstätten auf ihre Sicherheit hin überprüft. Die Gewerbeaufsicht (nicht zu verwechseln mit dem Staatlichen Gewerbeaufsichtsamt) erteilt Erlaubnisse für Bewachungsunternehmen, Reisegewerbe und Spielhallen nach der Gewerbeordnung. Sie überwacht auch das Schornsteinfegerwesen . Ferner nimmt das Ordnungsamt diverse ordnungsrechtliche Aufgaben, wie z.B. Namensänderungen und Versammlungsangelegenheiten wahr. Zurück",
    "plain_text": "Volltextsuche Suchen Sie sind hier: Landkreis und Verwaltung/Kreisverwaltung/Kurzvorstellung der Ämter/Ordnungsamt Inhalt vorlesen Seite merken Seite drucken Das Ordnungsamt Im Aufgabengebiet des Landkreises Oldenburg nimmt der ordnungsrechtliche Bereich einen festen Platz ein. Es ist leider unvermeidlich, in vielen Bereichen ordnend einzugreifen, um die Einwohnerinnen und Einwohner im Landkreis Oldenburg vor Schäden und Gefahren vielfältigster Art und Weise zu bewahren. Ein möglichst reibungsloser Umgang unter den Mitbürgern steht dabei im Vordergrund. Von daher ist es in erster Linie nicht die Aufgabe des Ordnungsamtes, bestrafend tätig zu werden, man könnte es vielmehr erziehend nennen, so denn ein Verfahren zu einer Verwarnung oder einem Bußgeld führt. Dies sind die vielfältigen, verschiedenen Aufgabengebiete, welche Sie in der Ordnungsverwaltung des Landkreises Oldenburg finden: Im Rahmen des Ausländerrechts erledigt das Ordnungsamt allgemeine Ausländer- und Asylangelegenheiten. Es werden diverse Aufenthaltstitel erteilt und illegale Aufenthalte beendet. Ferner werden Staatsangehörigkeitsfeststellungen und Einbürgerungen von Ausländern vorgenommen. Jagd- und, Waffenangelegenheiten beinhalten beispielsweise die Ausstellung von Jagdscheinen und Waffenbesitzkarten sowie die Überprüfung und Festsetzung der Abschusspläne für Jagdreviere. Ferner werden die Schießstätten auf ihre Sicherheit hin überprüft. Die Gewerbeaufsicht (nicht zu verwechseln mit dem Staatlichen Gewerbeaufsichtsamt) erteilt Erlaubnisse für Bewachungsunternehmen, Reisegewerbe und Spielhallen nach der Gewerbeordnung. Sie überwacht auch das Schornsteinfegerwesen . Ferner nimmt das Ordnungsamt diverse ordnungsrechtliche Aufgaben, wie z.B. Namensänderungen und Versammlungsangelegenheiten wahr. Zurück",
    "source": "https://www.oldenburg-kreis.de/landkreis-und-verwaltung/kreisverwaltung/kurzvorstellung-der-aemter/ordnungsamt/",
    "sectionType": "heading"
  },
  {
    "type": "content",
    "url": "https://www.oldenburg-kreis.de/landkreis-und-verwaltung/kreisverwaltung/kurzvorstellung-der-aemter/ordnungsamt/",
    "title": "Das Ordnungsamt",
    "content": "Im Aufgabengebiet des Landkreises Oldenburg nimmt der ordnungsrechtliche Bereich einen festen Platz ein. Es ist leider unvermeidlich, in vielen Bereichen ordnend einzugreifen, um die Einwohnerinnen und Einwohner im Landkreis Oldenburg vor Schäden und Gefahren vielfältigster Art und Weise zu bewahren. Ein möglichst reibungsloser Umgang unter den Mitbürgern steht dabei im Vordergrund. Von daher ist es in erster Linie nicht die Aufgabe des Ordnungsamtes, bestrafend tätig zu werden, man könnte es vielmehr erziehend nennen, so denn ein Verfahren zu einer Verwarnung oder einem Bußgeld führt. Dies sind die vielfältigen, verschiedenen Aufgabengebiete, welche Sie in der Ordnungsverwaltung des Landkreises Oldenburg finden: Im Rahmen des Ausländerrechts erledigt das Ordnungsamt allgemeine Ausländer- und Asylangelegenheiten. Es werden diverse Aufenthaltstitel erteilt und illegale Aufenthalte beendet. Ferner werden Staatsangehörigkeitsfeststellungen und Einbürgerungen von Ausländern vorgenommen. Jagd- und, Waffenangelegenheiten beinhalten beispielsweise die Ausstellung von Jagdscheinen und Waffenbesitzkarten sowie die Überprüfung und Festsetzung der Abschusspläne für Jagdreviere. Ferner werden die Schießstätten auf ihre Sicherheit hin überprüft. Die Gewerbeaufsicht (nicht zu verwechseln mit dem Staatlichen Gewerbeaufsichtsamt) erteilt Erlaubnisse für Bewachungsunternehmen, Reisegewerbe und Spielhallen nach der Gewerbeordnung. Sie überwacht auch das Schornsteinfegerwesen . Ferner nimmt das Ordnungsamt diverse ordnungsrechtliche Aufgaben, wie z.B. Namensänderungen und Versammlungsangelegenheiten wahr. Zurück",
    "plain_text": "Im Aufgabengebiet des Landkreises Oldenburg nimmt der ordnungsrechtliche Bereich einen festen Platz ein. Es ist leider unvermeidlich, in vielen Bereichen ordnend einzugreifen, um die Einwohnerinnen und Einwohner im Landkreis Oldenburg vor Schäden und Gefahren vielfältigster Art und Weise zu bewahren. Ein möglichst reibungsloser Umgang unter den Mitbürgern steht dabei im Vordergrund. Von daher ist es in erster Linie nicht die Aufgabe des Ordnungsamtes, bestrafend tätig zu werden, man könnte es vielmehr erziehend nennen, so denn ein Verfahren zu einer Verwarnung oder einem Bußgeld führt. Dies sind die vielfältigen, verschiedenen Aufgabengebiete, welche Sie in der Ordnungsverwaltung des Landkreises Oldenburg finden: Im Rahmen des Ausländerrechts erledigt das Ordnungsamt allgemeine Ausländer- und Asylangelegenheiten. Es werden diverse Aufenthaltstitel erteilt und illegale Aufenthalte beendet. Ferner werden Staatsangehörigkeitsfeststellungen und Einbürgerungen von Ausländern vorgenommen. Jagd- und, Waffenangelegenheiten beinhalten beispielsweise die Ausstellung von Jagdscheinen und Waffenbesitzkarten sowie die Überprüfung und Festsetzung der Abschusspläne für Jagdreviere. Ferner werden die Schießstätten auf ihre Sicherheit hin überprüft. Die Gewerbeaufsicht (nicht zu verwechseln mit dem Staatlichen Gewerbeaufsichtsamt) erteilt Erlaubnisse für Bewachungsunternehmen, Reisegewerbe und Spielhallen nach der Gewerbeordnung. Sie überwacht auch das Schornsteinfegerwesen . Ferner nimmt das Ordnungsamt diverse ordnungsrechtliche Aufgaben, wie z.B. Namensänderungen und Versammlungsangelegenheiten wahr. Zurück",
    "source": "https://www.oldenburg-kreis.de/landkreis-und-verwaltung/kreisverwaltung/kurzvorstellung-der-aemter/ordnungsamt/",
    "sectionType": "heading"
  }
]
