[
  {
    "type": "link",
    "url": "https://www.oldenburg-kreis.de/portal/startseite.html",
    "title": "Startseite",
    "content": "Wechseln Sie bitte zur  oder zur Suche, um die gewünschten Informationen zu erhalten.",
    "plain_text": "Wechseln Sie bitte zur  oder zur Suche, um die gewünschten Informationen zu erhalten.",
    "source": "https://www.oldenburg-kreis.de/landkreis-und-verwaltung/kreisverwaltung/landrat/"
  },
  {
    "type": "link",
    "url": "https://www.oldenburg-kreis.de/portal/suche.html",
    "title": "Suche",
    "content": "Wechseln Sie bitte zur Startseite oder zur , um die gewünschten Informationen zu erhalten.",
    "plain_text": "Wechseln Sie bitte zur Startseite oder zur , um die gewünschten Informationen zu erhalten.",
    "source": "https://www.oldenburg-kreis.de/landkreis-und-verwaltung/kreisverwaltung/landrat/"
  },
  {
    "type": "contact",
    "contactType": "phone",
    "value": "15000",
    "source": "https://www.oldenburg-kreis.de/landkreis-und-verwaltung/kreisverwaltung/landrat/"
  },
  {
    "type": "content",
    "url": "https://www.oldenburg-kreis.de/landkreis-und-verwaltung/kreisverwaltung/landrat/",
    "title": "Die Datei wurde nicht gefunden.",
    "content": "Entschuldigung. Diese Datei wurde leider nicht gefunden. Dies kann folgende Gründe haben: Sie verwenden ein altes Lesezeichen / alte Adresse. Über eine Suchmaschine haben Sie ein veraltetes Ergebnis angeklickt. Wechseln Sie bitte zur Startseite oder zur Suche, um die gewünschten Informationen zu erhalten.",
    "plain_text": "Entschuldigung. Diese Datei wurde leider nicht gefunden. Dies kann folgende Gründe haben: Sie verwenden ein altes Lesezeichen / alte Adresse. Über eine Suchmaschine haben Sie ein veraltetes Ergebnis angeklickt. Wechseln Sie bitte zur Startseite oder zur Suche, um die gewünschten Informationen zu erhalten.",
    "source": "https://www.oldenburg-kreis.de/landkreis-und-verwaltung/kreisverwaltung/landrat/",
    "sectionType": "heading"
  },
  {
    "type": "content",
    "url": "https://www.oldenburg-kreis.de/landkreis-und-verwaltung/kreisverwaltung/landrat/",
    "title": "Landkreis Oldenburg",
    "content": "Entschuldigung. Diese Datei wurde leider nicht gefunden. Dies kann folgende Gründe haben:\n\nWechseln Sie bitte zur Startseite oder zur Suche, um die gewünschten Informationen zu erhalten.\n\n• Sie verwenden ein altes Lesezeichen / alte Adresse.\n• Über eine Suchmaschine haben Sie ein veraltetes Ergebnis angeklickt.",
    "plain_text": "Entschuldigung. Diese Datei wurde leider nicht gefunden. Dies kann folgende Gründe haben:\n\nWechseln Sie bitte zur Startseite oder zur Suche, um die gewünschten Informationen zu erhalten.\n\n• Sie verwenden ein altes Lesezeichen / alte Adresse.\n• Über eine Suchmaschine haben Sie ein veraltetes Ergebnis angeklickt.",
    "source": "https://www.oldenburg-kreis.de/landkreis-und-verwaltung/kreisverwaltung/landrat/",
    "sectionType": "fallback"
  },
  {
    "type": "link",
    "url": "https://www.oldenburg-kreis.de/portal/startseite.html",
    "title": "Startseite",
    "content": "Wechseln Sie bitte zur  oder zur Suche, um die gewünschten Informationen zu erhalten.",
    "plain_text": "Wechseln Sie bitte zur  oder zur Suche, um die gewünschten Informationen zu erhalten.",
    "source": "https://www.oldenburg-kreis.de/landkreis-und-verwaltung/kreistag/kreistagsmitglieder/"
  },
  {
    "type": "link",
    "url": "https://www.oldenburg-kreis.de/portal/suche.html",
    "title": "Suche",
    "content": "Wechseln Sie bitte zur Startseite oder zur , um die gewünschten Informationen zu erhalten.",
    "plain_text": "Wechseln Sie bitte zur Startseite oder zur , um die gewünschten Informationen zu erhalten.",
    "source": "https://www.oldenburg-kreis.de/landkreis-und-verwaltung/kreistag/kreistagsmitglieder/"
  },
  {
    "type": "contact",
    "contactType": "phone",
    "value": "15000",
    "source": "https://www.oldenburg-kreis.de/landkreis-und-verwaltung/kreistag/kreistagsmitglieder/"
  },
  {
    "type": "content",
    "url": "https://www.oldenburg-kreis.de/landkreis-und-verwaltung/kreistag/kreistagsmitglieder/",
    "title": "Die Datei wurde nicht gefunden.",
    "content": "Entschuldigung. Diese Datei wurde leider nicht gefunden. Dies kann folgende Gründe haben: Sie verwenden ein altes Lesezeichen / alte Adresse. Über eine Suchmaschine haben Sie ein veraltetes Ergebnis angeklickt. Wechseln Sie bitte zur Startseite oder zur Suche, um die gewünschten Informationen zu erhalten.",
    "plain_text": "Entschuldigung. Diese Datei wurde leider nicht gefunden. Dies kann folgende Gründe haben: Sie verwenden ein altes Lesezeichen / alte Adresse. Über eine Suchmaschine haben Sie ein veraltetes Ergebnis angeklickt. Wechseln Sie bitte zur Startseite oder zur Suche, um die gewünschten Informationen zu erhalten.",
    "source": "https://www.oldenburg-kreis.de/landkreis-und-verwaltung/kreistag/kreistagsmitglieder/",
    "sectionType": "heading"
  },
  {
    "type": "content",
    "url": "https://www.oldenburg-kreis.de/landkreis-und-verwaltung/kreistag/kreistagsmitglieder/",
    "title": "Landkreis Oldenburg",
    "content": "Entschuldigung. Diese Datei wurde leider nicht gefunden. Dies kann folgende Gründe haben:\n\nWechseln Sie bitte zur Startseite oder zur Suche, um die gewünschten Informationen zu erhalten.\n\n• Sie verwenden ein altes Lesezeichen / alte Adresse.\n• Über eine Suchmaschine haben Sie ein veraltetes Ergebnis angeklickt.",
    "plain_text": "Entschuldigung. Diese Datei wurde leider nicht gefunden. Dies kann folgende Gründe haben:\n\nWechseln Sie bitte zur Startseite oder zur Suche, um die gewünschten Informationen zu erhalten.\n\n• Sie verwenden ein altes Lesezeichen / alte Adresse.\n• Über eine Suchmaschine haben Sie ein veraltetes Ergebnis angeklickt.",
    "source": "https://www.oldenburg-kreis.de/landkreis-und-verwaltung/kreistag/kreistagsmitglieder/",
    "sectionType": "fallback"
  },
  {
    "type": "link",
    "url": "https://www.oldenburg-kreis.de/portal/startseite.html",
    "title": "Startseite",
    "content": "Wechseln Sie bitte zur  oder zur Suche, um die gewünschten Informationen zu erhalten.",
    "plain_text": "Wechseln Sie bitte zur  oder zur Suche, um die gewünschten Informationen zu erhalten.",
    "source": "https://www.oldenburg-kreis.de/landkreis-und-verwaltung/kreistag/gremien/"
  },
  {
    "type": "link",
    "url": "https://www.oldenburg-kreis.de/portal/suche.html",
    "title": "Suche",
    "content": "Wechseln Sie bitte zur Startseite oder zur , um die gewünschten Informationen zu erhalten.",
    "plain_text": "Wechseln Sie bitte zur Startseite oder zur , um die gewünschten Informationen zu erhalten.",
    "source": "https://www.oldenburg-kreis.de/landkreis-und-verwaltung/kreistag/gremien/"
  },
  {
    "type": "contact",
    "contactType": "phone",
    "value": "15000",
    "source": "https://www.oldenburg-kreis.de/landkreis-und-verwaltung/kreistag/gremien/"
  },
  {
    "type": "content",
    "url": "https://www.oldenburg-kreis.de/landkreis-und-verwaltung/kreistag/gremien/",
    "title": "Die Datei wurde nicht gefunden.",
    "content": "Entschuldigung. Diese Datei wurde leider nicht gefunden. Dies kann folgende Gründe haben: Sie verwenden ein altes Lesezeichen / alte Adresse. Über eine Suchmaschine haben Sie ein veraltetes Ergebnis angeklickt. Wechseln Sie bitte zur Startseite oder zur Suche, um die gewünschten Informationen zu erhalten.",
    "plain_text": "Entschuldigung. Diese Datei wurde leider nicht gefunden. Dies kann folgende Gründe haben: Sie verwenden ein altes Lesezeichen / alte Adresse. Über eine Suchmaschine haben Sie ein veraltetes Ergebnis angeklickt. Wechseln Sie bitte zur Startseite oder zur Suche, um die gewünschten Informationen zu erhalten.",
    "source": "https://www.oldenburg-kreis.de/landkreis-und-verwaltung/kreistag/gremien/",
    "sectionType": "heading"
  },
  {
    "type": "content",
    "url": "https://www.oldenburg-kreis.de/landkreis-und-verwaltung/kreistag/gremien/",
    "title": "Landkreis Oldenburg",
    "content": "Entschuldigung. Diese Datei wurde leider nicht gefunden. Dies kann folgende Gründe haben:\n\nWechseln Sie bitte zur Startseite oder zur Suche, um die gewünschten Informationen zu erhalten.\n\n• Sie verwenden ein altes Lesezeichen / alte Adresse.\n• Über eine Suchmaschine haben Sie ein veraltetes Ergebnis angeklickt.",
    "plain_text": "Entschuldigung. Diese Datei wurde leider nicht gefunden. Dies kann folgende Gründe haben:\n\nWechseln Sie bitte zur Startseite oder zur Suche, um die gewünschten Informationen zu erhalten.\n\n• Sie verwenden ein altes Lesezeichen / alte Adresse.\n• Über eine Suchmaschine haben Sie ein veraltetes Ergebnis angeklickt.",
    "source": "https://www.oldenburg-kreis.de/landkreis-und-verwaltung/kreistag/gremien/",
    "sectionType": "fallback"
  },
  {
    "type": "link",
    "url": "https://www.oldenburg-kreis.de/portal/startseite.html",
    "title": "Startseite",
    "content": "Wechseln Sie bitte zur  oder zur Suche, um die gewünschten Informationen zu erhalten.",
    "plain_text": "Wechseln Sie bitte zur  oder zur Suche, um die gewünschten Informationen zu erhalten.",
    "source": "https://www.oldenburg-kreis.de/landkreis-und-verwaltung/kreisverwaltung/kreisorgane/"
  },
  {
    "type": "link",
    "url": "https://www.oldenburg-kreis.de/portal/suche.html",
    "title": "Suche",
    "content": "Wechseln Sie bitte zur Startseite oder zur , um die gewünschten Informationen zu erhalten.",
    "plain_text": "Wechseln Sie bitte zur Startseite oder zur , um die gewünschten Informationen zu erhalten.",
    "source": "https://www.oldenburg-kreis.de/landkreis-und-verwaltung/kreisverwaltung/kreisorgane/"
  },
  {
    "type": "contact",
    "contactType": "phone",
    "value": "15000",
    "source": "https://www.oldenburg-kreis.de/landkreis-und-verwaltung/kreisverwaltung/kreisorgane/"
  },
  {
    "type": "content",
    "url": "https://www.oldenburg-kreis.de/landkreis-und-verwaltung/kreisverwaltung/kreisorgane/",
    "title": "Die Datei wurde nicht gefunden.",
    "content": "Entschuldigung. Diese Datei wurde leider nicht gefunden. Dies kann folgende Gründe haben: Sie verwenden ein altes Lesezeichen / alte Adresse. Über eine Suchmaschine haben Sie ein veraltetes Ergebnis angeklickt. Wechseln Sie bitte zur Startseite oder zur Suche, um die gewünschten Informationen zu erhalten.",
    "plain_text": "Entschuldigung. Diese Datei wurde leider nicht gefunden. Dies kann folgende Gründe haben: Sie verwenden ein altes Lesezeichen / alte Adresse. Über eine Suchmaschine haben Sie ein veraltetes Ergebnis angeklickt. Wechseln Sie bitte zur Startseite oder zur Suche, um die gewünschten Informationen zu erhalten.",
    "source": "https://www.oldenburg-kreis.de/landkreis-und-verwaltung/kreisverwaltung/kreisorgane/",
    "sectionType": "heading"
  },
  {
    "type": "content",
    "url": "https://www.oldenburg-kreis.de/landkreis-und-verwaltung/kreisverwaltung/kreisorgane/",
    "title": "Landkreis Oldenburg",
    "content": "Entschuldigung. Diese Datei wurde leider nicht gefunden. Dies kann folgende Gründe haben:\n\nWechseln Sie bitte zur Startseite oder zur Suche, um die gewünschten Informationen zu erhalten.\n\n• Sie verwenden ein altes Lesezeichen / alte Adresse.\n• Über eine Suchmaschine haben Sie ein veraltetes Ergebnis angeklickt.",
    "plain_text": "Entschuldigung. Diese Datei wurde leider nicht gefunden. Dies kann folgende Gründe haben:\n\nWechseln Sie bitte zur Startseite oder zur Suche, um die gewünschten Informationen zu erhalten.\n\n• Sie verwenden ein altes Lesezeichen / alte Adresse.\n• Über eine Suchmaschine haben Sie ein veraltetes Ergebnis angeklickt.",
    "source": "https://www.oldenburg-kreis.de/landkreis-und-verwaltung/kreisverwaltung/kreisorgane/",
    "sectionType": "fallback"
  },
  {
    "type": "link",
    "url": "https://oldenburg-kreis.ratsinfomanagement.net/news",
    "title": "News",
    "content": "News Ämter/Dezernate Gremien Fraktionen Personen Vorlagen Sitzungen Recherche Dokumente",
    "plain_text": "News Ämter/Dezernate Gremien Fraktionen Personen Vorlagen Sitzungen Recherche Dokumente",
    "source": "https://oldenburg-kreis.ratsinfomanagement.net/personen/"
  },
  {
    "type": "link",
    "url": "https://oldenburg-kreis.ratsinfomanagement.net/aemter",
    "title": "Ämter/Dezernate",
    "content": "News Ämter/Dezernate Gremien Fraktionen Personen Vorlagen Sitzungen Recherche Dokumente",
    "plain_text": "News Ämter/Dezernate Gremien Fraktionen Personen Vorlagen Sitzungen Recherche Dokumente",
    "source": "https://oldenburg-kreis.ratsinfomanagement.net/personen/"
  },
  {
    "type": "link",
    "url": "https://oldenburg-kreis.ratsinfomanagement.net/gremien",
    "title": "Gremien",
    "content": "News Ämter/Dezernate Gremien Fraktionen Personen Vorlagen Sitzungen Recherche Dokumente",
    "plain_text": "News Ämter/Dezernate Gremien Fraktionen Personen Vorlagen Sitzungen Recherche Dokumente",
    "source": "https://oldenburg-kreis.ratsinfomanagement.net/personen/"
  },
  {
    "type": "link",
    "url": "https://oldenburg-kreis.ratsinfomanagement.net/fraktionen",
    "title": "Fraktionen",
    "content": "News Ämter/Dezernate Gremien Fraktionen Personen Vorlagen Sitzungen Recherche Dokumente",
    "plain_text": "News Ämter/Dezernate Gremien Fraktionen Personen Vorlagen Sitzungen Recherche Dokumente",
    "source": "https://oldenburg-kreis.ratsinfomanagement.net/personen/"
  },
  {
    "type": "link",
    "url": "https://oldenburg-kreis.ratsinfomanagement.net/personen",
    "title": "Personen",
    "content": "News Ämter/Dezernate Gremien Fraktionen Personen Vorlagen Sitzungen Recherche Dokumente",
    "plain_text": "News Ämter/Dezernate Gremien Fraktionen Personen Vorlagen Sitzungen Recherche Dokumente",
    "source": "https://oldenburg-kreis.ratsinfomanagement.net/personen/"
  },
  {
    "type": "link",
    "url": "https://oldenburg-kreis.ratsinfomanagement.net/vorlagen",
    "title": "Vorlagen",
    "content": "News Ämter/Dezernate Gremien Fraktionen Personen Vorlagen Sitzungen Recherche Dokumente",
    "plain_text": "News Ämter/Dezernate Gremien Fraktionen Personen Vorlagen Sitzungen Recherche Dokumente",
    "source": "https://oldenburg-kreis.ratsinfomanagement.net/personen/"
  },
  {
    "type": "link",
    "url": "https://oldenburg-kreis.ratsinfomanagement.net/termine",
    "title": "Sitzungen",
    "content": "News Ämter/Dezernate Gremien Fraktionen Personen Vorlagen Sitzungen Recherche Dokumente",
    "plain_text": "News Ämter/Dezernate Gremien Fraktionen Personen Vorlagen Sitzungen Recherche Dokumente",
    "source": "https://oldenburg-kreis.ratsinfomanagement.net/personen/"
  },
  {
    "type": "link",
    "url": "https://oldenburg-kreis.ratsinfomanagement.net/recherche",
    "title": "Recherche",
    "content": "News Ämter/Dezernate Gremien Fraktionen Personen Vorlagen Sitzungen Recherche Dokumente",
    "plain_text": "News Ämter/Dezernate Gremien Fraktionen Personen Vorlagen Sitzungen Recherche Dokumente",
    "source": "https://oldenburg-kreis.ratsinfomanagement.net/personen/"
  },
  {
    "type": "link",
    "url": "https://oldenburg-kreis.ratsinfomanagement.net/diverses/downloads/1",
    "title": "Dokumente",
    "content": "News Ämter/Dezernate Gremien Fraktionen Personen Vorlagen Sitzungen Recherche Dokumente",
    "plain_text": "News Ämter/Dezernate Gremien Fraktionen Personen Vorlagen Sitzungen Recherche Dokumente",
    "source": "https://oldenburg-kreis.ratsinfomanagement.net/personen/"
  },
  {
    "type": "link",
    "url": "https://oldenburg-kreis.ratsinfomanagement.net/kennwort?__=UGhVM0hpd2NXNFdFcExjZQ4rVHVtuI-BnC7-z0MspoU",
    "title": "Kennwort vergessen?",
    "content": "Kennwort vergessen?",
    "plain_text": "Kennwort vergessen?",
    "source": "https://oldenburg-kreis.ratsinfomanagement.net/personen/"
  },
  {
    "type": "link",
    "url": "https://oldenburg-kreis.ratsinfomanagement.net/personen/?__=UGhVM0hpd2NXNFdFcExjZU9kwEGKSP7LxsmmwmqoaRs",
    "title": "Alle",
    "content": "Alle",
    "plain_text": "Alle",
    "source": "https://oldenburg-kreis.ratsinfomanagement.net/personen/"
  },
  {
    "type": "link",
    "url": "https://oldenburg-kreis.ratsinfomanagement.net/personen/?__=UGhVM0hpd2NXNFdFcExjZSAjO6YXJqGa9qpYQ097DUI",
    "title": "A",
    "content": "A",
    "plain_text": "A",
    "source": "https://oldenburg-kreis.ratsinfomanagement.net/personen/"
  },
  {
    "type": "link",
    "url": "https://oldenburg-kreis.ratsinfomanagement.net/personen/?__=UGhVM0hpd2NXNFdFcExjZTz1RHfWajsBBL5eM1kRXZ0",
    "title": "B",
    "content": "B",
    "plain_text": "B",
    "source": "https://oldenburg-kreis.ratsinfomanagement.net/personen/"
  },
  {
    "type": "link",
    "url": "https://oldenburg-kreis.ratsinfomanagement.net/personen/?__=UGhVM0hpd2NXNFdFcExjZQbLQwRhELQKMCVsW5gnurA",
    "title": "D",
    "content": "D",
    "plain_text": "D",
    "source": "https://oldenburg-kreis.ratsinfomanagement.net/personen/"
  },
  {
    "type": "link",
    "url": "https://oldenburg-kreis.ratsinfomanagement.net/personen/?__=UGhVM0hpd2NXNFdFcExjZWf6X8pAT7vakpGfsWN8xXI",
    "title": "F",
    "content": "F",
    "plain_text": "F",
    "source": "https://oldenburg-kreis.ratsinfomanagement.net/personen/"
  },
  {
    "type": "link",
    "url": "https://oldenburg-kreis.ratsinfomanagement.net/personen/?__=UGhVM0hpd2NXNFdFcExjZfjmHHTssDYD-PfaqiW5iBA",
    "title": "G",
    "content": "G",
    "plain_text": "G",
    "source": "https://oldenburg-kreis.ratsinfomanagement.net/personen/"
  },
  {
    "type": "link",
    "url": "https://oldenburg-kreis.ratsinfomanagement.net/personen/?__=UGhVM0hpd2NXNFdFcExjZThyj2miJxszm63RAZQS3gQ",
    "title": "H",
    "content": "H",
    "plain_text": "H",
    "source": "https://oldenburg-kreis.ratsinfomanagement.net/personen/"
  },
  {
    "type": "link",
    "url": "https://oldenburg-kreis.ratsinfomanagement.net/personen/?__=UGhVM0hpd2NXNFdFcExjZUdKpTpXYcRxhxER2XtRktY",
    "title": "J",
    "content": "J",
    "plain_text": "J",
    "source": "https://oldenburg-kreis.ratsinfomanagement.net/personen/"
  },
  {
    "type": "link",
    "url": "https://oldenburg-kreis.ratsinfomanagement.net/personen/?__=UGhVM0hpd2NXNFdFcExjZSAoEGfg-EL_aMGEnQcwhIU",
    "title": "K",
    "content": "K",
    "plain_text": "K",
    "source": "https://oldenburg-kreis.ratsinfomanagement.net/personen/"
  },
  {
    "type": "link",
    "url": "https://oldenburg-kreis.ratsinfomanagement.net/personen/?__=UGhVM0hpd2NXNFdFcExjZXHimD_GrTkUpE2lSB4_sic",
    "title": "L",
    "content": "L",
    "plain_text": "L",
    "source": "https://oldenburg-kreis.ratsinfomanagement.net/personen/"
  },
  {
    "type": "link",
    "url": "https://oldenburg-kreis.ratsinfomanagement.net/personen/?__=UGhVM0hpd2NXNFdFcExjZSrrTUK45ejziOKdM1WGZqw",
    "title": "M",
    "content": "M",
    "plain_text": "M",
    "source": "https://oldenburg-kreis.ratsinfomanagement.net/personen/"
  },
  {
    "type": "link",
    "url": "https://oldenburg-kreis.ratsinfomanagement.net/personen/?__=UGhVM0hpd2NXNFdFcExjZabEjTOA555vsHbfJoJP4uA",
    "title": "N",
    "content": "N",
    "plain_text": "N",
    "source": "https://oldenburg-kreis.ratsinfomanagement.net/personen/"
  },
  {
    "type": "link",
    "url": "https://oldenburg-kreis.ratsinfomanagement.net/personen/?__=UGhVM0hpd2NXNFdFcExjZXMucDq0EP3j3WKdmJbTgoQ",
    "title": "O",
    "content": "O",
    "plain_text": "O",
    "source": "https://oldenburg-kreis.ratsinfomanagement.net/personen/"
  },
  {
    "type": "link",
    "url": "https://oldenburg-kreis.ratsinfomanagement.net/personen/?__=UGhVM0hpd2NXNFdFcExjZSLO1K8QjtQu-2gP8chn82o",
    "title": "P",
    "content": "P",
    "plain_text": "P",
    "source": "https://oldenburg-kreis.ratsinfomanagement.net/personen/"
  },
  {
    "type": "link",
    "url": "https://oldenburg-kreis.ratsinfomanagement.net/personen/?__=UGhVM0hpd2NXNFdFcExjZVN-A90IBnHKdaJWwcnwPhA",
    "title": "R",
    "content": "R",
    "plain_text": "R",
    "source": "https://oldenburg-kreis.ratsinfomanagement.net/personen/"
  },
  {
    "type": "link",
    "url": "https://oldenburg-kreis.ratsinfomanagement.net/personen/?__=UGhVM0hpd2NXNFdFcExjZQhZgd7Y2Elv0tbE9NeyeF4",
    "title": "S",
    "content": "S",
    "plain_text": "S",
    "source": "https://oldenburg-kreis.ratsinfomanagement.net/personen/"
  },
  {
    "type": "link",
    "url": "https://oldenburg-kreis.ratsinfomanagement.net/personen/?__=UGhVM0hpd2NXNFdFcExjZWsEv_mO9rTZjABv_L8te-c",
    "title": "T",
    "content": "T",
    "plain_text": "T",
    "source": "https://oldenburg-kreis.ratsinfomanagement.net/personen/"
  },
  {
    "type": "link",
    "url": "https://oldenburg-kreis.ratsinfomanagement.net/personen/?__=UGhVM0hpd2NXNFdFcExjZcYSHXON42NJxYJVryjV7uk",
    "title": "V",
    "content": "V",
    "plain_text": "V",
    "source": "https://oldenburg-kreis.ratsinfomanagement.net/personen/"
  },
  {
    "type": "link",
    "url": "https://oldenburg-kreis.ratsinfomanagement.net/personen/?__=UGhVM0hpd2NXNFdFcExjZXFspm8uHbjR6M1eB1se-us",
    "title": "W",
    "content": "W",
    "plain_text": "W",
    "source": "https://oldenburg-kreis.ratsinfomanagement.net/personen/"
  },
  {
    "type": "link",
    "url": "https://oldenburg-kreis.ratsinfomanagement.net/personen/?__=UGhVM0hpd2NXNFdFcExjZX1yUbI5-9w5_iLbVjodXss",
    "title": "Z",
    "content": "Z",
    "plain_text": "Z",
    "source": "https://oldenburg-kreis.ratsinfomanagement.net/personen/"
  },
  {
    "type": "form",
    "url": "https://oldenburg-kreis.ratsinfomanagement.net/recherche",
    "method": "get",
    "source": "https://oldenburg-kreis.ratsinfomanagement.net/personen/"
  },
  {
    "type": "form",
    "url": "https://oldenburg-kreis.ratsinfomanagement.net/",
    "method": "post",
    "source": "https://oldenburg-kreis.ratsinfomanagement.net/personen/"
  },
  {
    "type": "form",
    "url": "https://oldenburg-kreis.ratsinfomanagement.net/personen/",
    "method": "post",
    "source": "https://oldenburg-kreis.ratsinfomanagement.net/personen/"
  },
  {
    "type": "content",
    "url": "https://oldenburg-kreis.ratsinfomanagement.net/personen/",
    "title": "Personen",
    "content": "Recherche für Bürger, Politik und Verwaltung.\n\nAn dieser Stelle können Sie sich alle aktiven Mandatsträger anzeigen lassen. Nutzen Sie das Auswahlformular, um Ihre Suche einzugrenzen. Der Buchstabenindex erleichtert die Navigation. Sie können zwischen den einzelnen Indizes hin- und herwechseln. Mit \"Alle\" gelangen Sie zurück zur Ausgangsübersicht. Über die markierten Titel der Überschrift können Sie die einzelnen Informationsspalten auf- und absteigend sortieren.",
    "plain_text": "Recherche für Bürger, Politik und Verwaltung.\n\nAn dieser Stelle können Sie sich alle aktiven Mandatsträger anzeigen lassen. Nutzen Sie das Auswahlformular, um Ihre Suche einzugrenzen. Der Buchstabenindex erleichtert die Navigation. Sie können zwischen den einzelnen Indizes hin- und herwechseln. Mit \"Alle\" gelangen Sie zurück zur Ausgangsübersicht. Über die markierten Titel der Überschrift können Sie die einzelnen Informationsspalten auf- und absteigend sortieren.",
    "source": "https://oldenburg-kreis.ratsinfomanagement.net/personen/",
    "sectionType": "main",
    "paragraphCount": 2
  },
  {
    "type": "content",
    "url": "https://oldenburg-kreis.ratsinfomanagement.net/personen/",
    "title": "Personen",
    "content": "An dieser Stelle können Sie sich alle aktiven Mandatsträger anzeigen lassen. Nutzen Sie das Auswahlformular, um Ihre Suche einzugrenzen. Der Buchstabenindex erleichtert die Navigation. Sie können zwischen den einzelnen Indizes hin- und herwechseln. Mit \"Alle\" gelangen Sie zurück zur Ausgangsübersicht. Über die markierten Titel der Überschrift können Sie die einzelnen Informationsspalten auf- und absteigend sortieren.",
    "plain_text": "An dieser Stelle können Sie sich alle aktiven Mandatsträger anzeigen lassen. Nutzen Sie das Auswahlformular, um Ihre Suche einzugrenzen. Der Buchstabenindex erleichtert die Navigation. Sie können zwischen den einzelnen Indizes hin- und herwechseln. Mit \"Alle\" gelangen Sie zurück zur Ausgangsübersicht. Über die markierten Titel der Überschrift können Sie die einzelnen Informationsspalten auf- und absteigend sortieren.",
    "source": "https://oldenburg-kreis.ratsinfomanagement.net/personen/",
    "sectionType": "main",
    "paragraphCount": 1
  },
  {
    "type": "link",
    "url": "https://oldenburg-kreis.ratsinfomanagement.net/news",
    "title": "News",
    "content": "Kreistagsinformationssystem Recherche für Bürger, Politik und Verwaltung. Bildmotiv in dieser Region: Bilck aus der Vogelperspektive auf das von Bäumen umgebene Kreishaus des Landkreises Oldenburg. Bild: © Landkreis Oldenburg Kreistagsinformationssystem » Fraktionen Startseite Ämter/Dezernate Gremien Fraktionen Personen Vorlagen Sitzungen Recherche Dokumente Anmeldung Benutzername Kennwort Kennwort vergessen? Fraktionen Diese Übersicht enthält alle Fraktionen des Landkreises Oldenburg.Über die markierten Titel der Überschrift können Sie die einzelnen Informationsspalten auf- und absteigend sortieren. Kreistagsfraktionen und -gruppenFraktionMitglieder CDU 15 SPD 14 BÜND",
    "plain_text": "Kreistagsinformationssystem Recherche für Bürger, Politik und Verwaltung. Bildmotiv in dieser Region: Bilck aus der Vogelperspektive auf das von Bäumen umgebene Kreishaus des Landkreises Oldenburg. Bild: © Landkreis Oldenburg Kreistagsinformationssystem » Fraktionen Startseite Ämter/Dezernate Gremien Fraktionen Personen Vorlagen Sitzungen Recherche Dokumente Anmeldung Benutzername Kennwort Kennwort vergessen? Fraktionen Diese Übersicht enthält alle Fraktionen des Landkreises Oldenburg.Über die markierten Titel der Überschrift können Sie die einzelnen Informationsspalten auf- und absteigend sortieren. Kreistagsfraktionen und -gruppenFraktionMitglieder CDU 15 SPD 14 BÜND",
    "source": "https://oldenburg-kreis.ratsinfomanagement.net/fraktionen/"
  },
  {
    "type": "link",
    "url": "https://oldenburg-kreis.ratsinfomanagement.net/aemter",
    "title": "Ämter/Dezernate",
    "content": "Kreistagsinformationssystem Recherche für Bürger, Politik und Verwaltung. Bildmotiv in dieser Region: Bilck aus der Vogelperspektive auf das von Bäumen umgebene Kreishaus des Landkreises Oldenburg. Bild: © Landkreis Oldenburg Kreistagsinformationssystem » Fraktionen Startseite News Gremien Fraktionen Personen Vorlagen Sitzungen Recherche Dokumente Anmeldung Benutzername Kennwort Kennwort vergessen? Fraktionen Diese Übersicht enthält alle Fraktionen des Landkreises Oldenburg.Über die markierten Titel der Überschrift können Sie die einzelnen Informationsspalten auf- und absteigend sortieren. Kreistagsfraktionen und -gruppenFraktionMitglieder CDU 15 SPD 14 BÜNDNIS 90/DIE GRÜNE",
    "plain_text": "Kreistagsinformationssystem Recherche für Bürger, Politik und Verwaltung. Bildmotiv in dieser Region: Bilck aus der Vogelperspektive auf das von Bäumen umgebene Kreishaus des Landkreises Oldenburg. Bild: © Landkreis Oldenburg Kreistagsinformationssystem » Fraktionen Startseite News Gremien Fraktionen Personen Vorlagen Sitzungen Recherche Dokumente Anmeldung Benutzername Kennwort Kennwort vergessen? Fraktionen Diese Übersicht enthält alle Fraktionen des Landkreises Oldenburg.Über die markierten Titel der Überschrift können Sie die einzelnen Informationsspalten auf- und absteigend sortieren. Kreistagsfraktionen und -gruppenFraktionMitglieder CDU 15 SPD 14 BÜNDNIS 90/DIE GRÜNE",
    "source": "https://oldenburg-kreis.ratsinfomanagement.net/fraktionen/"
  },
  {
    "type": "link",
    "url": "https://oldenburg-kreis.ratsinfomanagement.net/gremien",
    "title": "Gremien",
    "content": "Kreistagsinformationssystem Recherche für Bürger, Politik und Verwaltung. Bildmotiv in dieser Region: Bilck aus der Vogelperspektive auf das von Bäumen umgebene Kreishaus des Landkreises Oldenburg. Bild: © Landkreis Oldenburg Kreistagsinformationssystem » Fraktionen Startseite News Ämter/Dezernate Fraktionen Personen Vorlagen Sitzungen Recherche Dokumente Anmeldung Benutzername Kennwort Kennwort vergessen? Fraktionen Diese Übersicht enthält alle Fraktionen des Landkreises Oldenburg.Über die markierten Titel der Überschrift können Sie die einzelnen Informationsspalten auf- und absteigend sortieren. Kreistagsfraktionen und -gruppenFraktionMitglieder CDU 15 SPD 14 BÜNDNIS 90/DIE GRÜNEN-DIE LI",
    "plain_text": "Kreistagsinformationssystem Recherche für Bürger, Politik und Verwaltung. Bildmotiv in dieser Region: Bilck aus der Vogelperspektive auf das von Bäumen umgebene Kreishaus des Landkreises Oldenburg. Bild: © Landkreis Oldenburg Kreistagsinformationssystem » Fraktionen Startseite News Ämter/Dezernate Fraktionen Personen Vorlagen Sitzungen Recherche Dokumente Anmeldung Benutzername Kennwort Kennwort vergessen? Fraktionen Diese Übersicht enthält alle Fraktionen des Landkreises Oldenburg.Über die markierten Titel der Überschrift können Sie die einzelnen Informationsspalten auf- und absteigend sortieren. Kreistagsfraktionen und -gruppenFraktionMitglieder CDU 15 SPD 14 BÜNDNIS 90/DIE GRÜNEN-DIE LI",
    "source": "https://oldenburg-kreis.ratsinfomanagement.net/fraktionen/"
  },
  {
    "type": "link",
    "url": "https://oldenburg-kreis.ratsinfomanagement.net/fraktionen",
    "title": "Fraktionen",
    "content": "Kreistagsinformationssystem Recherche für Bürger, Politik und Verwaltung. Bildmotiv in dieser Region: Bilck aus der Vogelperspektive auf das von Bäumen umgebene Kreishaus des Landkreises Oldenburg. Bild: © Landkreis Oldenburg Kreistagsinformationssystem » Startseite News Ämter/Dezernate Gremien Fraktionen Personen Vorlagen Sitzungen Recherche Dokumente Anmeldung Benutzername Kennwort Kennwort vergessen? Fraktionen Diese Übersicht enthält alle Fraktionen des Landkreises Oldenburg.Über die markierten Titel der Überschrift können Sie die einzelnen Informationsspalten auf- und absteigend sortieren. Kreistagsfraktionen und -gruppenFraktionMitglieder CD",
    "plain_text": "Kreistagsinformationssystem Recherche für Bürger, Politik und Verwaltung. Bildmotiv in dieser Region: Bilck aus der Vogelperspektive auf das von Bäumen umgebene Kreishaus des Landkreises Oldenburg. Bild: © Landkreis Oldenburg Kreistagsinformationssystem » Startseite News Ämter/Dezernate Gremien Fraktionen Personen Vorlagen Sitzungen Recherche Dokumente Anmeldung Benutzername Kennwort Kennwort vergessen? Fraktionen Diese Übersicht enthält alle Fraktionen des Landkreises Oldenburg.Über die markierten Titel der Überschrift können Sie die einzelnen Informationsspalten auf- und absteigend sortieren. Kreistagsfraktionen und -gruppenFraktionMitglieder CD",
    "source": "https://oldenburg-kreis.ratsinfomanagement.net/fraktionen/"
  },
  {
    "type": "link",
    "url": "https://oldenburg-kreis.ratsinfomanagement.net/personen",
    "title": "Personen",
    "content": "Kreistagsinformationssystem Recherche für Bürger, Politik und Verwaltung. Bildmotiv in dieser Region: Bilck aus der Vogelperspektive auf das von Bäumen umgebene Kreishaus des Landkreises Oldenburg. Bild: © Landkreis Oldenburg Kreistagsinformationssystem » Fraktionen Startseite News Ämter/Dezernate Gremien Fraktionen Vorlagen Sitzungen Recherche Dokumente Anmeldung Benutzername Kennwort Kennwort vergessen? Fraktionen Diese Übersicht enthält alle Fraktionen des Landkreises Oldenburg.Über die markierten Titel der Überschrift können Sie die einzelnen Informationsspalten auf- und absteigend sortieren. Kreistagsfraktionen und -gruppenFraktionMitglieder CDU 15 SPD 14 BÜNDNIS 90/DIE GRÜNEN-DIE LINKE 9 FDP/FREIE WÄHL",
    "plain_text": "Kreistagsinformationssystem Recherche für Bürger, Politik und Verwaltung. Bildmotiv in dieser Region: Bilck aus der Vogelperspektive auf das von Bäumen umgebene Kreishaus des Landkreises Oldenburg. Bild: © Landkreis Oldenburg Kreistagsinformationssystem » Fraktionen Startseite News Ämter/Dezernate Gremien Fraktionen Vorlagen Sitzungen Recherche Dokumente Anmeldung Benutzername Kennwort Kennwort vergessen? Fraktionen Diese Übersicht enthält alle Fraktionen des Landkreises Oldenburg.Über die markierten Titel der Überschrift können Sie die einzelnen Informationsspalten auf- und absteigend sortieren. Kreistagsfraktionen und -gruppenFraktionMitglieder CDU 15 SPD 14 BÜNDNIS 90/DIE GRÜNEN-DIE LINKE 9 FDP/FREIE WÄHL",
    "source": "https://oldenburg-kreis.ratsinfomanagement.net/fraktionen/"
  },
  {
    "type": "link",
    "url": "https://oldenburg-kreis.ratsinfomanagement.net/vorlagen",
    "title": "Vorlagen",
    "content": "Kreistagsinformationssystem Recherche für Bürger, Politik und Verwaltung. Bildmotiv in dieser Region: Bilck aus der Vogelperspektive auf das von Bäumen umgebene Kreishaus des Landkreises Oldenburg. Bild: © Landkreis Oldenburg Kreistagsinformationssystem » Fraktionen Startseite News Ämter/Dezernate Gremien Fraktionen Personen Sitzungen Recherche Dokumente Anmeldung Benutzername Kennwort Kennwort vergessen? Fraktionen Diese Übersicht enthält alle Fraktionen des Landkreises Oldenburg.Über die markierten Titel der Überschrift können Sie die einzelnen Informationsspalten auf- und absteigend sortieren. Kreistagsfraktionen und -gruppenFraktionMitglieder CDU 15 SPD 14 BÜNDNIS 90/DIE GRÜNEN-DIE LINKE 9 FDP/FREIE WÄHLER/UWG 9",
    "plain_text": "Kreistagsinformationssystem Recherche für Bürger, Politik und Verwaltung. Bildmotiv in dieser Region: Bilck aus der Vogelperspektive auf das von Bäumen umgebene Kreishaus des Landkreises Oldenburg. Bild: © Landkreis Oldenburg Kreistagsinformationssystem » Fraktionen Startseite News Ämter/Dezernate Gremien Fraktionen Personen Sitzungen Recherche Dokumente Anmeldung Benutzername Kennwort Kennwort vergessen? Fraktionen Diese Übersicht enthält alle Fraktionen des Landkreises Oldenburg.Über die markierten Titel der Überschrift können Sie die einzelnen Informationsspalten auf- und absteigend sortieren. Kreistagsfraktionen und -gruppenFraktionMitglieder CDU 15 SPD 14 BÜNDNIS 90/DIE GRÜNEN-DIE LINKE 9 FDP/FREIE WÄHLER/UWG 9",
    "source": "https://oldenburg-kreis.ratsinfomanagement.net/fraktionen/"
  },
  {
    "type": "link",
    "url": "https://oldenburg-kreis.ratsinfomanagement.net/termine",
    "title": "Sitzungen",
    "content": "Kreistagsinformationssystem Recherche für Bürger, Politik und Verwaltung. Bildmotiv in dieser Region: Bilck aus der Vogelperspektive auf das von Bäumen umgebene Kreishaus des Landkreises Oldenburg. Bild: © Landkreis Oldenburg Kreistagsinformationssystem » Fraktionen Startseite News Ämter/Dezernate Gremien Fraktionen Personen Vorlagen Recherche Dokumente Anmeldung Benutzername Kennwort Kennwort vergessen? Fraktionen Diese Übersicht enthält alle Fraktionen des Landkreises Oldenburg.Über die markierten Titel der Überschrift können Sie die einzelnen Informationsspalten auf- und absteigend sortieren. Kreistagsfraktionen und -gruppenFraktionMitglieder CDU 15 SPD 14 BÜNDNIS 90/DIE GRÜNEN-DIE LINKE 9 FDP/FREIE WÄHLER/UWG 9 AfD Nieder",
    "plain_text": "Kreistagsinformationssystem Recherche für Bürger, Politik und Verwaltung. Bildmotiv in dieser Region: Bilck aus der Vogelperspektive auf das von Bäumen umgebene Kreishaus des Landkreises Oldenburg. Bild: © Landkreis Oldenburg Kreistagsinformationssystem » Fraktionen Startseite News Ämter/Dezernate Gremien Fraktionen Personen Vorlagen Recherche Dokumente Anmeldung Benutzername Kennwort Kennwort vergessen? Fraktionen Diese Übersicht enthält alle Fraktionen des Landkreises Oldenburg.Über die markierten Titel der Überschrift können Sie die einzelnen Informationsspalten auf- und absteigend sortieren. Kreistagsfraktionen und -gruppenFraktionMitglieder CDU 15 SPD 14 BÜNDNIS 90/DIE GRÜNEN-DIE LINKE 9 FDP/FREIE WÄHLER/UWG 9 AfD Nieder",
    "source": "https://oldenburg-kreis.ratsinfomanagement.net/fraktionen/"
  },
  {
    "type": "link",
    "url": "https://oldenburg-kreis.ratsinfomanagement.net/recherche",
    "title": "Recherche",
    "content": "Kreistagsinformationssystem für Bürger, Politik und Verwaltung. Bildmotiv in dieser Region: Bilck aus der Vogelperspektive auf das von Bäumen umgebene Kreishaus des Landkreises Oldenburg. Bild: © Landkreis Oldenburg Kreistagsinformationssystem » Fraktionen Startseite News Ämter/Dezernate Gremien Fraktionen Personen Vorlagen Sitzungen Recherche Dokumente Anmeldung Benutzername Kennwort Kennwort vergessen? Fraktionen Diese Üb",
    "plain_text": "Kreistagsinformationssystem für Bürger, Politik und Verwaltung. Bildmotiv in dieser Region: Bilck aus der Vogelperspektive auf das von Bäumen umgebene Kreishaus des Landkreises Oldenburg. Bild: © Landkreis Oldenburg Kreistagsinformationssystem » Fraktionen Startseite News Ämter/Dezernate Gremien Fraktionen Personen Vorlagen Sitzungen Recherche Dokumente Anmeldung Benutzername Kennwort Kennwort vergessen? Fraktionen Diese Üb",
    "source": "https://oldenburg-kreis.ratsinfomanagement.net/fraktionen/"
  },
  {
    "type": "link",
    "url": "https://oldenburg-kreis.ratsinfomanagement.net/diverses/downloads/1",
    "title": "Dokumente",
    "content": "Kreistagsinformationssystem Recherche für Bürger, Politik und Verwaltung. Bildmotiv in dieser Region: Bilck aus der Vogelperspektive auf das von Bäumen umgebene Kreishaus des Landkreises Oldenburg. Bild: © Landkreis Oldenburg Kreistagsinformationssystem » Fraktionen Startseite News Ämter/Dezernate Gremien Fraktionen Personen Vorlagen Sitzungen Recherche Anmeldung Benutzername Kennwort Kennwort vergessen? Fraktionen Diese Übersicht enthält alle Fraktionen des Landkreises Oldenburg.Über die markierten Titel der Überschrift können Sie die einzelnen Informationsspalten auf- und absteigend sortieren. Kreistagsfraktionen und -gruppenFraktionMitglieder CDU 15 SPD 14 BÜNDNIS 90/DIE GRÜNEN-DIE LINKE 9 FDP/FREIE WÄHLER/UWG 9 AfD Niedersachsen 2 Fraktionsl",
    "plain_text": "Kreistagsinformationssystem Recherche für Bürger, Politik und Verwaltung. Bildmotiv in dieser Region: Bilck aus der Vogelperspektive auf das von Bäumen umgebene Kreishaus des Landkreises Oldenburg. Bild: © Landkreis Oldenburg Kreistagsinformationssystem » Fraktionen Startseite News Ämter/Dezernate Gremien Fraktionen Personen Vorlagen Sitzungen Recherche Anmeldung Benutzername Kennwort Kennwort vergessen? Fraktionen Diese Übersicht enthält alle Fraktionen des Landkreises Oldenburg.Über die markierten Titel der Überschrift können Sie die einzelnen Informationsspalten auf- und absteigend sortieren. Kreistagsfraktionen und -gruppenFraktionMitglieder CDU 15 SPD 14 BÜNDNIS 90/DIE GRÜNEN-DIE LINKE 9 FDP/FREIE WÄHLER/UWG 9 AfD Niedersachsen 2 Fraktionsl",
    "source": "https://oldenburg-kreis.ratsinfomanagement.net/fraktionen/"
  },
  {
    "type": "link",
    "url": "https://oldenburg-kreis.ratsinfomanagement.net/kennwort?__=UGhVM0hpd2NXNFdFcExjZQ4rVHVtuI-BnC7-z0MspoU",
    "title": "Kennwort vergessen?",
    "content": "Kreistagsinformationssystem Recherche für Bürger, Politik und Verwaltung. Bildmotiv in dieser Region: Bilck aus der Vogelperspektive auf das von Bäumen umgebene Kreishaus des Landkreises Oldenburg. Bild: © Landkreis Oldenburg Kreistagsinformationssystem » Fraktionen Startseite News Ämter/Dezernate Gremien Fraktionen Personen Vorlagen Sitzungen Recherche Dokumente Anmeldung Benutzername Kennwort Fraktionen Diese Übersicht enthält alle Fraktionen des Landkreises Oldenburg.Über die markierten Titel der Überschrift können Sie die einzelnen Informationsspalten auf- und absteigend sortieren. Kreistagsfraktionen und -gruppenFraktionMitglieder CDU 15 SPD 14 BÜNDNIS 90/DIE GRÜNEN-DIE LINKE 9 FDP/FREIE WÄHLER/UWG 9 AfD Niedersachsen 2 Fraktionslos 0",
    "plain_text": "Kreistagsinformationssystem Recherche für Bürger, Politik und Verwaltung. Bildmotiv in dieser Region: Bilck aus der Vogelperspektive auf das von Bäumen umgebene Kreishaus des Landkreises Oldenburg. Bild: © Landkreis Oldenburg Kreistagsinformationssystem » Fraktionen Startseite News Ämter/Dezernate Gremien Fraktionen Personen Vorlagen Sitzungen Recherche Dokumente Anmeldung Benutzername Kennwort Fraktionen Diese Übersicht enthält alle Fraktionen des Landkreises Oldenburg.Über die markierten Titel der Überschrift können Sie die einzelnen Informationsspalten auf- und absteigend sortieren. Kreistagsfraktionen und -gruppenFraktionMitglieder CDU 15 SPD 14 BÜNDNIS 90/DIE GRÜNEN-DIE LINKE 9 FDP/FREIE WÄHLER/UWG 9 AfD Niedersachsen 2 Fraktionslos 0",
    "source": "https://oldenburg-kreis.ratsinfomanagement.net/fraktionen/"
  },
  {
    "type": "link",
    "url": "https://oldenburg-kreis.ratsinfomanagement.net/fraktionen/?__=UGhVM0hpd2NXNFdFcExjZd8eH7-8qJQyybSesrBhQF5XM0luS9xNzP_aveQgS0VTVWMqS0evzRn7tjeBk7fiOg",
    "title": "Fraktion",
    "content": "Kreistagsinformationssystem Recherche für Bürger, Politik und Verwaltung. Bildmotiv in dieser Region: Bilck aus der Vogelperspektive auf das von Bäumen umgebene Kreishaus des Landkreises Oldenburg. Bild: © Landkreis Oldenburg Kreistagsinformationssystem » en Startseite News Ämter/Dezernate Gremien Fraktionen Personen Vorlagen Sitzungen Recherche Dokumente Anmeldung Benutzername Kennwort Kennwort vergessen? Fraktionen Diese Übersicht enthält alle Fraktionen des Landkreises Oldenburg.Über die markierten Titel der Überschrift können Sie die einzelnen Informationsspalten auf- und absteigend sortieren. Kreistagsfraktionen und -gruppenFraktionMitglieder",
    "plain_text": "Kreistagsinformationssystem Recherche für Bürger, Politik und Verwaltung. Bildmotiv in dieser Region: Bilck aus der Vogelperspektive auf das von Bäumen umgebene Kreishaus des Landkreises Oldenburg. Bild: © Landkreis Oldenburg Kreistagsinformationssystem » en Startseite News Ämter/Dezernate Gremien Fraktionen Personen Vorlagen Sitzungen Recherche Dokumente Anmeldung Benutzername Kennwort Kennwort vergessen? Fraktionen Diese Übersicht enthält alle Fraktionen des Landkreises Oldenburg.Über die markierten Titel der Überschrift können Sie die einzelnen Informationsspalten auf- und absteigend sortieren. Kreistagsfraktionen und -gruppenFraktionMitglieder",
    "source": "https://oldenburg-kreis.ratsinfomanagement.net/fraktionen/"
  },
  {
    "type": "link",
    "url": "https://oldenburg-kreis.ratsinfomanagement.net/fraktionen/?__=UGhVM0hpd2NXNFdFcExjZd8eH7-8qJQyybSesrBhQF5XM0luS9xNzP_aveQgS0VTeEvK82s24izHk52Aawoy_b9e2qUIB9WR61S6z4Lnmxs",
    "title": "Mitglieder",
    "content": "» Fraktionen Startseite News Ämter/Dezernate Gremien Fraktionen Personen Vorlagen Sitzungen Recherche Dokumente Anmeldung Benutzername Kennwort Kennwort vergessen? Fraktionen Diese Übersicht enthält alle Fraktionen des Landkreises Oldenburg.Über die markierten Titel der Überschrift können Sie die einzelnen Informationsspalten auf- und absteigend sortieren. Kreistagsfraktionen und -gruppenFraktion CDU 15 SPD 14 BÜNDNIS 90/DIE GRÜNEN-DIE LINKE 9 FDP/FREIE WÄHLER/UWG 9 AfD Niedersachsen 2 Fraktionslos 0",
    "plain_text": "» Fraktionen Startseite News Ämter/Dezernate Gremien Fraktionen Personen Vorlagen Sitzungen Recherche Dokumente Anmeldung Benutzername Kennwort Kennwort vergessen? Fraktionen Diese Übersicht enthält alle Fraktionen des Landkreises Oldenburg.Über die markierten Titel der Überschrift können Sie die einzelnen Informationsspalten auf- und absteigend sortieren. Kreistagsfraktionen und -gruppenFraktion CDU 15 SPD 14 BÜNDNIS 90/DIE GRÜNEN-DIE LINKE 9 FDP/FREIE WÄHLER/UWG 9 AfD Niedersachsen 2 Fraktionslos 0",
    "source": "https://oldenburg-kreis.ratsinfomanagement.net/fraktionen/"
  },
  {
    "type": "link",
    "url": "https://oldenburg-kreis.ratsinfomanagement.net/fraktionen/?__=UGhVM0hpd2NXNFdFcExjZX1VNHrjM-ReOJZoBTeKyOg",
    "title": "CDU",
    "content": "en Startseite News Ämter/Dezernate Gremien Fraktionen Personen Vorlagen Sitzungen Recherche Dokumente Anmeldung Benutzername Kennwort Kennwort vergessen? Fraktionen Diese Übersicht enthält alle Fraktionen des Landkreises Oldenburg.Über die markierten Titel der Überschrift können Sie die einzelnen Informationsspalten auf- und absteigend sortieren. Kreistagsfraktionen und -gruppenFraktionMitglieder 15 SPD 14 BÜNDNIS 90/DIE GRÜNEN-DIE LINKE 9 FDP/FREIE WÄHLER/UWG 9 AfD Niedersachsen 2 Fraktionslos 0",
    "plain_text": "en Startseite News Ämter/Dezernate Gremien Fraktionen Personen Vorlagen Sitzungen Recherche Dokumente Anmeldung Benutzername Kennwort Kennwort vergessen? Fraktionen Diese Übersicht enthält alle Fraktionen des Landkreises Oldenburg.Über die markierten Titel der Überschrift können Sie die einzelnen Informationsspalten auf- und absteigend sortieren. Kreistagsfraktionen und -gruppenFraktionMitglieder 15 SPD 14 BÜNDNIS 90/DIE GRÜNEN-DIE LINKE 9 FDP/FREIE WÄHLER/UWG 9 AfD Niedersachsen 2 Fraktionslos 0",
    "source": "https://oldenburg-kreis.ratsinfomanagement.net/fraktionen/"
  },
  {
    "type": "link",
    "url": "https://oldenburg-kreis.ratsinfomanagement.net/fraktionen/?__=UGhVM0hpd2NXNFdFcExjZS-xWbrC-TrkUlnlpCCP-4o",
    "title": "SPD",
    "content": "tseite News Ämter/Dezernate Gremien Fraktionen Personen Vorlagen Sitzungen Recherche Dokumente Anmeldung Benutzername Kennwort Kennwort vergessen? Fraktionen Diese Übersicht enthält alle Fraktionen des Landkreises Oldenburg.Über die markierten Titel der Überschrift können Sie die einzelnen Informationsspalten auf- und absteigend sortieren. Kreistagsfraktionen und -gruppenFraktionMitglieder CDU 15 14 BÜNDNIS 90/DIE GRÜNEN-DIE LINKE 9 FDP/FREIE WÄHLER/UWG 9 AfD Niedersachsen 2 Fraktionslos 0",
    "plain_text": "tseite News Ämter/Dezernate Gremien Fraktionen Personen Vorlagen Sitzungen Recherche Dokumente Anmeldung Benutzername Kennwort Kennwort vergessen? Fraktionen Diese Übersicht enthält alle Fraktionen des Landkreises Oldenburg.Über die markierten Titel der Überschrift können Sie die einzelnen Informationsspalten auf- und absteigend sortieren. Kreistagsfraktionen und -gruppenFraktionMitglieder CDU 15 14 BÜNDNIS 90/DIE GRÜNEN-DIE LINKE 9 FDP/FREIE WÄHLER/UWG 9 AfD Niedersachsen 2 Fraktionslos 0",
    "source": "https://oldenburg-kreis.ratsinfomanagement.net/fraktionen/"
  },
  {
    "type": "link",
    "url": "https://oldenburg-kreis.ratsinfomanagement.net/fraktionen/?__=UGhVM0hpd2NXNFdFcExjZeIDrjzweYG3el5PYeJ_W3o",
    "title": "BÜNDNIS 90/DIE GRÜNEN-DIE LINKE",
    "content": "News Ämter/Dezernate Gremien Fraktionen Personen Vorlagen Sitzungen Recherche Dokumente Anmeldung Benutzername Kennwort Kennwort vergessen? Fraktionen Diese Übersicht enthält alle Fraktionen des Landkreises Oldenburg.Über die markierten Titel der Überschrift können Sie die einzelnen Informationsspalten auf- und absteigend sortieren. Kreistagsfraktionen und -gruppenFraktionMitglieder CDU 15 SPD 14 9 FDP/FREIE WÄHLER/UWG 9 AfD Niedersachsen 2 Fraktionslos 0",
    "plain_text": "News Ämter/Dezernate Gremien Fraktionen Personen Vorlagen Sitzungen Recherche Dokumente Anmeldung Benutzername Kennwort Kennwort vergessen? Fraktionen Diese Übersicht enthält alle Fraktionen des Landkreises Oldenburg.Über die markierten Titel der Überschrift können Sie die einzelnen Informationsspalten auf- und absteigend sortieren. Kreistagsfraktionen und -gruppenFraktionMitglieder CDU 15 SPD 14 9 FDP/FREIE WÄHLER/UWG 9 AfD Niedersachsen 2 Fraktionslos 0",
    "source": "https://oldenburg-kreis.ratsinfomanagement.net/fraktionen/"
  },
  {
    "type": "link",
    "url": "https://oldenburg-kreis.ratsinfomanagement.net/fraktionen/?__=UGhVM0hpd2NXNFdFcExjZe6IHMvFgzBq3M9-N0ewmWY",
    "title": "FDP/FREIE WÄHLER/UWG",
    "content": "ionen Personen Vorlagen Sitzungen Recherche Dokumente Anmeldung Benutzername Kennwort Kennwort vergessen? Fraktionen Diese Übersicht enthält alle Fraktionen des Landkreises Oldenburg.Über die markierten Titel der Überschrift können Sie die einzelnen Informationsspalten auf- und absteigend sortieren. Kreistagsfraktionen und -gruppenFraktionMitglieder CDU 15 SPD 14 BÜNDNIS 90/DIE GRÜNEN-DIE LINKE 9 9 AfD Niedersachsen 2 Fraktionslos 0",
    "plain_text": "ionen Personen Vorlagen Sitzungen Recherche Dokumente Anmeldung Benutzername Kennwort Kennwort vergessen? Fraktionen Diese Übersicht enthält alle Fraktionen des Landkreises Oldenburg.Über die markierten Titel der Überschrift können Sie die einzelnen Informationsspalten auf- und absteigend sortieren. Kreistagsfraktionen und -gruppenFraktionMitglieder CDU 15 SPD 14 BÜNDNIS 90/DIE GRÜNEN-DIE LINKE 9 9 AfD Niedersachsen 2 Fraktionslos 0",
    "source": "https://oldenburg-kreis.ratsinfomanagement.net/fraktionen/"
  },
  {
    "type": "link",
    "url": "https://oldenburg-kreis.ratsinfomanagement.net/fraktionen/?__=UGhVM0hpd2NXNFdFcExjZYyPsokafGPml_iridg7U3Q",
    "title": "AfD Niedersachsen",
    "content": "Sitzungen Recherche Dokumente Anmeldung Benutzername Kennwort Kennwort vergessen? Fraktionen Diese Übersicht enthält alle Fraktionen des Landkreises Oldenburg.Über die markierten Titel der Überschrift können Sie die einzelnen Informationsspalten auf- und absteigend sortieren. Kreistagsfraktionen und -gruppenFraktionMitglieder CDU 15 SPD 14 BÜNDNIS 90/DIE GRÜNEN-DIE LINKE 9 FDP/FREIE WÄHLER/UWG 9 2 Fraktionslos 0",
    "plain_text": "Sitzungen Recherche Dokumente Anmeldung Benutzername Kennwort Kennwort vergessen? Fraktionen Diese Übersicht enthält alle Fraktionen des Landkreises Oldenburg.Über die markierten Titel der Überschrift können Sie die einzelnen Informationsspalten auf- und absteigend sortieren. Kreistagsfraktionen und -gruppenFraktionMitglieder CDU 15 SPD 14 BÜNDNIS 90/DIE GRÜNEN-DIE LINKE 9 FDP/FREIE WÄHLER/UWG 9 2 Fraktionslos 0",
    "source": "https://oldenburg-kreis.ratsinfomanagement.net/fraktionen/"
  },
  {
    "type": "link",
    "url": "https://oldenburg-kreis.ratsinfomanagement.net/fraktionen/?__=UGhVM0hpd2NXNFdFcExjZRVQ3WhHxaD5QN2FcQxScIM",
    "title": "Fraktionslos",
    "content": "Dokumente Anmeldung Benutzername Kennwort Kennwort vergessen? Fraktionen Diese Übersicht enthält alle Fraktionen des Landkreises Oldenburg.Über die markierten Titel der Überschrift können Sie die einzelnen Informationsspalten auf- und absteigend sortieren. Kreistagsfraktionen und -gruppenFraktionMitglieder CDU 15 SPD 14 BÜNDNIS 90/DIE GRÜNEN-DIE LINKE 9 FDP/FREIE WÄHLER/UWG 9 AfD Niedersachsen 2 0",
    "plain_text": "Dokumente Anmeldung Benutzername Kennwort Kennwort vergessen? Fraktionen Diese Übersicht enthält alle Fraktionen des Landkreises Oldenburg.Über die markierten Titel der Überschrift können Sie die einzelnen Informationsspalten auf- und absteigend sortieren. Kreistagsfraktionen und -gruppenFraktionMitglieder CDU 15 SPD 14 BÜNDNIS 90/DIE GRÜNEN-DIE LINKE 9 FDP/FREIE WÄHLER/UWG 9 AfD Niedersachsen 2 0",
    "source": "https://oldenburg-kreis.ratsinfomanagement.net/fraktionen/"
  },
  {
    "type": "form",
    "url": "https://oldenburg-kreis.ratsinfomanagement.net/recherche",
    "method": "get",
    "source": "https://oldenburg-kreis.ratsinfomanagement.net/fraktionen/"
  },
  {
    "type": "form",
    "url": "https://oldenburg-kreis.ratsinfomanagement.net/",
    "method": "post",
    "source": "https://oldenburg-kreis.ratsinfomanagement.net/fraktionen/"
  },
  {
    "type": "content",
    "url": "https://oldenburg-kreis.ratsinfomanagement.net/fraktionen/",
    "title": "Fraktionen",
    "content": "Recherche für Bürger, Politik und Verwaltung.\n\nDiese Übersicht enthält alle Fraktionen des Landkreises Oldenburg.\n\nÜber die markierten Titel der Überschrift können Sie die einzelnen Informationsspalten auf- und absteigend sortieren.\n\nTabellen: Fraktion | Mitglieder | BÜNDNIS 90/DIE GRÜNEN-DIE LINKE | FDP/FREIE WÄHLER/UWG | AfD Niedersachsen | Fraktionslos",
    "plain_text": "Recherche für Bürger, Politik und Verwaltung.\n\nDiese Übersicht enthält alle Fraktionen des Landkreises Oldenburg.\n\nÜber die markierten Titel der Überschrift können Sie die einzelnen Informationsspalten auf- und absteigend sortieren.\n\nTabellen: Fraktion | Mitglieder | BÜNDNIS 90/DIE GRÜNEN-DIE LINKE | FDP/FREIE WÄHLER/UWG | AfD Niedersachsen | Fraktionslos",
    "source": "https://oldenburg-kreis.ratsinfomanagement.net/fraktionen/",
    "sectionType": "main",
    "paragraphCount": 3
  },
  {
    "type": "content",
    "url": "https://oldenburg-kreis.ratsinfomanagement.net/fraktionen/",
    "title": "Fraktionen",
    "content": "Diese Übersicht enthält alle Fraktionen des Landkreises Oldenburg.\n\nÜber die markierten Titel der Überschrift können Sie die einzelnen Informationsspalten auf- und absteigend sortieren.\n\nTabellen: Fraktion | Mitglieder | BÜNDNIS 90/DIE GRÜNEN-DIE LINKE | FDP/FREIE WÄHLER/UWG | AfD Niedersachsen | Fraktionslos",
    "plain_text": "Diese Übersicht enthält alle Fraktionen des Landkreises Oldenburg.\n\nÜber die markierten Titel der Überschrift können Sie die einzelnen Informationsspalten auf- und absteigend sortieren.\n\nTabellen: Fraktion | Mitglieder | BÜNDNIS 90/DIE GRÜNEN-DIE LINKE | FDP/FREIE WÄHLER/UWG | AfD Niedersachsen | Fraktionslos",
    "source": "https://oldenburg-kreis.ratsinfomanagement.net/fraktionen/",
    "sectionType": "main",
    "paragraphCount": 2
  },
  {
    "type": "link",
    "url": "https://oldenburg-kreis.ratsinfomanagement.net/news",
    "title": "News",
    "content": "Kreistagsinformationssystem Recherche für Bürger, Politik und Verwaltung. Bildmotiv in dieser Region: Bilck aus der Vogelperspektive auf das von Bäumen umgebene Kreishaus des Landkreises Oldenburg. Bild: © Landkreis Oldenburg Kreistagsinformationssystem » Gremien Startseite Ämter/Dezernate Gremien Fraktionen Personen Vorlagen Sitzungen Recherche Dokumente Anmeldung Benutzername Kennwort Kennwort vergessen? Gremien Diese Übersicht enthält alle zurzeit aktiven Gremien.Über die markierten Titel der Überschrift können Sie die einzelnen Informationsspalten auf- und absteigend sortieren. Kreistag und KreisausschussGremiumMitglieder Kreistag 51 Kreisausschuss 11 Fachaussch",
    "plain_text": "Kreistagsinformationssystem Recherche für Bürger, Politik und Verwaltung. Bildmotiv in dieser Region: Bilck aus der Vogelperspektive auf das von Bäumen umgebene Kreishaus des Landkreises Oldenburg. Bild: © Landkreis Oldenburg Kreistagsinformationssystem » Gremien Startseite Ämter/Dezernate Gremien Fraktionen Personen Vorlagen Sitzungen Recherche Dokumente Anmeldung Benutzername Kennwort Kennwort vergessen? Gremien Diese Übersicht enthält alle zurzeit aktiven Gremien.Über die markierten Titel der Überschrift können Sie die einzelnen Informationsspalten auf- und absteigend sortieren. Kreistag und KreisausschussGremiumMitglieder Kreistag 51 Kreisausschuss 11 Fachaussch",
    "source": "https://oldenburg-kreis.ratsinfomanagement.net/gremien/"
  },
  {
    "type": "link",
    "url": "https://oldenburg-kreis.ratsinfomanagement.net/aemter",
    "title": "Ämter/Dezernate",
    "content": "Kreistagsinformationssystem Recherche für Bürger, Politik und Verwaltung. Bildmotiv in dieser Region: Bilck aus der Vogelperspektive auf das von Bäumen umgebene Kreishaus des Landkreises Oldenburg. Bild: © Landkreis Oldenburg Kreistagsinformationssystem » Gremien Startseite News Gremien Fraktionen Personen Vorlagen Sitzungen Recherche Dokumente Anmeldung Benutzername Kennwort Kennwort vergessen? Gremien Diese Übersicht enthält alle zurzeit aktiven Gremien.Über die markierten Titel der Überschrift können Sie die einzelnen Informationsspalten auf- und absteigend sortieren. Kreistag und KreisausschussGremiumMitglieder Kreistag 51 Kreisausschuss 11 FachausschüsseGremiumMitgl",
    "plain_text": "Kreistagsinformationssystem Recherche für Bürger, Politik und Verwaltung. Bildmotiv in dieser Region: Bilck aus der Vogelperspektive auf das von Bäumen umgebene Kreishaus des Landkreises Oldenburg. Bild: © Landkreis Oldenburg Kreistagsinformationssystem » Gremien Startseite News Gremien Fraktionen Personen Vorlagen Sitzungen Recherche Dokumente Anmeldung Benutzername Kennwort Kennwort vergessen? Gremien Diese Übersicht enthält alle zurzeit aktiven Gremien.Über die markierten Titel der Überschrift können Sie die einzelnen Informationsspalten auf- und absteigend sortieren. Kreistag und KreisausschussGremiumMitglieder Kreistag 51 Kreisausschuss 11 FachausschüsseGremiumMitgl",
    "source": "https://oldenburg-kreis.ratsinfomanagement.net/gremien/"
  },
  {
    "type": "link",
    "url": "https://oldenburg-kreis.ratsinfomanagement.net/gremien",
    "title": "Gremien",
    "content": "Kreistagsinformationssystem Recherche für Bürger, Politik und Verwaltung. Bildmotiv in dieser Region: Bilck aus der Vogelperspektive auf das von Bäumen umgebene Kreishaus des Landkreises Oldenburg. Bild: © Landkreis Oldenburg Kreistagsinformationssystem » Startseite News Ämter/Dezernate Gremien Fraktionen Personen Vorlagen Sitzungen Recherche Dokumente Anmeldung Benutzername Kennwort Kennwort vergessen? Gremien Diese Übersicht enthält alle zurzeit aktiven Gremien.Über die markierten Titel der Überschrift können Sie die einzelnen Informationsspalten auf- und absteigend sortieren. Kreistag und KreisausschussGremiumMitglieder Kreistag 51 Kreisausschu",
    "plain_text": "Kreistagsinformationssystem Recherche für Bürger, Politik und Verwaltung. Bildmotiv in dieser Region: Bilck aus der Vogelperspektive auf das von Bäumen umgebene Kreishaus des Landkreises Oldenburg. Bild: © Landkreis Oldenburg Kreistagsinformationssystem » Startseite News Ämter/Dezernate Gremien Fraktionen Personen Vorlagen Sitzungen Recherche Dokumente Anmeldung Benutzername Kennwort Kennwort vergessen? Gremien Diese Übersicht enthält alle zurzeit aktiven Gremien.Über die markierten Titel der Überschrift können Sie die einzelnen Informationsspalten auf- und absteigend sortieren. Kreistag und KreisausschussGremiumMitglieder Kreistag 51 Kreisausschu",
    "source": "https://oldenburg-kreis.ratsinfomanagement.net/gremien/"
  },
  {
    "type": "link",
    "url": "https://oldenburg-kreis.ratsinfomanagement.net/fraktionen",
    "title": "Fraktionen",
    "content": "Kreistagsinformationssystem Recherche für Bürger, Politik und Verwaltung. Bildmotiv in dieser Region: Bilck aus der Vogelperspektive auf das von Bäumen umgebene Kreishaus des Landkreises Oldenburg. Bild: © Landkreis Oldenburg Kreistagsinformationssystem » Gremien Startseite News Ämter/Dezernate Gremien Personen Vorlagen Sitzungen Recherche Dokumente Anmeldung Benutzername Kennwort Kennwort vergessen? Gremien Diese Übersicht enthält alle zurzeit aktiven Gremien.Über die markierten Titel der Überschrift können Sie die einzelnen Informationsspalten auf- und absteigend sortieren. Kreistag und KreisausschussGremiumMitglieder Kreistag 51 Kreisausschuss 11 FachausschüsseGremiumMitglieder Bau-, Straßen",
    "plain_text": "Kreistagsinformationssystem Recherche für Bürger, Politik und Verwaltung. Bildmotiv in dieser Region: Bilck aus der Vogelperspektive auf das von Bäumen umgebene Kreishaus des Landkreises Oldenburg. Bild: © Landkreis Oldenburg Kreistagsinformationssystem » Gremien Startseite News Ämter/Dezernate Gremien Personen Vorlagen Sitzungen Recherche Dokumente Anmeldung Benutzername Kennwort Kennwort vergessen? Gremien Diese Übersicht enthält alle zurzeit aktiven Gremien.Über die markierten Titel der Überschrift können Sie die einzelnen Informationsspalten auf- und absteigend sortieren. Kreistag und KreisausschussGremiumMitglieder Kreistag 51 Kreisausschuss 11 FachausschüsseGremiumMitglieder Bau-, Straßen",
    "source": "https://oldenburg-kreis.ratsinfomanagement.net/gremien/"
  },
  {
    "type": "link",
    "url": "https://oldenburg-kreis.ratsinfomanagement.net/personen",
    "title": "Personen",
    "content": "Kreistagsinformationssystem Recherche für Bürger, Politik und Verwaltung. Bildmotiv in dieser Region: Bilck aus der Vogelperspektive auf das von Bäumen umgebene Kreishaus des Landkreises Oldenburg. Bild: © Landkreis Oldenburg Kreistagsinformationssystem » Gremien Startseite News Ämter/Dezernate Gremien Fraktionen Vorlagen Sitzungen Recherche Dokumente Anmeldung Benutzername Kennwort Kennwort vergessen? Gremien Diese Übersicht enthält alle zurzeit aktiven Gremien.Über die markierten Titel der Überschrift können Sie die einzelnen Informationsspalten auf- und absteigend sortieren. Kreistag und KreisausschussGremiumMitglieder Kreistag 51 Kreisausschuss 11 FachausschüsseGremiumMitglieder Bau-, Straßen- und Bra",
    "plain_text": "Kreistagsinformationssystem Recherche für Bürger, Politik und Verwaltung. Bildmotiv in dieser Region: Bilck aus der Vogelperspektive auf das von Bäumen umgebene Kreishaus des Landkreises Oldenburg. Bild: © Landkreis Oldenburg Kreistagsinformationssystem » Gremien Startseite News Ämter/Dezernate Gremien Fraktionen Vorlagen Sitzungen Recherche Dokumente Anmeldung Benutzername Kennwort Kennwort vergessen? Gremien Diese Übersicht enthält alle zurzeit aktiven Gremien.Über die markierten Titel der Überschrift können Sie die einzelnen Informationsspalten auf- und absteigend sortieren. Kreistag und KreisausschussGremiumMitglieder Kreistag 51 Kreisausschuss 11 FachausschüsseGremiumMitglieder Bau-, Straßen- und Bra",
    "source": "https://oldenburg-kreis.ratsinfomanagement.net/gremien/"
  },
  {
    "type": "link",
    "url": "https://oldenburg-kreis.ratsinfomanagement.net/vorlagen",
    "title": "Vorlagen",
    "content": "Kreistagsinformationssystem Recherche für Bürger, Politik und Verwaltung. Bildmotiv in dieser Region: Bilck aus der Vogelperspektive auf das von Bäumen umgebene Kreishaus des Landkreises Oldenburg. Bild: © Landkreis Oldenburg Kreistagsinformationssystem » Gremien Startseite News Ämter/Dezernate Gremien Fraktionen Personen Sitzungen Recherche Dokumente Anmeldung Benutzername Kennwort Kennwort vergessen? Gremien Diese Übersicht enthält alle zurzeit aktiven Gremien.Über die markierten Titel der Überschrift können Sie die einzelnen Informationsspalten auf- und absteigend sortieren. Kreistag und KreisausschussGremiumMitglieder Kreistag 51 Kreisausschuss 11 FachausschüsseGremiumMitglieder Bau-, Straßen- und Brandschutza",
    "plain_text": "Kreistagsinformationssystem Recherche für Bürger, Politik und Verwaltung. Bildmotiv in dieser Region: Bilck aus der Vogelperspektive auf das von Bäumen umgebene Kreishaus des Landkreises Oldenburg. Bild: © Landkreis Oldenburg Kreistagsinformationssystem » Gremien Startseite News Ämter/Dezernate Gremien Fraktionen Personen Sitzungen Recherche Dokumente Anmeldung Benutzername Kennwort Kennwort vergessen? Gremien Diese Übersicht enthält alle zurzeit aktiven Gremien.Über die markierten Titel der Überschrift können Sie die einzelnen Informationsspalten auf- und absteigend sortieren. Kreistag und KreisausschussGremiumMitglieder Kreistag 51 Kreisausschuss 11 FachausschüsseGremiumMitglieder Bau-, Straßen- und Brandschutza",
    "source": "https://oldenburg-kreis.ratsinfomanagement.net/gremien/"
  },
  {
    "type": "link",
    "url": "https://oldenburg-kreis.ratsinfomanagement.net/termine",
    "title": "Sitzungen",
    "content": "Kreistagsinformationssystem Recherche für Bürger, Politik und Verwaltung. Bildmotiv in dieser Region: Bilck aus der Vogelperspektive auf das von Bäumen umgebene Kreishaus des Landkreises Oldenburg. Bild: © Landkreis Oldenburg Kreistagsinformationssystem » Gremien Startseite News Ämter/Dezernate Gremien Fraktionen Personen Vorlagen Recherche Dokumente Anmeldung Benutzername Kennwort Kennwort vergessen? Gremien Diese Übersicht enthält alle zurzeit aktiven Gremien.Über die markierten Titel der Überschrift können Sie die einzelnen Informationsspalten auf- und absteigend sortieren. Kreistag und KreisausschussGremiumMitglieder Kreistag 51 Kreisausschuss 11 FachausschüsseGremiumMitglieder Bau-, Straßen- und Brandschutzausschuss 2",
    "plain_text": "Kreistagsinformationssystem Recherche für Bürger, Politik und Verwaltung. Bildmotiv in dieser Region: Bilck aus der Vogelperspektive auf das von Bäumen umgebene Kreishaus des Landkreises Oldenburg. Bild: © Landkreis Oldenburg Kreistagsinformationssystem » Gremien Startseite News Ämter/Dezernate Gremien Fraktionen Personen Vorlagen Recherche Dokumente Anmeldung Benutzername Kennwort Kennwort vergessen? Gremien Diese Übersicht enthält alle zurzeit aktiven Gremien.Über die markierten Titel der Überschrift können Sie die einzelnen Informationsspalten auf- und absteigend sortieren. Kreistag und KreisausschussGremiumMitglieder Kreistag 51 Kreisausschuss 11 FachausschüsseGremiumMitglieder Bau-, Straßen- und Brandschutzausschuss 2",
    "source": "https://oldenburg-kreis.ratsinfomanagement.net/gremien/"
  },
  {
    "type": "link",
    "url": "https://oldenburg-kreis.ratsinfomanagement.net/recherche",
    "title": "Recherche",
    "content": "Kreistagsinformationssystem für Bürger, Politik und Verwaltung. Bildmotiv in dieser Region: Bilck aus der Vogelperspektive auf das von Bäumen umgebene Kreishaus des Landkreises Oldenburg. Bild: © Landkreis Oldenburg Kreistagsinformationssystem » Gremien Startseite News Ämter/Dezernate Gremien Fraktionen Personen Vorlagen Sitzungen Recherche Dokumente Anmeldung Benutzername Kennwort Kennwort vergessen? Gremien Diese Übersich",
    "plain_text": "Kreistagsinformationssystem für Bürger, Politik und Verwaltung. Bildmotiv in dieser Region: Bilck aus der Vogelperspektive auf das von Bäumen umgebene Kreishaus des Landkreises Oldenburg. Bild: © Landkreis Oldenburg Kreistagsinformationssystem » Gremien Startseite News Ämter/Dezernate Gremien Fraktionen Personen Vorlagen Sitzungen Recherche Dokumente Anmeldung Benutzername Kennwort Kennwort vergessen? Gremien Diese Übersich",
    "source": "https://oldenburg-kreis.ratsinfomanagement.net/gremien/"
  },
  {
    "type": "link",
    "url": "https://oldenburg-kreis.ratsinfomanagement.net/diverses/downloads/1",
    "title": "Dokumente",
    "content": "Kreistagsinformationssystem Recherche für Bürger, Politik und Verwaltung. Bildmotiv in dieser Region: Bilck aus der Vogelperspektive auf das von Bäumen umgebene Kreishaus des Landkreises Oldenburg. Bild: © Landkreis Oldenburg Kreistagsinformationssystem » Gremien Startseite News Ämter/Dezernate Gremien Fraktionen Personen Vorlagen Sitzungen Recherche Anmeldung Benutzername Kennwort Kennwort vergessen? Gremien Diese Übersicht enthält alle zurzeit aktiven Gremien.Über die markierten Titel der Überschrift können Sie die einzelnen Informationsspalten auf- und absteigend sortieren. Kreistag und KreisausschussGremiumMitglieder Kreistag 51 Kreisausschuss 11 FachausschüsseGremiumMitglieder Bau-, Straßen- und Brandschutzausschuss 20 Finanz- und Wirtsc",
    "plain_text": "Kreistagsinformationssystem Recherche für Bürger, Politik und Verwaltung. Bildmotiv in dieser Region: Bilck aus der Vogelperspektive auf das von Bäumen umgebene Kreishaus des Landkreises Oldenburg. Bild: © Landkreis Oldenburg Kreistagsinformationssystem » Gremien Startseite News Ämter/Dezernate Gremien Fraktionen Personen Vorlagen Sitzungen Recherche Anmeldung Benutzername Kennwort Kennwort vergessen? Gremien Diese Übersicht enthält alle zurzeit aktiven Gremien.Über die markierten Titel der Überschrift können Sie die einzelnen Informationsspalten auf- und absteigend sortieren. Kreistag und KreisausschussGremiumMitglieder Kreistag 51 Kreisausschuss 11 FachausschüsseGremiumMitglieder Bau-, Straßen- und Brandschutzausschuss 20 Finanz- und Wirtsc",
    "source": "https://oldenburg-kreis.ratsinfomanagement.net/gremien/"
  },
  {
    "type": "link",
    "url": "https://oldenburg-kreis.ratsinfomanagement.net/kennwort?__=UGhVM0hpd2NXNFdFcExjZQ4rVHVtuI-BnC7-z0MspoU",
    "title": "Kennwort vergessen?",
    "content": "Kreistagsinformationssystem Recherche für Bürger, Politik und Verwaltung. Bildmotiv in dieser Region: Bilck aus der Vogelperspektive auf das von Bäumen umgebene Kreishaus des Landkreises Oldenburg. Bild: © Landkreis Oldenburg Kreistagsinformationssystem » Gremien Startseite News Ämter/Dezernate Gremien Fraktionen Personen Vorlagen Sitzungen Recherche Dokumente Anmeldung Benutzername Kennwort Gremien Diese Übersicht enthält alle zurzeit aktiven Gremien.Über die markierten Titel der Überschrift können Sie die einzelnen Informationsspalten auf- und absteigend sortieren. Kreistag und KreisausschussGremiumMitglieder Kreistag 51 Kreisausschuss 11 FachausschüsseGremiumMitglieder Bau-, Straßen- und Brandschutzausschuss 20 Finanz- und Wirtschaftsausschuss 15 Integrations- und Gleichstellungsa",
    "plain_text": "Kreistagsinformationssystem Recherche für Bürger, Politik und Verwaltung. Bildmotiv in dieser Region: Bilck aus der Vogelperspektive auf das von Bäumen umgebene Kreishaus des Landkreises Oldenburg. Bild: © Landkreis Oldenburg Kreistagsinformationssystem » Gremien Startseite News Ämter/Dezernate Gremien Fraktionen Personen Vorlagen Sitzungen Recherche Dokumente Anmeldung Benutzername Kennwort Gremien Diese Übersicht enthält alle zurzeit aktiven Gremien.Über die markierten Titel der Überschrift können Sie die einzelnen Informationsspalten auf- und absteigend sortieren. Kreistag und KreisausschussGremiumMitglieder Kreistag 51 Kreisausschuss 11 FachausschüsseGremiumMitglieder Bau-, Straßen- und Brandschutzausschuss 20 Finanz- und Wirtschaftsausschuss 15 Integrations- und Gleichstellungsa",
    "source": "https://oldenburg-kreis.ratsinfomanagement.net/gremien/"
  },
  {
    "type": "link",
    "url": "https://oldenburg-kreis.ratsinfomanagement.net/gremien/?__=UGhVM0hpd2NXNFdFcExjZd8eH7-8qJQyybSesrBhQF5XM0luS9xNzP_aveQgS0VTVWMqS0evzRn7tjeBk7fiOg",
    "title": "Gremium",
    "content": "burg Kreistagsinformationssystem » Gremien Startseite News Ämter/Dezernate Gremien Fraktionen Personen Vorlagen Sitzungen Recherche Dokumente Anmeldung Benutzername Kennwort Kennwort vergessen? Gremien Diese Übersicht enthält alle zurzeit aktiven Gremien.Über die markierten Titel der Überschrift können Sie die einzelnen Informationsspalten auf- und absteigend sortieren. Kreistag und Kreisausschuss Mitglieder Kreistag 51 Kreisausschuss 11 FachausschüsseGremiumMitglieder Bau-, Straßen- und Brandschutzausschuss 20 Finanz- und Wirtschaftsausschuss 15 Integrations- und Gleichstellungsausschuss 17 Jugendhilfeausschuss 21 Schul- und Kulturausschuss 23 Sozial- und Gesundheitsausschuss 18 Struktur- und Klimaschutzausschuss 15 Umwelt- und Abfallwirtschaftsausschuss 19",
    "plain_text": "burg Kreistagsinformationssystem » Gremien Startseite News Ämter/Dezernate Gremien Fraktionen Personen Vorlagen Sitzungen Recherche Dokumente Anmeldung Benutzername Kennwort Kennwort vergessen? Gremien Diese Übersicht enthält alle zurzeit aktiven Gremien.Über die markierten Titel der Überschrift können Sie die einzelnen Informationsspalten auf- und absteigend sortieren. Kreistag und Kreisausschuss Mitglieder Kreistag 51 Kreisausschuss 11 FachausschüsseGremiumMitglieder Bau-, Straßen- und Brandschutzausschuss 20 Finanz- und Wirtschaftsausschuss 15 Integrations- und Gleichstellungsausschuss 17 Jugendhilfeausschuss 21 Schul- und Kulturausschuss 23 Sozial- und Gesundheitsausschuss 18 Struktur- und Klimaschutzausschuss 15 Umwelt- und Abfallwirtschaftsausschuss 19",
    "source": "https://oldenburg-kreis.ratsinfomanagement.net/gremien/"
  },
  {
    "type": "link",
    "url": "https://oldenburg-kreis.ratsinfomanagement.net/gremien/?__=UGhVM0hpd2NXNFdFcExjZd8eH7-8qJQyybSesrBhQF5XM0luS9xNzP_aveQgS0VTkt0QfHHSamWRLbUAWIcgaVK3BESZB1ws0zjgEFVeUlU",
    "title": "Mitglieder",
    "content": "eistagsinformationssystem » Gremien Startseite News Ämter/Dezernate Gremien Fraktionen Personen Vorlagen Sitzungen Recherche Dokumente Anmeldung Benutzername Kennwort Kennwort vergessen? Gremien Diese Übersicht enthält alle zurzeit aktiven Gremien.Über die markierten Titel der Überschrift können Sie die einzelnen Informationsspalten auf- und absteigend sortieren. Kreistag und KreisausschussGremium Kreistag 51 Kreisausschuss 11 FachausschüsseGremiumMitglieder Bau-, Straßen- und Brandschutzausschuss 20 Finanz- und Wirtschaftsausschuss 15 Integrations- und Gleichstellungsausschuss 17 Jugendhilfeausschuss 21 Schul- und Kulturausschuss 23 Sozial- und Gesundheitsausschuss 18 Struktur- und Klimaschutzausschuss 15 Umwelt- und Abfallwirtschaftsausschuss 19",
    "plain_text": "eistagsinformationssystem » Gremien Startseite News Ämter/Dezernate Gremien Fraktionen Personen Vorlagen Sitzungen Recherche Dokumente Anmeldung Benutzername Kennwort Kennwort vergessen? Gremien Diese Übersicht enthält alle zurzeit aktiven Gremien.Über die markierten Titel der Überschrift können Sie die einzelnen Informationsspalten auf- und absteigend sortieren. Kreistag und KreisausschussGremium Kreistag 51 Kreisausschuss 11 FachausschüsseGremiumMitglieder Bau-, Straßen- und Brandschutzausschuss 20 Finanz- und Wirtschaftsausschuss 15 Integrations- und Gleichstellungsausschuss 17 Jugendhilfeausschuss 21 Schul- und Kulturausschuss 23 Sozial- und Gesundheitsausschuss 18 Struktur- und Klimaschutzausschuss 15 Umwelt- und Abfallwirtschaftsausschuss 19",
    "source": "https://oldenburg-kreis.ratsinfomanagement.net/gremien/"
  },
  {
    "type": "link",
    "url": "https://oldenburg-kreis.ratsinfomanagement.net/gremien/?__=UGhVM0hpd2NXNFdFcExjZTOy3PjZMIcIOxgVfZLy8zg",
    "title": "Kreistag",
    "content": "sinformationssystem Recherche für Bürger, Politik und Verwaltung. Bildmotiv in dieser Region: Bilck aus der Vogelperspektive auf das von Bäumen umgebene Kreishaus des Landkreises Oldenburg. Bild: © Landkreis Oldenburg Kreistagsinformationssystem » Gremien Startseite News Ämter/Dezernate Gremien Fraktionen Personen Vorlagen Sitzungen Recherche Dokumente Anmeldung Benutzername Kennwort Kennwort verg",
    "plain_text": "sinformationssystem Recherche für Bürger, Politik und Verwaltung. Bildmotiv in dieser Region: Bilck aus der Vogelperspektive auf das von Bäumen umgebene Kreishaus des Landkreises Oldenburg. Bild: © Landkreis Oldenburg Kreistagsinformationssystem » Gremien Startseite News Ämter/Dezernate Gremien Fraktionen Personen Vorlagen Sitzungen Recherche Dokumente Anmeldung Benutzername Kennwort Kennwort verg",
    "source": "https://oldenburg-kreis.ratsinfomanagement.net/gremien/"
  },
  {
    "type": "link",
    "url": "https://oldenburg-kreis.ratsinfomanagement.net/gremien/?__=UGhVM0hpd2NXNFdFcExjZcZdnK3CU-fX6OQ9MeKaIZ0",
    "title": "Kreisausschuss",
    "content": "andkreis Oldenburg Kreistagsinformationssystem » Gremien Startseite News Ämter/Dezernate Gremien Fraktionen Personen Vorlagen Sitzungen Recherche Dokumente Anmeldung Benutzername Kennwort Kennwort vergessen? Gremien Diese Übersicht enthält alle zurzeit aktiven Gremien.Über die markierten Titel der Überschrift können Sie die einzelnen Informationsspalten auf- und absteigend sortieren. Kreistag und GremiumMitglieder Kreistag 51 Kreisausschuss 11 FachausschüsseGremiumMitglieder Bau-, Straßen- und Brandschutzausschuss 20 Finanz- und Wirtschaftsausschuss 15 Integrations- und Gleichstellungsausschuss 17 Jugendhilfeausschuss 21 Schul- und Kulturausschuss 23 Sozial- und Gesundheitsausschuss 18 Struktur- und Klimaschutzausschuss 15 Umwelt- und Abfallwirtschaftsausschuss 19",
    "plain_text": "andkreis Oldenburg Kreistagsinformationssystem » Gremien Startseite News Ämter/Dezernate Gremien Fraktionen Personen Vorlagen Sitzungen Recherche Dokumente Anmeldung Benutzername Kennwort Kennwort vergessen? Gremien Diese Übersicht enthält alle zurzeit aktiven Gremien.Über die markierten Titel der Überschrift können Sie die einzelnen Informationsspalten auf- und absteigend sortieren. Kreistag und GremiumMitglieder Kreistag 51 Kreisausschuss 11 FachausschüsseGremiumMitglieder Bau-, Straßen- und Brandschutzausschuss 20 Finanz- und Wirtschaftsausschuss 15 Integrations- und Gleichstellungsausschuss 17 Jugendhilfeausschuss 21 Schul- und Kulturausschuss 23 Sozial- und Gesundheitsausschuss 18 Struktur- und Klimaschutzausschuss 15 Umwelt- und Abfallwirtschaftsausschuss 19",
    "source": "https://oldenburg-kreis.ratsinfomanagement.net/gremien/"
  },
  {
    "type": "link",
    "url": "https://oldenburg-kreis.ratsinfomanagement.net/gremien/?__=UGhVM0hpd2NXNFdFcExjZd8eH7-8qJQyybSesrBhQF5OHdgKRkb8xFh7Atlj3JUf2EdI-3qVt6SxyvIwcfuexA",
    "title": "Gremium",
    "content": "burg Kreistagsinformationssystem » Gremien Startseite News Ämter/Dezernate Gremien Fraktionen Personen Vorlagen Sitzungen Recherche Dokumente Anmeldung Benutzername Kennwort Kennwort vergessen? Gremien Diese Übersicht enthält alle zurzeit aktiven Gremien.Über die markierten Titel der Überschrift können Sie die einzelnen Informationsspalten auf- und absteigend sortieren. Kreistag und Kreisausschuss Mitglieder Kreistag 51 Kreisausschuss 11 FachausschüsseGremiumMitglieder Bau-, Straßen- und Brandschutzausschuss 20 Finanz- und Wirtschaftsausschuss 15 Integrations- und Gleichstellungsausschuss 17 Jugendhilfeausschuss 21 Schul- und Kulturausschuss 23 Sozial- und Gesundheitsausschuss 18 Struktur- und Klimaschutzausschuss 15 Umwelt- und Abfallwirtschaftsausschuss 19",
    "plain_text": "burg Kreistagsinformationssystem » Gremien Startseite News Ämter/Dezernate Gremien Fraktionen Personen Vorlagen Sitzungen Recherche Dokumente Anmeldung Benutzername Kennwort Kennwort vergessen? Gremien Diese Übersicht enthält alle zurzeit aktiven Gremien.Über die markierten Titel der Überschrift können Sie die einzelnen Informationsspalten auf- und absteigend sortieren. Kreistag und Kreisausschuss Mitglieder Kreistag 51 Kreisausschuss 11 FachausschüsseGremiumMitglieder Bau-, Straßen- und Brandschutzausschuss 20 Finanz- und Wirtschaftsausschuss 15 Integrations- und Gleichstellungsausschuss 17 Jugendhilfeausschuss 21 Schul- und Kulturausschuss 23 Sozial- und Gesundheitsausschuss 18 Struktur- und Klimaschutzausschuss 15 Umwelt- und Abfallwirtschaftsausschuss 19",
    "source": "https://oldenburg-kreis.ratsinfomanagement.net/gremien/"
  },
  {
    "type": "link",
    "url": "https://oldenburg-kreis.ratsinfomanagement.net/gremien/?__=UGhVM0hpd2NXNFdFcExjZd8eH7-8qJQyybSesrBhQF5OHdgKRkb8xFh7Atlj3JUfYOJmvl6uw96wLzfygVAGBN6odEayrk-OoCz14UKEn2E",
    "title": "Mitglieder",
    "content": "eistagsinformationssystem » Gremien Startseite News Ämter/Dezernate Gremien Fraktionen Personen Vorlagen Sitzungen Recherche Dokumente Anmeldung Benutzername Kennwort Kennwort vergessen? Gremien Diese Übersicht enthält alle zurzeit aktiven Gremien.Über die markierten Titel der Überschrift können Sie die einzelnen Informationsspalten auf- und absteigend sortieren. Kreistag und KreisausschussGremium Kreistag 51 Kreisausschuss 11 FachausschüsseGremiumMitglieder Bau-, Straßen- und Brandschutzausschuss 20 Finanz- und Wirtschaftsausschuss 15 Integrations- und Gleichstellungsausschuss 17 Jugendhilfeausschuss 21 Schul- und Kulturausschuss 23 Sozial- und Gesundheitsausschuss 18 Struktur- und Klimaschutzausschuss 15 Umwelt- und Abfallwirtschaftsausschuss 19",
    "plain_text": "eistagsinformationssystem » Gremien Startseite News Ämter/Dezernate Gremien Fraktionen Personen Vorlagen Sitzungen Recherche Dokumente Anmeldung Benutzername Kennwort Kennwort vergessen? Gremien Diese Übersicht enthält alle zurzeit aktiven Gremien.Über die markierten Titel der Überschrift können Sie die einzelnen Informationsspalten auf- und absteigend sortieren. Kreistag und KreisausschussGremium Kreistag 51 Kreisausschuss 11 FachausschüsseGremiumMitglieder Bau-, Straßen- und Brandschutzausschuss 20 Finanz- und Wirtschaftsausschuss 15 Integrations- und Gleichstellungsausschuss 17 Jugendhilfeausschuss 21 Schul- und Kulturausschuss 23 Sozial- und Gesundheitsausschuss 18 Struktur- und Klimaschutzausschuss 15 Umwelt- und Abfallwirtschaftsausschuss 19",
    "source": "https://oldenburg-kreis.ratsinfomanagement.net/gremien/"
  },
  {
    "type": "link",
    "url": "https://oldenburg-kreis.ratsinfomanagement.net/gremien/?__=UGhVM0hpd2NXNFdFcExjZRCIQV3mJ92bNZHee2rcwv0",
    "title": "Bau-, Straßen- und Brandschutzausschuss",
    "content": "en Fraktionen Personen Vorlagen Sitzungen Recherche Dokumente Anmeldung Benutzername Kennwort Kennwort vergessen? Gremien Diese Übersicht enthält alle zurzeit aktiven Gremien.Über die markierten Titel der Überschrift können Sie die einzelnen Informationsspalten auf- und absteigend sortieren. Kreistag und KreisausschussGremiumMitglieder Kreistag 51 Kreisausschuss 11 FachausschüsseGremiumMitglieder 20 Finanz- und Wirtschaftsausschuss 15 Integrations- und Gleichstellungsausschuss 17 Jugendhilfeausschuss 21 Schul- und Kulturausschuss 23 Sozial- und Gesundheitsausschuss 18 Struktur- und Klimaschutzausschuss 15 Umwelt- und Abfallwirtschaftsausschuss 19",
    "plain_text": "en Fraktionen Personen Vorlagen Sitzungen Recherche Dokumente Anmeldung Benutzername Kennwort Kennwort vergessen? Gremien Diese Übersicht enthält alle zurzeit aktiven Gremien.Über die markierten Titel der Überschrift können Sie die einzelnen Informationsspalten auf- und absteigend sortieren. Kreistag und KreisausschussGremiumMitglieder Kreistag 51 Kreisausschuss 11 FachausschüsseGremiumMitglieder 20 Finanz- und Wirtschaftsausschuss 15 Integrations- und Gleichstellungsausschuss 17 Jugendhilfeausschuss 21 Schul- und Kulturausschuss 23 Sozial- und Gesundheitsausschuss 18 Struktur- und Klimaschutzausschuss 15 Umwelt- und Abfallwirtschaftsausschuss 19",
    "source": "https://oldenburg-kreis.ratsinfomanagement.net/gremien/"
  },
  {
    "type": "link",
    "url": "https://oldenburg-kreis.ratsinfomanagement.net/gremien/?__=UGhVM0hpd2NXNFdFcExjZfteBffo6ilyS0V--d3P6nc",
    "title": "Finanz- und Wirtschaftsausschuss",
    "content": "echerche Dokumente Anmeldung Benutzername Kennwort Kennwort vergessen? Gremien Diese Übersicht enthält alle zurzeit aktiven Gremien.Über die markierten Titel der Überschrift können Sie die einzelnen Informationsspalten auf- und absteigend sortieren. Kreistag und KreisausschussGremiumMitglieder Kreistag 51 Kreisausschuss 11 FachausschüsseGremiumMitglieder Bau-, Straßen- und Brandschutzausschuss 20 15 Integrations- und Gleichstellungsausschuss 17 Jugendhilfeausschuss 21 Schul- und Kulturausschuss 23 Sozial- und Gesundheitsausschuss 18 Struktur- und Klimaschutzausschuss 15 Umwelt- und Abfallwirtschaftsausschuss 19",
    "plain_text": "echerche Dokumente Anmeldung Benutzername Kennwort Kennwort vergessen? Gremien Diese Übersicht enthält alle zurzeit aktiven Gremien.Über die markierten Titel der Überschrift können Sie die einzelnen Informationsspalten auf- und absteigend sortieren. Kreistag und KreisausschussGremiumMitglieder Kreistag 51 Kreisausschuss 11 FachausschüsseGremiumMitglieder Bau-, Straßen- und Brandschutzausschuss 20 15 Integrations- und Gleichstellungsausschuss 17 Jugendhilfeausschuss 21 Schul- und Kulturausschuss 23 Sozial- und Gesundheitsausschuss 18 Struktur- und Klimaschutzausschuss 15 Umwelt- und Abfallwirtschaftsausschuss 19",
    "source": "https://oldenburg-kreis.ratsinfomanagement.net/gremien/"
  },
  {
    "type": "link",
    "url": "https://oldenburg-kreis.ratsinfomanagement.net/gremien/?__=UGhVM0hpd2NXNFdFcExjZaLSK14H4gx2z5itqDxDJgc",
    "title": "Integrations- und Gleichstellungsausschuss",
    "content": "rname Kennwort Kennwort vergessen? Gremien Diese Übersicht enthält alle zurzeit aktiven Gremien.Über die markierten Titel der Überschrift können Sie die einzelnen Informationsspalten auf- und absteigend sortieren. Kreistag und KreisausschussGremiumMitglieder Kreistag 51 Kreisausschuss 11 FachausschüsseGremiumMitglieder Bau-, Straßen- und Brandschutzausschuss 20 Finanz- und Wirtschaftsausschuss 15 17 Jugendhilfeausschuss 21 Schul- und Kulturausschuss 23 Sozial- und Gesundheitsausschuss 18 Struktur- und Klimaschutzausschuss 15 Umwelt- und Abfallwirtschaftsausschuss 19",
    "plain_text": "rname Kennwort Kennwort vergessen? Gremien Diese Übersicht enthält alle zurzeit aktiven Gremien.Über die markierten Titel der Überschrift können Sie die einzelnen Informationsspalten auf- und absteigend sortieren. Kreistag und KreisausschussGremiumMitglieder Kreistag 51 Kreisausschuss 11 FachausschüsseGremiumMitglieder Bau-, Straßen- und Brandschutzausschuss 20 Finanz- und Wirtschaftsausschuss 15 17 Jugendhilfeausschuss 21 Schul- und Kulturausschuss 23 Sozial- und Gesundheitsausschuss 18 Struktur- und Klimaschutzausschuss 15 Umwelt- und Abfallwirtschaftsausschuss 19",
    "source": "https://oldenburg-kreis.ratsinfomanagement.net/gremien/"
  },
  {
    "type": "link",
    "url": "https://oldenburg-kreis.ratsinfomanagement.net/gremien/?__=UGhVM0hpd2NXNFdFcExjZTPlM6T6ZP1jtSvvm6_EVPc",
    "title": "Jugendhilfeausschuss",
    "content": "se Übersicht enthält alle zurzeit aktiven Gremien.Über die markierten Titel der Überschrift können Sie die einzelnen Informationsspalten auf- und absteigend sortieren. Kreistag und KreisausschussGremiumMitglieder Kreistag 51 Kreisausschuss 11 FachausschüsseGremiumMitglieder Bau-, Straßen- und Brandschutzausschuss 20 Finanz- und Wirtschaftsausschuss 15 Integrations- und Gleichstellungsausschuss 17 21 Schul- und Kulturausschuss 23 Sozial- und Gesundheitsausschuss 18 Struktur- und Klimaschutzausschuss 15 Umwelt- und Abfallwirtschaftsausschuss 19",
    "plain_text": "se Übersicht enthält alle zurzeit aktiven Gremien.Über die markierten Titel der Überschrift können Sie die einzelnen Informationsspalten auf- und absteigend sortieren. Kreistag und KreisausschussGremiumMitglieder Kreistag 51 Kreisausschuss 11 FachausschüsseGremiumMitglieder Bau-, Straßen- und Brandschutzausschuss 20 Finanz- und Wirtschaftsausschuss 15 Integrations- und Gleichstellungsausschuss 17 21 Schul- und Kulturausschuss 23 Sozial- und Gesundheitsausschuss 18 Struktur- und Klimaschutzausschuss 15 Umwelt- und Abfallwirtschaftsausschuss 19",
    "source": "https://oldenburg-kreis.ratsinfomanagement.net/gremien/"
  },
  {
    "type": "link",
    "url": "https://oldenburg-kreis.ratsinfomanagement.net/gremien/?__=UGhVM0hpd2NXNFdFcExjZVgyR5cRX7YQt_4kmzbHoiA",
    "title": "Schul- und Kulturausschuss",
    "content": "e zurzeit aktiven Gremien.Über die markierten Titel der Überschrift können Sie die einzelnen Informationsspalten auf- und absteigend sortieren. Kreistag und KreisausschussGremiumMitglieder Kreistag 51 Kreisausschuss 11 FachausschüsseGremiumMitglieder Bau-, Straßen- und Brandschutzausschuss 20 Finanz- und Wirtschaftsausschuss 15 Integrations- und Gleichstellungsausschuss 17 Jugendhilfeausschuss 21 23 Sozial- und Gesundheitsausschuss 18 Struktur- und Klimaschutzausschuss 15 Umwelt- und Abfallwirtschaftsausschuss 19",
    "plain_text": "e zurzeit aktiven Gremien.Über die markierten Titel der Überschrift können Sie die einzelnen Informationsspalten auf- und absteigend sortieren. Kreistag und KreisausschussGremiumMitglieder Kreistag 51 Kreisausschuss 11 FachausschüsseGremiumMitglieder Bau-, Straßen- und Brandschutzausschuss 20 Finanz- und Wirtschaftsausschuss 15 Integrations- und Gleichstellungsausschuss 17 Jugendhilfeausschuss 21 23 Sozial- und Gesundheitsausschuss 18 Struktur- und Klimaschutzausschuss 15 Umwelt- und Abfallwirtschaftsausschuss 19",
    "source": "https://oldenburg-kreis.ratsinfomanagement.net/gremien/"
  },
  {
    "type": "link",
    "url": "https://oldenburg-kreis.ratsinfomanagement.net/gremien/?__=UGhVM0hpd2NXNFdFcExjZcRguwzgcCkpmAwz5O5G0C0",
    "title": "Sozial- und Gesundheitsausschuss",
    "content": "die markierten Titel der Überschrift können Sie die einzelnen Informationsspalten auf- und absteigend sortieren. Kreistag und KreisausschussGremiumMitglieder Kreistag 51 Kreisausschuss 11 FachausschüsseGremiumMitglieder Bau-, Straßen- und Brandschutzausschuss 20 Finanz- und Wirtschaftsausschuss 15 Integrations- und Gleichstellungsausschuss 17 Jugendhilfeausschuss 21 Schul- und Kulturausschuss 23 18 Struktur- und Klimaschutzausschuss 15 Umwelt- und Abfallwirtschaftsausschuss 19",
    "plain_text": "die markierten Titel der Überschrift können Sie die einzelnen Informationsspalten auf- und absteigend sortieren. Kreistag und KreisausschussGremiumMitglieder Kreistag 51 Kreisausschuss 11 FachausschüsseGremiumMitglieder Bau-, Straßen- und Brandschutzausschuss 20 Finanz- und Wirtschaftsausschuss 15 Integrations- und Gleichstellungsausschuss 17 Jugendhilfeausschuss 21 Schul- und Kulturausschuss 23 18 Struktur- und Klimaschutzausschuss 15 Umwelt- und Abfallwirtschaftsausschuss 19",
    "source": "https://oldenburg-kreis.ratsinfomanagement.net/gremien/"
  },
  {
    "type": "link",
    "url": "https://oldenburg-kreis.ratsinfomanagement.net/gremien/?__=UGhVM0hpd2NXNFdFcExjZT_Nt3DbUuQa6CUWKl7PBYM",
    "title": "Struktur- und Klimaschutzausschuss",
    "content": "t können Sie die einzelnen Informationsspalten auf- und absteigend sortieren. Kreistag und KreisausschussGremiumMitglieder Kreistag 51 Kreisausschuss 11 FachausschüsseGremiumMitglieder Bau-, Straßen- und Brandschutzausschuss 20 Finanz- und Wirtschaftsausschuss 15 Integrations- und Gleichstellungsausschuss 17 Jugendhilfeausschuss 21 Schul- und Kulturausschuss 23 Sozial- und Gesundheitsausschuss 18 15 Umwelt- und Abfallwirtschaftsausschuss 19",
    "plain_text": "t können Sie die einzelnen Informationsspalten auf- und absteigend sortieren. Kreistag und KreisausschussGremiumMitglieder Kreistag 51 Kreisausschuss 11 FachausschüsseGremiumMitglieder Bau-, Straßen- und Brandschutzausschuss 20 Finanz- und Wirtschaftsausschuss 15 Integrations- und Gleichstellungsausschuss 17 Jugendhilfeausschuss 21 Schul- und Kulturausschuss 23 Sozial- und Gesundheitsausschuss 18 15 Umwelt- und Abfallwirtschaftsausschuss 19",
    "source": "https://oldenburg-kreis.ratsinfomanagement.net/gremien/"
  },
  {
    "type": "link",
    "url": "https://oldenburg-kreis.ratsinfomanagement.net/gremien/?__=UGhVM0hpd2NXNFdFcExjZe_kr0vAGgx-RDGvrMig7Gg",
    "title": "Umwelt- und Abfallwirtschaftsausschuss",
    "content": "sspalten auf- und absteigend sortieren. Kreistag und KreisausschussGremiumMitglieder Kreistag 51 Kreisausschuss 11 FachausschüsseGremiumMitglieder Bau-, Straßen- und Brandschutzausschuss 20 Finanz- und Wirtschaftsausschuss 15 Integrations- und Gleichstellungsausschuss 17 Jugendhilfeausschuss 21 Schul- und Kulturausschuss 23 Sozial- und Gesundheitsausschuss 18 Struktur- und Klimaschutzausschuss 15 19",
    "plain_text": "sspalten auf- und absteigend sortieren. Kreistag und KreisausschussGremiumMitglieder Kreistag 51 Kreisausschuss 11 FachausschüsseGremiumMitglieder Bau-, Straßen- und Brandschutzausschuss 20 Finanz- und Wirtschaftsausschuss 15 Integrations- und Gleichstellungsausschuss 17 Jugendhilfeausschuss 21 Schul- und Kulturausschuss 23 Sozial- und Gesundheitsausschuss 18 Struktur- und Klimaschutzausschuss 15 19",
    "source": "https://oldenburg-kreis.ratsinfomanagement.net/gremien/"
  },
  {
    "type": "form",
    "url": "https://oldenburg-kreis.ratsinfomanagement.net/recherche",
    "method": "get",
    "source": "https://oldenburg-kreis.ratsinfomanagement.net/gremien/"
  },
  {
    "type": "form",
    "url": "https://oldenburg-kreis.ratsinfomanagement.net/",
    "method": "post",
    "source": "https://oldenburg-kreis.ratsinfomanagement.net/gremien/"
  },
  {
    "type": "content",
    "url": "https://oldenburg-kreis.ratsinfomanagement.net/gremien/",
    "title": "Gremien",
    "content": "Recherche für Bürger, Politik und Verwaltung.\n\nDiese Übersicht enthält alle zurzeit aktiven Gremien.\n\nÜber die markierten Titel der Überschrift können Sie die einzelnen Informationsspalten auf- und absteigend sortieren.\n\nTabellen: Gremium | Mitglieder | Bau-, Straßen- und Brandschutzausschuss | Finanz- und Wirtschaftsausschuss | Integrations- und Gleichstellungsausschuss | Jugendhilfeausschuss | Schul- und Kulturausschuss | Sozial- und Gesundheitsausschuss | Struktur- und Klimaschutzausschuss | Umwelt- und Abfallwirtschaftsausschuss",
    "plain_text": "Recherche für Bürger, Politik und Verwaltung.\n\nDiese Übersicht enthält alle zurzeit aktiven Gremien.\n\nÜber die markierten Titel der Überschrift können Sie die einzelnen Informationsspalten auf- und absteigend sortieren.\n\nTabellen: Gremium | Mitglieder | Bau-, Straßen- und Brandschutzausschuss | Finanz- und Wirtschaftsausschuss | Integrations- und Gleichstellungsausschuss | Jugendhilfeausschuss | Schul- und Kulturausschuss | Sozial- und Gesundheitsausschuss | Struktur- und Klimaschutzausschuss | Umwelt- und Abfallwirtschaftsausschuss",
    "source": "https://oldenburg-kreis.ratsinfomanagement.net/gremien/",
    "sectionType": "main",
    "paragraphCount": 3
  },
  {
    "type": "content",
    "url": "https://oldenburg-kreis.ratsinfomanagement.net/gremien/",
    "title": "Gremien",
    "content": "Diese Übersicht enthält alle zurzeit aktiven Gremien.\n\nÜber die markierten Titel der Überschrift können Sie die einzelnen Informationsspalten auf- und absteigend sortieren.\n\nTabellen: Gremium | Mitglieder | Bau-, Straßen- und Brandschutzausschuss | Finanz- und Wirtschaftsausschuss | Integrations- und Gleichstellungsausschuss | Jugendhilfeausschuss | Schul- und Kulturausschuss | Sozial- und Gesundheitsausschuss | Struktur- und Klimaschutzausschuss | Umwelt- und Abfallwirtschaftsausschuss",
    "plain_text": "Diese Übersicht enthält alle zurzeit aktiven Gremien.\n\nÜber die markierten Titel der Überschrift können Sie die einzelnen Informationsspalten auf- und absteigend sortieren.\n\nTabellen: Gremium | Mitglieder | Bau-, Straßen- und Brandschutzausschuss | Finanz- und Wirtschaftsausschuss | Integrations- und Gleichstellungsausschuss | Jugendhilfeausschuss | Schul- und Kulturausschuss | Sozial- und Gesundheitsausschuss | Struktur- und Klimaschutzausschuss | Umwelt- und Abfallwirtschaftsausschuss",
    "source": "https://oldenburg-kreis.ratsinfomanagement.net/gremien/",
    "sectionType": "main",
    "paragraphCount": 2
  },
  {
    "type": "link",
    "url": "https://www.oldenburg-kreis.de/portal/startseite.html",
    "title": "Startseite",
    "content": "Wechseln Sie bitte zur  oder zur Suche, um die gewünschten Informationen zu erhalten.",
    "plain_text": "Wechseln Sie bitte zur  oder zur Suche, um die gewünschten Informationen zu erhalten.",
    "source": "https://www.oldenburg-kreis.de/impressum/"
  },
  {
    "type": "link",
    "url": "https://www.oldenburg-kreis.de/portal/suche.html",
    "title": "Suche",
    "content": "Wechseln Sie bitte zur Startseite oder zur , um die gewünschten Informationen zu erhalten.",
    "plain_text": "Wechseln Sie bitte zur Startseite oder zur , um die gewünschten Informationen zu erhalten.",
    "source": "https://www.oldenburg-kreis.de/impressum/"
  },
  {
    "type": "contact",
    "contactType": "phone",
    "value": "15000",
    "source": "https://www.oldenburg-kreis.de/impressum/"
  },
  {
    "type": "content",
    "url": "https://www.oldenburg-kreis.de/impressum/",
    "title": "Die Datei wurde nicht gefunden.",
    "content": "Entschuldigung. Diese Datei wurde leider nicht gefunden. Dies kann folgende Gründe haben: Sie verwenden ein altes Lesezeichen / alte Adresse. Über eine Suchmaschine haben Sie ein veraltetes Ergebnis angeklickt. Wechseln Sie bitte zur Startseite oder zur Suche, um die gewünschten Informationen zu erhalten.",
    "plain_text": "Entschuldigung. Diese Datei wurde leider nicht gefunden. Dies kann folgende Gründe haben: Sie verwenden ein altes Lesezeichen / alte Adresse. Über eine Suchmaschine haben Sie ein veraltetes Ergebnis angeklickt. Wechseln Sie bitte zur Startseite oder zur Suche, um die gewünschten Informationen zu erhalten.",
    "source": "https://www.oldenburg-kreis.de/impressum/",
    "sectionType": "heading"
  },
  {
    "type": "content",
    "url": "https://www.oldenburg-kreis.de/impressum/",
    "title": "Landkreis Oldenburg",
    "content": "Entschuldigung. Diese Datei wurde leider nicht gefunden. Dies kann folgende Gründe haben:\n\nWechseln Sie bitte zur Startseite oder zur Suche, um die gewünschten Informationen zu erhalten.\n\n• Sie verwenden ein altes Lesezeichen / alte Adresse.\n• Über eine Suchmaschine haben Sie ein veraltetes Ergebnis angeklickt.",
    "plain_text": "Entschuldigung. Diese Datei wurde leider nicht gefunden. Dies kann folgende Gründe haben:\n\nWechseln Sie bitte zur Startseite oder zur Suche, um die gewünschten Informationen zu erhalten.\n\n• Sie verwenden ein altes Lesezeichen / alte Adresse.\n• Über eine Suchmaschine haben Sie ein veraltetes Ergebnis angeklickt.",
    "source": "https://www.oldenburg-kreis.de/impressum/",
    "sectionType": "fallback"
  }
]
