[
  {
    "type": "link",
    "url": "https://www.oldenburg-kreis.de/portal/startseite.html",
    "title": "Startseite",
    "content": "Wechseln Sie bitte zur  oder zur Suche, um die gewünschten Informationen zu erhalten.",
    "plain_text": "Wechseln Sie bitte zur  oder zur Suche, um die gewünschten Informationen zu erhalten.",
    "source": "https://www.oldenburg-kreis.de/gesundheit-und-soziales/senioren/"
  },
  {
    "type": "link",
    "url": "https://www.oldenburg-kreis.de/portal/suche.html",
    "title": "Suche",
    "content": "Wechseln Sie bitte zur Startseite oder zur , um die gewünschten Informationen zu erhalten.",
    "plain_text": "Wechseln Sie bitte zur Startseite oder zur , um die gewünschten Informationen zu erhalten.",
    "source": "https://www.oldenburg-kreis.de/gesundheit-und-soziales/senioren/"
  },
  {
    "type": "contact",
    "contactType": "phone",
    "value": "15000",
    "source": "https://www.oldenburg-kreis.de/gesundheit-und-soziales/senioren/"
  },
  {
    "type": "content",
    "url": "https://www.oldenburg-kreis.de/gesundheit-und-soziales/senioren/",
    "title": "Die Datei wurde nicht gefunden.",
    "content": "Entschuldigung. Diese Datei wurde leider nicht gefunden. Dies kann folgende Gründe haben: Sie verwenden ein altes Lesezeichen / alte Adresse. Über eine Suchmaschine haben Sie ein veraltetes Ergebnis angeklickt. Wechseln Sie bitte zur Startseite oder zur Suche, um die gewünschten Informationen zu erhalten.",
    "plain_text": "Entschuldigung. Diese Datei wurde leider nicht gefunden. Dies kann folgende Gründe haben: Sie verwenden ein altes Lesezeichen / alte Adresse. Über eine Suchmaschine haben Sie ein veraltetes Ergebnis angeklickt. Wechseln Sie bitte zur Startseite oder zur Suche, um die gewünschten Informationen zu erhalten.",
    "source": "https://www.oldenburg-kreis.de/gesundheit-und-soziales/senioren/",
    "sectionType": "heading"
  },
  {
    "type": "content",
    "url": "https://www.oldenburg-kreis.de/gesundheit-und-soziales/senioren/",
    "title": "Landkreis Oldenburg",
    "content": "Entschuldigung. Diese Datei wurde leider nicht gefunden. Dies kann folgende Gründe haben:\n\nWechseln Sie bitte zur Startseite oder zur Suche, um die gewünschten Informationen zu erhalten.\n\n• Sie verwenden ein altes Lesezeichen / alte Adresse.\n• Über eine Suchmaschine haben Sie ein veraltetes Ergebnis angeklickt.",
    "plain_text": "Entschuldigung. Diese Datei wurde leider nicht gefunden. Dies kann folgende Gründe haben:\n\nWechseln Sie bitte zur Startseite oder zur Suche, um die gewünschten Informationen zu erhalten.\n\n• Sie verwenden ein altes Lesezeichen / alte Adresse.\n• Über eine Suchmaschine haben Sie ein veraltetes Ergebnis angeklickt.",
    "source": "https://www.oldenburg-kreis.de/gesundheit-und-soziales/senioren/",
    "sectionType": "fallback"
  },
  {
    "type": "link",
    "url": "https://www.oldenburg-kreis.de/portal/sitemap.html?naviID=900000001&brotID=900000001&id=900000003&navi_id=900000001",
    "title": "Landkreis und Verwaltung",
    "content": "/Kreisverwaltung/Kurzvorstellung der Ämter/Amt für Teilhabe und Soziale Sicherung",
    "plain_text": "/Kreisverwaltung/Kurzvorstellung der Ämter/Amt für Teilhabe und Soziale Sicherung",
    "source": "https://www.oldenburg-kreis.de/landkreis-und-verwaltung/kreisverwaltung/kurzvorstellung-der-aemter/amt-fuer-teilhabe-und-soziale-sicherung/"
  },
  {
    "type": "link",
    "url": "https://www.oldenburg-kreis.de/portal/seiten/kreisverwaltung-900000137-21700.html?naviID=900000040&brotID=900000040&rubrik=900000002",
    "title": "Kreisverwaltung",
    "content": "/Kurzvorstellung der Ämter/Amt für Teilhabe und Soziale Sicherung",
    "plain_text": "/Kurzvorstellung der Ämter/Amt für Teilhabe und Soziale Sicherung",
    "source": "https://www.oldenburg-kreis.de/landkreis-und-verwaltung/kreisverwaltung/kurzvorstellung-der-aemter/amt-fuer-teilhabe-und-soziale-sicherung/"
  },
  {
    "type": "link",
    "url": "https://www.oldenburg-kreis.de/portal/sitemap.html?naviID=900000143&brotID=900000143&id=900000004&navi_id=900000143",
    "title": "Kurzvorstellung der Ämter",
    "content": "Amt für Teilhabe und Soziale Sicherung",
    "plain_text": "Amt für Teilhabe und Soziale Sicherung",
    "source": "https://www.oldenburg-kreis.de/landkreis-und-verwaltung/kreisverwaltung/kurzvorstellung-der-aemter/amt-fuer-teilhabe-und-soziale-sicherung/"
  },
  {
    "type": "link",
    "url": "https://www.oldenburg-kreis.de/portal/seiten/amt-fuer-teilhabe-und-soziale-sicherung-900000201-21700.html?naviID=900000155&brotID=900000155&rubrik=900000005",
    "title": "Amt für Teilhabe und Soziale Sicherung",
    "content": "Amt für Teilhabe und Soziale Sicherung",
    "plain_text": "Amt für Teilhabe und Soziale Sicherung",
    "source": "https://www.oldenburg-kreis.de/landkreis-und-verwaltung/kreisverwaltung/kurzvorstellung-der-aemter/amt-fuer-teilhabe-und-soziale-sicherung/"
  },
  {
    "type": "link",
    "url": "http://www.oldenburg-kreis.de/frauenhaus",
    "title": "Frauen- und Kinderschutzhaus des Landkreises Oldenburg",
    "content": "Frauen- und Kinderschutzhaus des Landkreises Oldenburg",
    "plain_text": "Frauen- und Kinderschutzhaus des Landkreises Oldenburg",
    "source": "https://www.oldenburg-kreis.de/landkreis-und-verwaltung/kreisverwaltung/kurzvorstellung-der-aemter/amt-fuer-teilhabe-und-soziale-sicherung/"
  },
  {
    "type": "link",
    "url": "http://www.oldenburg-kreis.de/gesundheit-und-soziales/aufgaben-der-sozialen-sicherung/aufwind/",
    "title": "Frauen- und Mädchenberatung „Aufwind“",
    "content": "Frauen- und Mädchenberatung „Aufwind“",
    "plain_text": "Frauen- und Mädchenberatung „Aufwind“",
    "source": "https://www.oldenburg-kreis.de/landkreis-und-verwaltung/kreisverwaltung/kurzvorstellung-der-aemter/amt-fuer-teilhabe-und-soziale-sicherung/"
  },
  {
    "type": "link",
    "url": "http://www.oldenburg-kreis.de/gesundheit-und-soziales/aufgaben-der-sozialen-sicherung/biss/",
    "title": "Beratungs- und Interventionsstelle bei häuslicher Gewalt (BISS)",
    "content": "Beratungs- und Interventionsstelle bei häuslicher Gewalt (BISS)",
    "plain_text": "Beratungs- und Interventionsstelle bei häuslicher Gewalt (BISS)",
    "source": "https://www.oldenburg-kreis.de/landkreis-und-verwaltung/kreisverwaltung/kurzvorstellung-der-aemter/amt-fuer-teilhabe-und-soziale-sicherung/"
  },
  {
    "type": "contact",
    "contactType": "phone",
    "value": "900000001",
    "source": "https://www.oldenburg-kreis.de/landkreis-und-verwaltung/kreisverwaltung/kurzvorstellung-der-aemter/amt-fuer-teilhabe-und-soziale-sicherung/"
  },
  {
    "type": "contact",
    "contactType": "phone",
    "value": "900000001",
    "source": "https://www.oldenburg-kreis.de/landkreis-und-verwaltung/kreisverwaltung/kurzvorstellung-der-aemter/amt-fuer-teilhabe-und-soziale-sicherung/"
  },
  {
    "type": "contact",
    "contactType": "phone",
    "value": "900000003",
    "source": "https://www.oldenburg-kreis.de/landkreis-und-verwaltung/kreisverwaltung/kurzvorstellung-der-aemter/amt-fuer-teilhabe-und-soziale-sicherung/"
  },
  {
    "type": "contact",
    "contactType": "phone",
    "value": "900000001",
    "source": "https://www.oldenburg-kreis.de/landkreis-und-verwaltung/kreisverwaltung/kurzvorstellung-der-aemter/amt-fuer-teilhabe-und-soziale-sicherung/"
  },
  {
    "type": "contact",
    "contactType": "phone",
    "value": "900000137-21700",
    "source": "https://www.oldenburg-kreis.de/landkreis-und-verwaltung/kreisverwaltung/kurzvorstellung-der-aemter/amt-fuer-teilhabe-und-soziale-sicherung/"
  },
  {
    "type": "contact",
    "contactType": "phone",
    "value": "900000040",
    "source": "https://www.oldenburg-kreis.de/landkreis-und-verwaltung/kreisverwaltung/kurzvorstellung-der-aemter/amt-fuer-teilhabe-und-soziale-sicherung/"
  },
  {
    "type": "contact",
    "contactType": "phone",
    "value": "900000040",
    "source": "https://www.oldenburg-kreis.de/landkreis-und-verwaltung/kreisverwaltung/kurzvorstellung-der-aemter/amt-fuer-teilhabe-und-soziale-sicherung/"
  },
  {
    "type": "contact",
    "contactType": "phone",
    "value": "900000002",
    "source": "https://www.oldenburg-kreis.de/landkreis-und-verwaltung/kreisverwaltung/kurzvorstellung-der-aemter/amt-fuer-teilhabe-und-soziale-sicherung/"
  },
  {
    "type": "contact",
    "contactType": "phone",
    "value": "900000143",
    "source": "https://www.oldenburg-kreis.de/landkreis-und-verwaltung/kreisverwaltung/kurzvorstellung-der-aemter/amt-fuer-teilhabe-und-soziale-sicherung/"
  },
  {
    "type": "contact",
    "contactType": "phone",
    "value": "900000143",
    "source": "https://www.oldenburg-kreis.de/landkreis-und-verwaltung/kreisverwaltung/kurzvorstellung-der-aemter/amt-fuer-teilhabe-und-soziale-sicherung/"
  },
  {
    "type": "contact",
    "contactType": "phone",
    "value": "900000004",
    "source": "https://www.oldenburg-kreis.de/landkreis-und-verwaltung/kreisverwaltung/kurzvorstellung-der-aemter/amt-fuer-teilhabe-und-soziale-sicherung/"
  },
  {
    "type": "contact",
    "contactType": "phone",
    "value": "900000143",
    "source": "https://www.oldenburg-kreis.de/landkreis-und-verwaltung/kreisverwaltung/kurzvorstellung-der-aemter/amt-fuer-teilhabe-und-soziale-sicherung/"
  },
  {
    "type": "contact",
    "contactType": "phone",
    "value": "900000201-21700",
    "source": "https://www.oldenburg-kreis.de/landkreis-und-verwaltung/kreisverwaltung/kurzvorstellung-der-aemter/amt-fuer-teilhabe-und-soziale-sicherung/"
  },
  {
    "type": "contact",
    "contactType": "phone",
    "value": "900000155",
    "source": "https://www.oldenburg-kreis.de/landkreis-und-verwaltung/kreisverwaltung/kurzvorstellung-der-aemter/amt-fuer-teilhabe-und-soziale-sicherung/"
  },
  {
    "type": "contact",
    "contactType": "phone",
    "value": "900000155",
    "source": "https://www.oldenburg-kreis.de/landkreis-und-verwaltung/kreisverwaltung/kurzvorstellung-der-aemter/amt-fuer-teilhabe-und-soziale-sicherung/"
  },
  {
    "type": "contact",
    "contactType": "phone",
    "value": "900000005",
    "source": "https://www.oldenburg-kreis.de/landkreis-und-verwaltung/kreisverwaltung/kurzvorstellung-der-aemter/amt-fuer-teilhabe-und-soziale-sicherung/"
  },
  {
    "type": "contact",
    "contactType": "phone",
    "value": "900000001",
    "source": "https://www.oldenburg-kreis.de/landkreis-und-verwaltung/kreisverwaltung/kurzvorstellung-der-aemter/amt-fuer-teilhabe-und-soziale-sicherung/"
  },
  {
    "type": "contact",
    "contactType": "phone",
    "value": "900000001",
    "source": "https://www.oldenburg-kreis.de/landkreis-und-verwaltung/kreisverwaltung/kurzvorstellung-der-aemter/amt-fuer-teilhabe-und-soziale-sicherung/"
  },
  {
    "type": "contact",
    "contactType": "phone",
    "value": "900000003",
    "source": "https://www.oldenburg-kreis.de/landkreis-und-verwaltung/kreisverwaltung/kurzvorstellung-der-aemter/amt-fuer-teilhabe-und-soziale-sicherung/"
  },
  {
    "type": "contact",
    "contactType": "phone",
    "value": "900000001",
    "source": "https://www.oldenburg-kreis.de/landkreis-und-verwaltung/kreisverwaltung/kurzvorstellung-der-aemter/amt-fuer-teilhabe-und-soziale-sicherung/"
  },
  {
    "type": "contact",
    "contactType": "phone",
    "value": "900000137-21700",
    "source": "https://www.oldenburg-kreis.de/landkreis-und-verwaltung/kreisverwaltung/kurzvorstellung-der-aemter/amt-fuer-teilhabe-und-soziale-sicherung/"
  },
  {
    "type": "contact",
    "contactType": "phone",
    "value": "900000040",
    "source": "https://www.oldenburg-kreis.de/landkreis-und-verwaltung/kreisverwaltung/kurzvorstellung-der-aemter/amt-fuer-teilhabe-und-soziale-sicherung/"
  },
  {
    "type": "contact",
    "contactType": "phone",
    "value": "900000040",
    "source": "https://www.oldenburg-kreis.de/landkreis-und-verwaltung/kreisverwaltung/kurzvorstellung-der-aemter/amt-fuer-teilhabe-und-soziale-sicherung/"
  },
  {
    "type": "contact",
    "contactType": "phone",
    "value": "900000002",
    "source": "https://www.oldenburg-kreis.de/landkreis-und-verwaltung/kreisverwaltung/kurzvorstellung-der-aemter/amt-fuer-teilhabe-und-soziale-sicherung/"
  },
  {
    "type": "contact",
    "contactType": "phone",
    "value": "900000143",
    "source": "https://www.oldenburg-kreis.de/landkreis-und-verwaltung/kreisverwaltung/kurzvorstellung-der-aemter/amt-fuer-teilhabe-und-soziale-sicherung/"
  },
  {
    "type": "contact",
    "contactType": "phone",
    "value": "900000143",
    "source": "https://www.oldenburg-kreis.de/landkreis-und-verwaltung/kreisverwaltung/kurzvorstellung-der-aemter/amt-fuer-teilhabe-und-soziale-sicherung/"
  },
  {
    "type": "contact",
    "contactType": "phone",
    "value": "900000004",
    "source": "https://www.oldenburg-kreis.de/landkreis-und-verwaltung/kreisverwaltung/kurzvorstellung-der-aemter/amt-fuer-teilhabe-und-soziale-sicherung/"
  },
  {
    "type": "contact",
    "contactType": "phone",
    "value": "900000143",
    "source": "https://www.oldenburg-kreis.de/landkreis-und-verwaltung/kreisverwaltung/kurzvorstellung-der-aemter/amt-fuer-teilhabe-und-soziale-sicherung/"
  },
  {
    "type": "contact",
    "contactType": "phone",
    "value": "900000201-21700",
    "source": "https://www.oldenburg-kreis.de/landkreis-und-verwaltung/kreisverwaltung/kurzvorstellung-der-aemter/amt-fuer-teilhabe-und-soziale-sicherung/"
  },
  {
    "type": "contact",
    "contactType": "phone",
    "value": "900000155",
    "source": "https://www.oldenburg-kreis.de/landkreis-und-verwaltung/kreisverwaltung/kurzvorstellung-der-aemter/amt-fuer-teilhabe-und-soziale-sicherung/"
  },
  {
    "type": "contact",
    "contactType": "phone",
    "value": "900000155",
    "source": "https://www.oldenburg-kreis.de/landkreis-und-verwaltung/kreisverwaltung/kurzvorstellung-der-aemter/amt-fuer-teilhabe-und-soziale-sicherung/"
  },
  {
    "type": "contact",
    "contactType": "phone",
    "value": "900000005",
    "source": "https://www.oldenburg-kreis.de/landkreis-und-verwaltung/kreisverwaltung/kurzvorstellung-der-aemter/amt-fuer-teilhabe-und-soziale-sicherung/"
  },
  {
    "type": "contact",
    "contactType": "phone",
    "value": "900000001",
    "source": "https://www.oldenburg-kreis.de/landkreis-und-verwaltung/kreisverwaltung/kurzvorstellung-der-aemter/amt-fuer-teilhabe-und-soziale-sicherung/"
  },
  {
    "type": "contact",
    "contactType": "phone",
    "value": "900000001",
    "source": "https://www.oldenburg-kreis.de/landkreis-und-verwaltung/kreisverwaltung/kurzvorstellung-der-aemter/amt-fuer-teilhabe-und-soziale-sicherung/"
  },
  {
    "type": "contact",
    "contactType": "phone",
    "value": "900000003",
    "source": "https://www.oldenburg-kreis.de/landkreis-und-verwaltung/kreisverwaltung/kurzvorstellung-der-aemter/amt-fuer-teilhabe-und-soziale-sicherung/"
  },
  {
    "type": "contact",
    "contactType": "phone",
    "value": "900000001",
    "source": "https://www.oldenburg-kreis.de/landkreis-und-verwaltung/kreisverwaltung/kurzvorstellung-der-aemter/amt-fuer-teilhabe-und-soziale-sicherung/"
  },
  {
    "type": "contact",
    "contactType": "phone",
    "value": "900000137-21700",
    "source": "https://www.oldenburg-kreis.de/landkreis-und-verwaltung/kreisverwaltung/kurzvorstellung-der-aemter/amt-fuer-teilhabe-und-soziale-sicherung/"
  },
  {
    "type": "contact",
    "contactType": "phone",
    "value": "900000040",
    "source": "https://www.oldenburg-kreis.de/landkreis-und-verwaltung/kreisverwaltung/kurzvorstellung-der-aemter/amt-fuer-teilhabe-und-soziale-sicherung/"
  },
  {
    "type": "contact",
    "contactType": "phone",
    "value": "900000040",
    "source": "https://www.oldenburg-kreis.de/landkreis-und-verwaltung/kreisverwaltung/kurzvorstellung-der-aemter/amt-fuer-teilhabe-und-soziale-sicherung/"
  },
  {
    "type": "contact",
    "contactType": "phone",
    "value": "900000002",
    "source": "https://www.oldenburg-kreis.de/landkreis-und-verwaltung/kreisverwaltung/kurzvorstellung-der-aemter/amt-fuer-teilhabe-und-soziale-sicherung/"
  },
  {
    "type": "contact",
    "contactType": "phone",
    "value": "900000143",
    "source": "https://www.oldenburg-kreis.de/landkreis-und-verwaltung/kreisverwaltung/kurzvorstellung-der-aemter/amt-fuer-teilhabe-und-soziale-sicherung/"
  },
  {
    "type": "contact",
    "contactType": "phone",
    "value": "900000143",
    "source": "https://www.oldenburg-kreis.de/landkreis-und-verwaltung/kreisverwaltung/kurzvorstellung-der-aemter/amt-fuer-teilhabe-und-soziale-sicherung/"
  },
  {
    "type": "contact",
    "contactType": "phone",
    "value": "900000004",
    "source": "https://www.oldenburg-kreis.de/landkreis-und-verwaltung/kreisverwaltung/kurzvorstellung-der-aemter/amt-fuer-teilhabe-und-soziale-sicherung/"
  },
  {
    "type": "contact",
    "contactType": "phone",
    "value": "900000143",
    "source": "https://www.oldenburg-kreis.de/landkreis-und-verwaltung/kreisverwaltung/kurzvorstellung-der-aemter/amt-fuer-teilhabe-und-soziale-sicherung/"
  },
  {
    "type": "contact",
    "contactType": "phone",
    "value": "900000201-21700",
    "source": "https://www.oldenburg-kreis.de/landkreis-und-verwaltung/kreisverwaltung/kurzvorstellung-der-aemter/amt-fuer-teilhabe-und-soziale-sicherung/"
  },
  {
    "type": "contact",
    "contactType": "phone",
    "value": "900000155",
    "source": "https://www.oldenburg-kreis.de/landkreis-und-verwaltung/kreisverwaltung/kurzvorstellung-der-aemter/amt-fuer-teilhabe-und-soziale-sicherung/"
  },
  {
    "type": "contact",
    "contactType": "phone",
    "value": "900000155",
    "source": "https://www.oldenburg-kreis.de/landkreis-und-verwaltung/kreisverwaltung/kurzvorstellung-der-aemter/amt-fuer-teilhabe-und-soziale-sicherung/"
  },
  {
    "type": "contact",
    "contactType": "phone",
    "value": "900000005",
    "source": "https://www.oldenburg-kreis.de/landkreis-und-verwaltung/kreisverwaltung/kurzvorstellung-der-aemter/amt-fuer-teilhabe-und-soziale-sicherung/"
  },
  {
    "type": "contact",
    "contactType": "phone",
    "value": "900000001",
    "source": "https://www.oldenburg-kreis.de/landkreis-und-verwaltung/kreisverwaltung/kurzvorstellung-der-aemter/amt-fuer-teilhabe-und-soziale-sicherung/"
  },
  {
    "type": "contact",
    "contactType": "phone",
    "value": "900000001",
    "source": "https://www.oldenburg-kreis.de/landkreis-und-verwaltung/kreisverwaltung/kurzvorstellung-der-aemter/amt-fuer-teilhabe-und-soziale-sicherung/"
  },
  {
    "type": "contact",
    "contactType": "phone",
    "value": "900000003",
    "source": "https://www.oldenburg-kreis.de/landkreis-und-verwaltung/kreisverwaltung/kurzvorstellung-der-aemter/amt-fuer-teilhabe-und-soziale-sicherung/"
  },
  {
    "type": "contact",
    "contactType": "phone",
    "value": "900000001",
    "source": "https://www.oldenburg-kreis.de/landkreis-und-verwaltung/kreisverwaltung/kurzvorstellung-der-aemter/amt-fuer-teilhabe-und-soziale-sicherung/"
  },
  {
    "type": "contact",
    "contactType": "phone",
    "value": "900000137-21700",
    "source": "https://www.oldenburg-kreis.de/landkreis-und-verwaltung/kreisverwaltung/kurzvorstellung-der-aemter/amt-fuer-teilhabe-und-soziale-sicherung/"
  },
  {
    "type": "contact",
    "contactType": "phone",
    "value": "900000040",
    "source": "https://www.oldenburg-kreis.de/landkreis-und-verwaltung/kreisverwaltung/kurzvorstellung-der-aemter/amt-fuer-teilhabe-und-soziale-sicherung/"
  },
  {
    "type": "contact",
    "contactType": "phone",
    "value": "900000040",
    "source": "https://www.oldenburg-kreis.de/landkreis-und-verwaltung/kreisverwaltung/kurzvorstellung-der-aemter/amt-fuer-teilhabe-und-soziale-sicherung/"
  },
  {
    "type": "contact",
    "contactType": "phone",
    "value": "900000002",
    "source": "https://www.oldenburg-kreis.de/landkreis-und-verwaltung/kreisverwaltung/kurzvorstellung-der-aemter/amt-fuer-teilhabe-und-soziale-sicherung/"
  },
  {
    "type": "contact",
    "contactType": "phone",
    "value": "900000143",
    "source": "https://www.oldenburg-kreis.de/landkreis-und-verwaltung/kreisverwaltung/kurzvorstellung-der-aemter/amt-fuer-teilhabe-und-soziale-sicherung/"
  },
  {
    "type": "contact",
    "contactType": "phone",
    "value": "900000143",
    "source": "https://www.oldenburg-kreis.de/landkreis-und-verwaltung/kreisverwaltung/kurzvorstellung-der-aemter/amt-fuer-teilhabe-und-soziale-sicherung/"
  },
  {
    "type": "contact",
    "contactType": "phone",
    "value": "900000004",
    "source": "https://www.oldenburg-kreis.de/landkreis-und-verwaltung/kreisverwaltung/kurzvorstellung-der-aemter/amt-fuer-teilhabe-und-soziale-sicherung/"
  },
  {
    "type": "contact",
    "contactType": "phone",
    "value": "900000143",
    "source": "https://www.oldenburg-kreis.de/landkreis-und-verwaltung/kreisverwaltung/kurzvorstellung-der-aemter/amt-fuer-teilhabe-und-soziale-sicherung/"
  },
  {
    "type": "contact",
    "contactType": "phone",
    "value": "900000201-21700",
    "source": "https://www.oldenburg-kreis.de/landkreis-und-verwaltung/kreisverwaltung/kurzvorstellung-der-aemter/amt-fuer-teilhabe-und-soziale-sicherung/"
  },
  {
    "type": "contact",
    "contactType": "phone",
    "value": "900000155",
    "source": "https://www.oldenburg-kreis.de/landkreis-und-verwaltung/kreisverwaltung/kurzvorstellung-der-aemter/amt-fuer-teilhabe-und-soziale-sicherung/"
  },
  {
    "type": "contact",
    "contactType": "phone",
    "value": "900000155",
    "source": "https://www.oldenburg-kreis.de/landkreis-und-verwaltung/kreisverwaltung/kurzvorstellung-der-aemter/amt-fuer-teilhabe-und-soziale-sicherung/"
  },
  {
    "type": "contact",
    "contactType": "phone",
    "value": "900000005",
    "source": "https://www.oldenburg-kreis.de/landkreis-und-verwaltung/kreisverwaltung/kurzvorstellung-der-aemter/amt-fuer-teilhabe-und-soziale-sicherung/"
  },
  {
    "type": "content",
    "url": "https://www.oldenburg-kreis.de/landkreis-und-verwaltung/kreisverwaltung/kurzvorstellung-der-aemter/amt-fuer-teilhabe-und-soziale-sicherung/",
    "title": "Amt für Teilhabe und Soziale Sicherung",
    "content": "Im Amt für Teilhabe und Soziale Sicherung ist ein sehr vielfältiges Leistungsspektrum der „Sozialer Hilfen“ nach dem Sozialgesetzbuch (SGB XII), dem Asylbewerberleistungsgesetz (AsylbLG), dem Wohngeldgesetz (WoGG) sowie der Teilhabe und Inklusion von Menschen mit Behinderungen nach dem SGB IX zusammengeführt.\n\nDie Leistungsbereiche der Grundsicherung im Alter und bei Erwerbsminderung (SGB XII), die Leistungen nach dem Asylbewerberleistungsgesetz (AsylbLG) sowie dem Wohngeldgesetz (WoGG) werden in Kooperation mit den kreisangehörigen Kommunen direkt vor Ort in der Gemeinde-, Samtgemeinde bzw. Stadtverwaltung angeboten.\n\nLeistungen der Hilfe zur Pflege (SGB XII), die Bestattungskostenübernahme (SGB XII), Hilfen für blinde Menschen sowie die vielfältigen Leistungsangebote der Eingliederungshilfe zur Teilhabe von Menschen mit Behinderungen (SGB IX) sind hingegen im Kreishaus verortet.\n\nIm Senioren- und Pflegestützpunkt Niedersachsen im Landkreis Oldenburg (SPN) werden wertvolle Hilfen und Angebote für Seniorinnen und Senioren, insbesondere auch Beratungsangebote für Menschen mit Pflegebedarf unter einem Dach angeboten.\n\nAls Hilfestellung „Gegen Gewalt an Frauen“ sind im Amt für Teilhabe und Soziale Sicherung die folgenden Schutz- und Beratungseinrichtungen verortet und bieten bedarfsgerechte Hilfen an:\n\n• Frauen- und Kinderschutzhaus des Landkreises Oldenburg\n• Frauen- und Mädchenberatung „Aufwind“\n• Beratungs- und Interventionsstelle bei häuslicher Gewalt (BISS)",
    "plain_text": "Im Amt für Teilhabe und Soziale Sicherung ist ein sehr vielfältiges Leistungsspektrum der „Sozialer Hilfen“ nach dem Sozialgesetzbuch (SGB XII), dem Asylbewerberleistungsgesetz (AsylbLG), dem Wohngeldgesetz (WoGG) sowie der Teilhabe und Inklusion von Menschen mit Behinderungen nach dem SGB IX zusammengeführt.\n\nDie Leistungsbereiche der Grundsicherung im Alter und bei Erwerbsminderung (SGB XII), die Leistungen nach dem Asylbewerberleistungsgesetz (AsylbLG) sowie dem Wohngeldgesetz (WoGG) werden in Kooperation mit den kreisangehörigen Kommunen direkt vor Ort in der Gemeinde-, Samtgemeinde bzw. Stadtverwaltung angeboten.\n\nLeistungen der Hilfe zur Pflege (SGB XII), die Bestattungskostenübernahme (SGB XII), Hilfen für blinde Menschen sowie die vielfältigen Leistungsangebote der Eingliederungshilfe zur Teilhabe von Menschen mit Behinderungen (SGB IX) sind hingegen im Kreishaus verortet.\n\nIm Senioren- und Pflegestützpunkt Niedersachsen im Landkreis Oldenburg (SPN) werden wertvolle Hilfen und Angebote für Seniorinnen und Senioren, insbesondere auch Beratungsangebote für Menschen mit Pflegebedarf unter einem Dach angeboten.\n\nAls Hilfestellung „Gegen Gewalt an Frauen“ sind im Amt für Teilhabe und Soziale Sicherung die folgenden Schutz- und Beratungseinrichtungen verortet und bieten bedarfsgerechte Hilfen an:\n\n• Frauen- und Kinderschutzhaus des Landkreises Oldenburg\n• Frauen- und Mädchenberatung „Aufwind“\n• Beratungs- und Interventionsstelle bei häuslicher Gewalt (BISS)",
    "source": "https://www.oldenburg-kreis.de/landkreis-und-verwaltung/kreisverwaltung/kurzvorstellung-der-aemter/amt-fuer-teilhabe-und-soziale-sicherung/",
    "sectionType": "main",
    "paragraphCount": 5
  },
  {
    "type": "content",
    "url": "https://www.oldenburg-kreis.de/landkreis-und-verwaltung/kreisverwaltung/kurzvorstellung-der-aemter/amt-fuer-teilhabe-und-soziale-sicherung/",
    "title": "Inhaltsbereich",
    "content": "Volltextsuche Suchen Sie sind hier: Landkreis und Verwaltung/Kreisverwaltung/Kurzvorstellung der Ämter/Amt für Teilhabe und Soziale Sicherung Inhalt vorlesen Seite merken Seite drucken Amt für Teilhabe und Soziale Sicherung Im Amt für Teilhabe und Soziale Sicherung ist ein sehr vielfältiges Leistungsspektrum der „Sozialer Hilfen“ nach dem Sozialgesetzbuch (SGB XII), dem Asylbewerberleistungsgesetz (AsylbLG), dem Wohngeldgesetz (WoGG) sowie der Teilhabe und Inklusion von Menschen mit Behinderungen nach dem SGB IX zusammengeführt. Die Leistungsbereiche der Grundsicherung im Alter und bei Erwerbsminderung (SGB XII), die Leistungen nach dem Asylbewerberleistungsgesetz (AsylbLG) sowie dem Wohngeldgesetz (WoGG) werden in Kooperation mit den kreisangehörigen Kommunen direkt vor Ort in der Gemeinde-, Samtgemeinde bzw. Stadtverwaltung angeboten. Leistungen der Hilfe zur Pflege (SGB XII), die Bestattungskostenübernahme (SGB XII), Hilfen für blinde Menschen sowie die vielfältigen Leistungsangebote der Eingliederungshilfe zur Teilhabe von Menschen mit Behinderungen (SGB IX) sind hingegen im Kreishaus verortet. Im Senioren- und Pflegestützpunkt Niedersachsen im Landkreis Oldenburg (SPN) werden wertvolle Hilfen und Angebote für Seniorinnen und Senioren, insbesondere auch Beratungsangebote für Menschen mit Pflegebedarf unter einem Dach angeboten. Als Hilfestellung „Gegen Gewalt an Frauen“ sind im Amt für Teilhabe und Soziale Sicherung die folgenden Schutz- und Beratungseinrichtungen verortet und bieten bedarfsgerechte Hilfen an: Frauen- und Kinderschutzhaus des Landkreises Oldenburg Frauen- und Mädchenberatung „Aufwind“ Beratungs- und Interventionsstelle bei häuslicher Gewalt (BISS) Zurück",
    "plain_text": "Volltextsuche Suchen Sie sind hier: Landkreis und Verwaltung/Kreisverwaltung/Kurzvorstellung der Ämter/Amt für Teilhabe und Soziale Sicherung Inhalt vorlesen Seite merken Seite drucken Amt für Teilhabe und Soziale Sicherung Im Amt für Teilhabe und Soziale Sicherung ist ein sehr vielfältiges Leistungsspektrum der „Sozialer Hilfen“ nach dem Sozialgesetzbuch (SGB XII), dem Asylbewerberleistungsgesetz (AsylbLG), dem Wohngeldgesetz (WoGG) sowie der Teilhabe und Inklusion von Menschen mit Behinderungen nach dem SGB IX zusammengeführt. Die Leistungsbereiche der Grundsicherung im Alter und bei Erwerbsminderung (SGB XII), die Leistungen nach dem Asylbewerberleistungsgesetz (AsylbLG) sowie dem Wohngeldgesetz (WoGG) werden in Kooperation mit den kreisangehörigen Kommunen direkt vor Ort in der Gemeinde-, Samtgemeinde bzw. Stadtverwaltung angeboten. Leistungen der Hilfe zur Pflege (SGB XII), die Bestattungskostenübernahme (SGB XII), Hilfen für blinde Menschen sowie die vielfältigen Leistungsangebote der Eingliederungshilfe zur Teilhabe von Menschen mit Behinderungen (SGB IX) sind hingegen im Kreishaus verortet. Im Senioren- und Pflegestützpunkt Niedersachsen im Landkreis Oldenburg (SPN) werden wertvolle Hilfen und Angebote für Seniorinnen und Senioren, insbesondere auch Beratungsangebote für Menschen mit Pflegebedarf unter einem Dach angeboten. Als Hilfestellung „Gegen Gewalt an Frauen“ sind im Amt für Teilhabe und Soziale Sicherung die folgenden Schutz- und Beratungseinrichtungen verortet und bieten bedarfsgerechte Hilfen an: Frauen- und Kinderschutzhaus des Landkreises Oldenburg Frauen- und Mädchenberatung „Aufwind“ Beratungs- und Interventionsstelle bei häuslicher Gewalt (BISS) Zurück",
    "source": "https://www.oldenburg-kreis.de/landkreis-und-verwaltung/kreisverwaltung/kurzvorstellung-der-aemter/amt-fuer-teilhabe-und-soziale-sicherung/",
    "sectionType": "heading"
  },
  {
    "type": "content",
    "url": "https://www.oldenburg-kreis.de/landkreis-und-verwaltung/kreisverwaltung/kurzvorstellung-der-aemter/amt-fuer-teilhabe-und-soziale-sicherung/",
    "title": "Amt für Teilhabe und Soziale Sicherung",
    "content": "Im Amt für Teilhabe und Soziale Sicherung ist ein sehr vielfältiges Leistungsspektrum der „Sozialer Hilfen“ nach dem Sozialgesetzbuch (SGB XII), dem Asylbewerberleistungsgesetz (AsylbLG), dem Wohngeldgesetz (WoGG) sowie der Teilhabe und Inklusion von Menschen mit Behinderungen nach dem SGB IX zusammengeführt. Die Leistungsbereiche der Grundsicherung im Alter und bei Erwerbsminderung (SGB XII), die Leistungen nach dem Asylbewerberleistungsgesetz (AsylbLG) sowie dem Wohngeldgesetz (WoGG) werden in Kooperation mit den kreisangehörigen Kommunen direkt vor Ort in der Gemeinde-, Samtgemeinde bzw. Stadtverwaltung angeboten. Leistungen der Hilfe zur Pflege (SGB XII), die Bestattungskostenübernahme (SGB XII), Hilfen für blinde Menschen sowie die vielfältigen Leistungsangebote der Eingliederungshilfe zur Teilhabe von Menschen mit Behinderungen (SGB IX) sind hingegen im Kreishaus verortet. Im Senioren- und Pflegestützpunkt Niedersachsen im Landkreis Oldenburg (SPN) werden wertvolle Hilfen und Angebote für Seniorinnen und Senioren, insbesondere auch Beratungsangebote für Menschen mit Pflegebedarf unter einem Dach angeboten. Als Hilfestellung „Gegen Gewalt an Frauen“ sind im Amt für Teilhabe und Soziale Sicherung die folgenden Schutz- und Beratungseinrichtungen verortet und bieten bedarfsgerechte Hilfen an: Frauen- und Kinderschutzhaus des Landkreises Oldenburg Frauen- und Mädchenberatung „Aufwind“ Beratungs- und Interventionsstelle bei häuslicher Gewalt (BISS) Zurück",
    "plain_text": "Im Amt für Teilhabe und Soziale Sicherung ist ein sehr vielfältiges Leistungsspektrum der „Sozialer Hilfen“ nach dem Sozialgesetzbuch (SGB XII), dem Asylbewerberleistungsgesetz (AsylbLG), dem Wohngeldgesetz (WoGG) sowie der Teilhabe und Inklusion von Menschen mit Behinderungen nach dem SGB IX zusammengeführt. Die Leistungsbereiche der Grundsicherung im Alter und bei Erwerbsminderung (SGB XII), die Leistungen nach dem Asylbewerberleistungsgesetz (AsylbLG) sowie dem Wohngeldgesetz (WoGG) werden in Kooperation mit den kreisangehörigen Kommunen direkt vor Ort in der Gemeinde-, Samtgemeinde bzw. Stadtverwaltung angeboten. Leistungen der Hilfe zur Pflege (SGB XII), die Bestattungskostenübernahme (SGB XII), Hilfen für blinde Menschen sowie die vielfältigen Leistungsangebote der Eingliederungshilfe zur Teilhabe von Menschen mit Behinderungen (SGB IX) sind hingegen im Kreishaus verortet. Im Senioren- und Pflegestützpunkt Niedersachsen im Landkreis Oldenburg (SPN) werden wertvolle Hilfen und Angebote für Seniorinnen und Senioren, insbesondere auch Beratungsangebote für Menschen mit Pflegebedarf unter einem Dach angeboten. Als Hilfestellung „Gegen Gewalt an Frauen“ sind im Amt für Teilhabe und Soziale Sicherung die folgenden Schutz- und Beratungseinrichtungen verortet und bieten bedarfsgerechte Hilfen an: Frauen- und Kinderschutzhaus des Landkreises Oldenburg Frauen- und Mädchenberatung „Aufwind“ Beratungs- und Interventionsstelle bei häuslicher Gewalt (BISS) Zurück",
    "source": "https://www.oldenburg-kreis.de/landkreis-und-verwaltung/kreisverwaltung/kurzvorstellung-der-aemter/amt-fuer-teilhabe-und-soziale-sicherung/",
    "sectionType": "heading"
  }
]
