[
  {
    "type": "link",
    "url": "https://www.oldenburg-kreis.de/portal/sitemap.html?naviID=900000004&brotID=900000004&id=900000003&navi_id=900000004",
    "title": "Gesundheit und Soziales",
    "source": "https://www.oldenburg-kreis.de/gesundheit-und-soziales/"
  },
  {
    "type": "link",
    "url": "https://www.oldenburg-kreis.de/gesundheit-und-soziales/aufgaben-der-sozialen-sicherung/",
    "title": "Aufgaben der sozialen Sicherung",
    "source": "https://www.oldenburg-kreis.de/gesundheit-und-soziales/"
  },
  {
    "type": "link",
    "url": "https://www.oldenburg-kreis.de/gesundheit-und-soziales/aufgaben-der-sozialen-sicherung/aufwind/",
    "title": "Aufwind",
    "source": "https://www.oldenburg-kreis.de/gesundheit-und-soziales/"
  },
  {
    "type": "link",
    "url": "https://www.oldenburg-kreis.de/gesundheit-und-soziales/aufgaben-der-sozialen-sicherung/bestattungskosten-uebernahme/",
    "title": "Bestattungskosten: Übernahme",
    "source": "https://www.oldenburg-kreis.de/gesundheit-und-soziales/"
  },
  {
    "type": "link",
    "url": "https://www.oldenburg-kreis.de/gesundheit-und-soziales/aufgaben-der-sozialen-sicherung/biss/",
    "title": "BISS",
    "source": "https://www.oldenburg-kreis.de/gesundheit-und-soziales/"
  },
  {
    "type": "link",
    "url": "https://www.oldenburg-kreis.de/gesundheit-und-soziales/aufgaben-der-sozialen-sicherung/blindenhilfe/",
    "title": "Blindenhilfe",
    "source": "https://www.oldenburg-kreis.de/gesundheit-und-soziales/"
  },
  {
    "type": "link",
    "url": "https://www.oldenburg-kreis.de/gesundheit-und-soziales/aufgaben-der-sozialen-sicherung/frauen-und-kinderschutzhaus/",
    "title": "Frauen- und Kinderschutzhaus",
    "source": "https://www.oldenburg-kreis.de/gesundheit-und-soziales/"
  },
  {
    "type": "link",
    "url": "https://www.oldenburg-kreis.de/gesundheit-und-soziales/aufgaben-der-sozialen-sicherung/grundsicherung-im-alter-und-bei-erwerbsminderung/",
    "title": "Grundsicherung im Alter und bei Erwerbsminderung",
    "source": "https://www.oldenburg-kreis.de/gesundheit-und-soziales/"
  },
  {
    "type": "link",
    "url": "https://www.oldenburg-kreis.de/gesundheit-und-soziales/aufgaben-der-sozialen-sicherung/heimaufsicht/",
    "title": "Heimaufsicht",
    "source": "https://www.oldenburg-kreis.de/gesundheit-und-soziales/"
  },
  {
    "type": "link",
    "url": "https://www.oldenburg-kreis.de/gesundheit-und-soziales/aufgaben-der-sozialen-sicherung/hilfe-zur-pflege/",
    "title": "Hilfe zur Pflege",
    "source": "https://www.oldenburg-kreis.de/gesundheit-und-soziales/"
  },
  {
    "type": "link",
    "url": "https://www.oldenburg-kreis.de/gesundheit-und-soziales/aufgaben-der-sozialen-sicherung/inklusion/",
    "title": "Inklusion",
    "source": "https://www.oldenburg-kreis.de/gesundheit-und-soziales/"
  },
  {
    "type": "link",
    "url": "https://www.oldenburg-kreis.de/gesundheit-und-soziales/aufgaben-der-sozialen-sicherung/landesblindengeld/",
    "title": "Landesblindengeld",
    "source": "https://www.oldenburg-kreis.de/gesundheit-und-soziales/"
  },
  {
    "type": "link",
    "url": "https://www.oldenburg-kreis.de/gesundheit-und-soziales/aufgaben-der-sozialen-sicherung/leistungen-fuer-bildung-und-teilhabe/",
    "title": "Leistungen für Bildung und Teilhabe",
    "source": "https://www.oldenburg-kreis.de/gesundheit-und-soziales/"
  },
  {
    "type": "link",
    "url": "https://www.oldenburg-kreis.de/gesundheit-und-soziales/aufgaben-der-sozialen-sicherung/mietobergrenzen-fuer-angemessene-unterkunftskosten/",
    "title": "Mietobergrenzen für angemessene Unterkunftskosten",
    "source": "https://www.oldenburg-kreis.de/gesundheit-und-soziales/"
  },
  {
    "type": "link",
    "url": "https://www.oldenburg-kreis.de/gesundheit-und-soziales/aufgaben-der-sozialen-sicherung/selbsthilfegruppen/",
    "title": "Selbsthilfegruppen",
    "source": "https://www.oldenburg-kreis.de/gesundheit-und-soziales/"
  },
  {
    "type": "link",
    "url": "https://www.oldenburg-kreis.de/gesundheit-und-soziales/aufgaben-der-sozialen-sicherung/soziales-entschaedigungsrecht/",
    "title": "Soziales Entschädigungsrecht",
    "source": "https://www.oldenburg-kreis.de/gesundheit-und-soziales/"
  },
  {
    "type": "link",
    "url": "https://www.oldenburg-kreis.de/gesundheit-und-soziales/koordinatorin-seniorenarbeit/",
    "title": "Koordinatorin Seniorenarbeit",
    "source": "https://www.oldenburg-kreis.de/gesundheit-und-soziales/"
  },
  {
    "type": "link",
    "url": "https://www.oldenburg-kreis.de/gesundheit-und-soziales/behindertenbeauftragte/",
    "title": "Behindertenbeauftragte",
    "source": "https://www.oldenburg-kreis.de/gesundheit-und-soziales/"
  },
  {
    "type": "link",
    "url": "https://www.oldenburg-kreis.de/gesundheit-und-soziales/behindertenbeauftragte/inklusionspreis-2025/",
    "title": "Inklusionspreis 2025",
    "source": "https://www.oldenburg-kreis.de/gesundheit-und-soziales/"
  },
  {
    "type": "link",
    "url": "https://www.oldenburg-kreis.de/gesundheit-und-soziales/stuetzpunkt-gegen-haeusliche-gewalt/",
    "title": "Stützpunkt gegen häusliche Gewalt",
    "source": "https://www.oldenburg-kreis.de/gesundheit-und-soziales/"
  },
  {
    "type": "link",
    "url": "https://www.oldenburg-kreis.de/gesundheit-und-soziales/stuetzpunkt-gegen-haeusliche-gewalt/frauen-und-kinderschutzhaus/",
    "title": "Frauen- und Kinderschutzhaus",
    "source": "https://www.oldenburg-kreis.de/gesundheit-und-soziales/"
  },
  {
    "type": "link",
    "url": "https://www.oldenburg-kreis.de/gesundheit-und-soziales/stuetzpunkt-gegen-haeusliche-gewalt/beratungs-und-interventionsstelle-biss/",
    "title": "Beratungs- und Interventionsstelle BISS",
    "source": "https://www.oldenburg-kreis.de/gesundheit-und-soziales/"
  },
  {
    "type": "link",
    "url": "https://www.oldenburg-kreis.de/gesundheit-und-soziales/stuetzpunkt-gegen-haeusliche-gewalt/aufwind/",
    "title": "Aufwind",
    "source": "https://www.oldenburg-kreis.de/gesundheit-und-soziales/"
  },
  {
    "type": "link",
    "url": "https://www.oldenburg-kreis.de/gesundheit-und-soziales/integration/",
    "title": "Integration",
    "source": "https://www.oldenburg-kreis.de/gesundheit-und-soziales/"
  },
  {
    "type": "link",
    "url": "https://www.oldenburg-kreis.de/gesundheit-und-soziales/integration/informationen-fuer-neuzugewanderte/",
    "title": "Informationen für Neuzugewanderte",
    "source": "https://www.oldenburg-kreis.de/gesundheit-und-soziales/"
  },
  {
    "type": "link",
    "url": "https://www.oldenburg-kreis.de/gesundheit-und-soziales/integration/sprachmittlung/",
    "title": "Sprachmittlung",
    "source": "https://www.oldenburg-kreis.de/gesundheit-und-soziales/"
  },
  {
    "type": "link",
    "url": "https://www.oldenburg-kreis.de/gesundheit-und-soziales/integration/bildungskoordination-neuzugewanderte/",
    "title": "Bildungskoordination Neuzugewanderte",
    "source": "https://www.oldenburg-kreis.de/gesundheit-und-soziales/"
  },
  {
    "type": "link",
    "url": "https://www.oldenburg-kreis.de/gesundheit-und-soziales/integration/integrationsprojekte/",
    "title": "Integrationsprojekte",
    "source": "https://www.oldenburg-kreis.de/gesundheit-und-soziales/"
  },
  {
    "type": "link",
    "url": "https://www.oldenburg-kreis.de/gesundheit-und-soziales/senioren-und-pflegestuetzpunkt-niedersachsen/",
    "title": "Senioren- und Pflegestützpunkt Niedersachsen",
    "source": "https://www.oldenburg-kreis.de/gesundheit-und-soziales/"
  },
  {
    "type": "link",
    "url": "https://www.oldenburg-kreis.de/gesundheit-und-soziales/senioren-und-pflegestuetzpunkt-niedersachsen/seniorenstuetzpunkt/",
    "title": "Seniorenstützpunkt",
    "source": "https://www.oldenburg-kreis.de/gesundheit-und-soziales/"
  },
  {
    "type": "link",
    "url": "https://www.oldenburg-kreis.de/gesundheit-und-soziales/senioren-und-pflegestuetzpunkt-niedersachsen/pflegestuetzpunkt/",
    "title": "Pflegestützpunkt",
    "source": "https://www.oldenburg-kreis.de/gesundheit-und-soziales/"
  },
  {
    "type": "link",
    "url": "https://www.oldenburg-kreis.de/gesundheit-und-soziales/senioren-und-pflegestuetzpunkt-niedersachsen/ehrenamtliche-wohnberatung/",
    "title": "Ehrenamtliche Wohnberatung",
    "source": "https://www.oldenburg-kreis.de/gesundheit-und-soziales/"
  },
  {
    "type": "link",
    "url": "https://www.oldenburg-kreis.de/gesundheit-und-soziales/senioren-und-pflegestuetzpunkt-niedersachsen/pflegeportal-weser-ems/",
    "title": "Pflegeportal Weser-Ems",
    "source": "https://www.oldenburg-kreis.de/gesundheit-und-soziales/"
  },
  {
    "type": "link",
    "url": "https://www.oldenburg-kreis.de/gesundheit-und-soziales/gesundheitsamt/",
    "title": "Gesundheitsamt",
    "source": "https://www.oldenburg-kreis.de/gesundheit-und-soziales/"
  },
  {
    "type": "link",
    "url": "https://www.oldenburg-kreis.de/gesundheit-und-soziales/gesundheitsamt/amtsaerztlicher-dienst/",
    "title": "Amtsärztlicher Dienst",
    "source": "https://www.oldenburg-kreis.de/gesundheit-und-soziales/"
  },
  {
    "type": "link",
    "url": "https://www.oldenburg-kreis.de/gesundheit-und-soziales/gesundheitsamt/belehrungen-gesundheitszeugnisse/",
    "title": "Belehrungen / Gesundheitszeugnisse",
    "source": "https://www.oldenburg-kreis.de/gesundheit-und-soziales/"
  },
  {
    "type": "link",
    "url": "https://www.oldenburg-kreis.de/gesundheit-und-soziales/gesundheitsamt/betreuungsbehoerde/",
    "title": "Betreuungsbehörde",
    "source": "https://www.oldenburg-kreis.de/gesundheit-und-soziales/"
  },
  {
    "type": "link",
    "url": "https://www.oldenburg-kreis.de/gesundheit-und-soziales/gesundheitsamt/dienst-fuer-infektionsschutz-hygiene-und-praevention/",
    "title": "Dienst für Infektionsschutz, Hygiene und Prävention",
    "source": "https://www.oldenburg-kreis.de/gesundheit-und-soziales/"
  },
  {
    "type": "link",
    "url": "https://www.oldenburg-kreis.de/gesundheit-und-soziales/gesundheitsamt/jugendaerztlicher-dienst/",
    "title": "Jugendärztlicher Dienst",
    "source": "https://www.oldenburg-kreis.de/gesundheit-und-soziales/"
  },
  {
    "type": "link",
    "url": "https://www.oldenburg-kreis.de/gesundheit-und-soziales/gesundheitsamt/jugendzahnaerztlicher-dienst/",
    "title": "Jugendzahnärztlicher Dienst",
    "source": "https://www.oldenburg-kreis.de/gesundheit-und-soziales/"
  },
  {
    "type": "link",
    "url": "https://www.oldenburg-kreis.de/gesundheit-und-soziales/gesundheitsamt/sozialpsychiatrischer-dienst/",
    "title": "Sozialpsychiatrischer Dienst",
    "source": "https://www.oldenburg-kreis.de/gesundheit-und-soziales/"
  },
  {
    "type": "link",
    "url": "https://www.oldenburg-kreis.de/gesundheit-und-soziales/gesundheitsamt/veranstaltungen-gesundheitsamt/",
    "title": "Veranstaltungen Gesundheitsamt",
    "source": "https://www.oldenburg-kreis.de/gesundheit-und-soziales/"
  },
  {
    "type": "link",
    "url": "https://www.oldenburg-kreis.de/gesundheit-und-soziales/gesundheitsamt/verwaltung/",
    "title": "Verwaltung",
    "source": "https://www.oldenburg-kreis.de/gesundheit-und-soziales/"
  },
  {
    "type": "link",
    "url": "https://www.oldenburg-kreis.de/gesundheit-und-soziales/gesundheitsamt/projekt-kontaktzeit-/",
    "title": "Projekt \"Kontaktzeit\"",
    "source": "https://www.oldenburg-kreis.de/gesundheit-und-soziales/"
  },
  {
    "type": "link",
    "url": "https://www.oldenburg-kreis.de/gesundheit-und-soziales/gesundheitsregion/",
    "title": "Gesundheitsregion",
    "source": "https://www.oldenburg-kreis.de/gesundheit-und-soziales/"
  },
  {
    "type": "link",
    "url": "https://www.oldenburg-kreis.de/gesundheit-und-soziales/gesundheitsregion/hitzeschutz/",
    "title": "Hitzeschutz",
    "source": "https://www.oldenburg-kreis.de/gesundheit-und-soziales/"
  },
  {
    "type": "link",
    "url": "https://www.oldenburg-kreis.de/gesundheit-und-soziales/eingliederung-sgb-ix/",
    "title": "Eingliederung SGB IX",
    "source": "https://www.oldenburg-kreis.de/gesundheit-und-soziales/"
  },
  {
    "type": "link",
    "url": "https://www.oldenburg-kreis.de/gesundheit-und-soziales/fachstelle-inklusion/",
    "title": "Fachstelle Inklusion",
    "source": "https://www.oldenburg-kreis.de/gesundheit-und-soziales/"
  },
  {
    "type": "link",
    "url": "https://www.oldenburg-kreis.de/gesundheit-und-soziales/veranstaltungen-gesundheitsamt/",
    "title": "Veranstaltungen Gesundheitsamt",
    "source": "https://www.oldenburg-kreis.de/gesundheit-und-soziales/"
  },
  {
    "type": "link",
    "url": "https://www.oldenburg-kreis.de/gesundheit-und-soziales/veranstaltungen-gesundheitsamt/projekt-kontaktzeit-/",
    "title": "Projekt \"Kontaktzeit\"",
    "source": "https://www.oldenburg-kreis.de/gesundheit-und-soziales/"
  },
  {
    "type": "contact",
    "contactType": "phone",
    "value": "900000004",
    "source": "https://www.oldenburg-kreis.de/gesundheit-und-soziales/"
  },
  {
    "type": "contact",
    "contactType": "phone",
    "value": "900000004",
    "source": "https://www.oldenburg-kreis.de/gesundheit-und-soziales/"
  },
  {
    "type": "contact",
    "contactType": "phone",
    "value": "900000003",
    "source": "https://www.oldenburg-kreis.de/gesundheit-und-soziales/"
  },
  {
    "type": "contact",
    "contactType": "phone",
    "value": "900000004",
    "source": "https://www.oldenburg-kreis.de/gesundheit-und-soziales/"
  },
  {
    "type": "contact",
    "contactType": "phone",
    "value": "900000004",
    "source": "https://www.oldenburg-kreis.de/gesundheit-und-soziales/"
  },
  {
    "type": "contact",
    "contactType": "phone",
    "value": "900000004",
    "source": "https://www.oldenburg-kreis.de/gesundheit-und-soziales/"
  },
  {
    "type": "contact",
    "contactType": "phone",
    "value": "900000003",
    "source": "https://www.oldenburg-kreis.de/gesundheit-und-soziales/"
  },
  {
    "type": "contact",
    "contactType": "phone",
    "value": "900000004",
    "source": "https://www.oldenburg-kreis.de/gesundheit-und-soziales/"
  },
  {
    "type": "contact",
    "contactType": "phone",
    "value": "900000004",
    "source": "https://www.oldenburg-kreis.de/gesundheit-und-soziales/"
  },
  {
    "type": "contact",
    "contactType": "phone",
    "value": "900000004",
    "source": "https://www.oldenburg-kreis.de/gesundheit-und-soziales/"
  },
  {
    "type": "contact",
    "contactType": "phone",
    "value": "900000003",
    "source": "https://www.oldenburg-kreis.de/gesundheit-und-soziales/"
  },
  {
    "type": "contact",
    "contactType": "phone",
    "value": "900000004",
    "source": "https://www.oldenburg-kreis.de/gesundheit-und-soziales/"
  },
  {
    "type": "contact",
    "contactType": "phone",
    "value": "900000004",
    "source": "https://www.oldenburg-kreis.de/gesundheit-und-soziales/"
  },
  {
    "type": "contact",
    "contactType": "phone",
    "value": "900000004",
    "source": "https://www.oldenburg-kreis.de/gesundheit-und-soziales/"
  },
  {
    "type": "contact",
    "contactType": "phone",
    "value": "900000003",
    "source": "https://www.oldenburg-kreis.de/gesundheit-und-soziales/"
  },
  {
    "type": "contact",
    "contactType": "phone",
    "value": "900000004",
    "source": "https://www.oldenburg-kreis.de/gesundheit-und-soziales/"
  },
  {
    "type": "content",
    "url": "https://www.oldenburg-kreis.de/gesundheit-und-soziales/",
    "title": "Gesundheit und Soziales",
    "content": "Sie sind hier: Gesundheit und Soziales{\"@context\":\"https:\\/\\/schema.org\",\"@type\":\"BreadcrumbList\",\"itemListElement\":[{\"@type\":\"ListItem\",\"position\":1,\"item\":{\"@id\":\"https:\\/\\/www.oldenburg-kreis.de\\/portal\\/sitemap.html?naviID=900000004&amp;brotID=900000004&amp;id=900000003&amp;navi_id=900000004\",\"name\":\"Gesundheit und Soziales\"}}]} Inhalt vorlesen Seite merken Seite drucken Gesundheit und SozialesAufgaben der sozialen SicherungAufwindBestattungskosten: ÜbernahmeBISSBlindenhilfeFrauen- und KinderschutzhausGrundsicherung im Alter und bei ErwerbsminderungHeimaufsichtHilfe zur PflegeInklusionLandesblindengeldLeistungen für Bildung und TeilhabeMietobergrenzen für angemessene UnterkunftskostenSelbsthilfegruppenSoziales EntschädigungsrechtKoordinatorin SeniorenarbeitBehindertenbeauftragteInklusionspreis 2025Stützpunkt gegen häusliche GewaltFrauen- und KinderschutzhausBeratungs- und Interventionsstelle BISSAufwindIntegrationInformationen für NeuzugewanderteSprachmittlungBildungskoordination NeuzugewanderteIntegrationsprojekteSenioren- und Pflegestützpunkt NiedersachsenSeniorenstützpunktPflegestützpunktEhrenamtliche WohnberatungPflegeportal Weser-EmsGesundheitsamtAmtsärztlicher DienstBelehrungen / GesundheitszeugnisseBetreuungsbehördeDienst für Infektionsschutz, Hygiene und PräventionJugendärztlicher DienstJugendzahnärztlicher DienstSozialpsychiatrischer DienstVeranstaltungen GesundheitsamtVerwaltungProjekt \"Kontaktzeit\"GesundheitsregionHitzeschutzEingliederung SGB IXFachstelle InklusionVeranstaltungen GesundheitsamtProjekt \"Kontaktzeit\"Zurück",
    "plain_text": "Sie sind hier: Gesundheit und Soziales{\"@context\":\"https:\\/\\/schema.org\",\"@type\":\"BreadcrumbList\",\"itemListElement\":[{\"@type\":\"ListItem\",\"position\":1,\"item\":{\"@id\":\"https:\\/\\/www.oldenburg-kreis.de\\/portal\\/sitemap.html?naviID=900000004&amp;brotID=900000004&amp;id=900000003&amp;navi_id=900000004\",\"name\":\"Gesundheit und Soziales\"}}]} Inhalt vorlesen Seite merken Seite drucken Gesundheit und SozialesAufgaben der sozialen SicherungAufwindBestattungskosten: ÜbernahmeBISSBlindenhilfeFrauen- und KinderschutzhausGrundsicherung im Alter und bei ErwerbsminderungHeimaufsichtHilfe zur PflegeInklusionLandesblindengeldLeistungen für Bildung und TeilhabeMietobergrenzen für angemessene UnterkunftskostenSelbsthilfegruppenSoziales EntschädigungsrechtKoordinatorin SeniorenarbeitBehindertenbeauftragteInklusionspreis 2025Stützpunkt gegen häusliche GewaltFrauen- und KinderschutzhausBeratungs- und Interventionsstelle BISSAufwindIntegrationInformationen für NeuzugewanderteSprachmittlungBildungskoordination NeuzugewanderteIntegrationsprojekteSenioren- und Pflegestützpunkt NiedersachsenSeniorenstützpunktPflegestützpunktEhrenamtliche WohnberatungPflegeportal Weser-EmsGesundheitsamtAmtsärztlicher DienstBelehrungen / GesundheitszeugnisseBetreuungsbehördeDienst für Infektionsschutz, Hygiene und PräventionJugendärztlicher DienstJugendzahnärztlicher DienstSozialpsychiatrischer DienstVeranstaltungen GesundheitsamtVerwaltungProjekt \"Kontaktzeit\"GesundheitsregionHitzeschutzEingliederung SGB IXFachstelle InklusionVeranstaltungen GesundheitsamtProjekt \"Kontaktzeit\"Zurück",
    "source": "https://www.oldenburg-kreis.de/gesundheit-und-soziales/"
  },
  {
    "type": "link",
    "url": "https://www.oldenburg-kreis.de/portal/sitemap.html?naviID=900000004&brotID=900000004&id=900000003&navi_id=900000004",
    "title": "Gesundheit und Soziales",
    "source": "https://www.oldenburg-kreis.de/gesundheit-und-soziales/aufgaben-der-sozialen-sicherung/"
  },
  {
    "type": "link",
    "url": "https://www.oldenburg-kreis.de/portal/seiten/aufgaben-der-sozialen-sicherung-900000201-21700.html?naviID=900000116&brotID=900000116&rubrik=900000005",
    "title": "Aufgaben der sozialen Sicherung",
    "source": "https://www.oldenburg-kreis.de/gesundheit-und-soziales/aufgaben-der-sozialen-sicherung/"
  },
  {
    "type": "link",
    "url": "http://www.oldenburg-kreis.de/frauenhaus",
    "title": "Frauen- und Kinderschutzhaus des Landkreises Oldenburg",
    "source": "https://www.oldenburg-kreis.de/gesundheit-und-soziales/aufgaben-der-sozialen-sicherung/"
  },
  {
    "type": "link",
    "url": "http://www.oldenburg-kreis.de/gesundheit-und-soziales/aufgaben-der-sozialen-sicherung/aufwind/",
    "title": "Frauen- und Mädchenberatung „Aufwind“",
    "source": "https://www.oldenburg-kreis.de/gesundheit-und-soziales/aufgaben-der-sozialen-sicherung/"
  },
  {
    "type": "link",
    "url": "http://www.oldenburg-kreis.de/gesundheit-und-soziales/aufgaben-der-sozialen-sicherung/biss/",
    "title": "Beratungs- und Interventionsstelle bei häuslicher Gewalt (BISS)",
    "source": "https://www.oldenburg-kreis.de/gesundheit-und-soziales/aufgaben-der-sozialen-sicherung/"
  },
  {
    "type": "contact",
    "contactType": "phone",
    "value": "900000004",
    "source": "https://www.oldenburg-kreis.de/gesundheit-und-soziales/aufgaben-der-sozialen-sicherung/"
  },
  {
    "type": "contact",
    "contactType": "phone",
    "value": "900000004",
    "source": "https://www.oldenburg-kreis.de/gesundheit-und-soziales/aufgaben-der-sozialen-sicherung/"
  },
  {
    "type": "contact",
    "contactType": "phone",
    "value": "900000003",
    "source": "https://www.oldenburg-kreis.de/gesundheit-und-soziales/aufgaben-der-sozialen-sicherung/"
  },
  {
    "type": "contact",
    "contactType": "phone",
    "value": "900000004",
    "source": "https://www.oldenburg-kreis.de/gesundheit-und-soziales/aufgaben-der-sozialen-sicherung/"
  },
  {
    "type": "contact",
    "contactType": "phone",
    "value": "900000201-21700",
    "source": "https://www.oldenburg-kreis.de/gesundheit-und-soziales/aufgaben-der-sozialen-sicherung/"
  },
  {
    "type": "contact",
    "contactType": "phone",
    "value": "900000116",
    "source": "https://www.oldenburg-kreis.de/gesundheit-und-soziales/aufgaben-der-sozialen-sicherung/"
  },
  {
    "type": "contact",
    "contactType": "phone",
    "value": "900000116",
    "source": "https://www.oldenburg-kreis.de/gesundheit-und-soziales/aufgaben-der-sozialen-sicherung/"
  },
  {
    "type": "contact",
    "contactType": "phone",
    "value": "900000005",
    "source": "https://www.oldenburg-kreis.de/gesundheit-und-soziales/aufgaben-der-sozialen-sicherung/"
  },
  {
    "type": "contact",
    "contactType": "phone",
    "value": "900000004",
    "source": "https://www.oldenburg-kreis.de/gesundheit-und-soziales/aufgaben-der-sozialen-sicherung/"
  },
  {
    "type": "contact",
    "contactType": "phone",
    "value": "900000004",
    "source": "https://www.oldenburg-kreis.de/gesundheit-und-soziales/aufgaben-der-sozialen-sicherung/"
  },
  {
    "type": "contact",
    "contactType": "phone",
    "value": "900000003",
    "source": "https://www.oldenburg-kreis.de/gesundheit-und-soziales/aufgaben-der-sozialen-sicherung/"
  },
  {
    "type": "contact",
    "contactType": "phone",
    "value": "900000004",
    "source": "https://www.oldenburg-kreis.de/gesundheit-und-soziales/aufgaben-der-sozialen-sicherung/"
  },
  {
    "type": "contact",
    "contactType": "phone",
    "value": "900000201-21700",
    "source": "https://www.oldenburg-kreis.de/gesundheit-und-soziales/aufgaben-der-sozialen-sicherung/"
  },
  {
    "type": "contact",
    "contactType": "phone",
    "value": "900000116",
    "source": "https://www.oldenburg-kreis.de/gesundheit-und-soziales/aufgaben-der-sozialen-sicherung/"
  },
  {
    "type": "contact",
    "contactType": "phone",
    "value": "900000116",
    "source": "https://www.oldenburg-kreis.de/gesundheit-und-soziales/aufgaben-der-sozialen-sicherung/"
  },
  {
    "type": "contact",
    "contactType": "phone",
    "value": "900000005",
    "source": "https://www.oldenburg-kreis.de/gesundheit-und-soziales/aufgaben-der-sozialen-sicherung/"
  },
  {
    "type": "contact",
    "contactType": "phone",
    "value": "900000004",
    "source": "https://www.oldenburg-kreis.de/gesundheit-und-soziales/aufgaben-der-sozialen-sicherung/"
  },
  {
    "type": "contact",
    "contactType": "phone",
    "value": "900000004",
    "source": "https://www.oldenburg-kreis.de/gesundheit-und-soziales/aufgaben-der-sozialen-sicherung/"
  },
  {
    "type": "contact",
    "contactType": "phone",
    "value": "900000003",
    "source": "https://www.oldenburg-kreis.de/gesundheit-und-soziales/aufgaben-der-sozialen-sicherung/"
  },
  {
    "type": "contact",
    "contactType": "phone",
    "value": "900000004",
    "source": "https://www.oldenburg-kreis.de/gesundheit-und-soziales/aufgaben-der-sozialen-sicherung/"
  },
  {
    "type": "contact",
    "contactType": "phone",
    "value": "900000201-21700",
    "source": "https://www.oldenburg-kreis.de/gesundheit-und-soziales/aufgaben-der-sozialen-sicherung/"
  },
  {
    "type": "contact",
    "contactType": "phone",
    "value": "900000116",
    "source": "https://www.oldenburg-kreis.de/gesundheit-und-soziales/aufgaben-der-sozialen-sicherung/"
  },
  {
    "type": "contact",
    "contactType": "phone",
    "value": "900000116",
    "source": "https://www.oldenburg-kreis.de/gesundheit-und-soziales/aufgaben-der-sozialen-sicherung/"
  },
  {
    "type": "contact",
    "contactType": "phone",
    "value": "900000005",
    "source": "https://www.oldenburg-kreis.de/gesundheit-und-soziales/aufgaben-der-sozialen-sicherung/"
  },
  {
    "type": "contact",
    "contactType": "phone",
    "value": "900000004",
    "source": "https://www.oldenburg-kreis.de/gesundheit-und-soziales/aufgaben-der-sozialen-sicherung/"
  },
  {
    "type": "contact",
    "contactType": "phone",
    "value": "900000004",
    "source": "https://www.oldenburg-kreis.de/gesundheit-und-soziales/aufgaben-der-sozialen-sicherung/"
  },
  {
    "type": "contact",
    "contactType": "phone",
    "value": "900000003",
    "source": "https://www.oldenburg-kreis.de/gesundheit-und-soziales/aufgaben-der-sozialen-sicherung/"
  },
  {
    "type": "contact",
    "contactType": "phone",
    "value": "900000004",
    "source": "https://www.oldenburg-kreis.de/gesundheit-und-soziales/aufgaben-der-sozialen-sicherung/"
  },
  {
    "type": "contact",
    "contactType": "phone",
    "value": "900000201-21700",
    "source": "https://www.oldenburg-kreis.de/gesundheit-und-soziales/aufgaben-der-sozialen-sicherung/"
  },
  {
    "type": "contact",
    "contactType": "phone",
    "value": "900000116",
    "source": "https://www.oldenburg-kreis.de/gesundheit-und-soziales/aufgaben-der-sozialen-sicherung/"
  },
  {
    "type": "contact",
    "contactType": "phone",
    "value": "900000116",
    "source": "https://www.oldenburg-kreis.de/gesundheit-und-soziales/aufgaben-der-sozialen-sicherung/"
  },
  {
    "type": "contact",
    "contactType": "phone",
    "value": "900000005",
    "source": "https://www.oldenburg-kreis.de/gesundheit-und-soziales/aufgaben-der-sozialen-sicherung/"
  },
  {
    "type": "content",
    "url": "https://www.oldenburg-kreis.de/gesundheit-und-soziales/aufgaben-der-sozialen-sicherung/",
    "title": "Amt für Teilhabe und Soziale Sicherung",
    "content": "Sie sind hier: Gesundheit und Soziales/Aufgaben der sozialen Sicherung{\"@context\":\"https:\\/\\/schema.org\",\"@type\":\"BreadcrumbList\",\"itemListElement\":[{\"@type\":\"ListItem\",\"position\":1,\"item\":{\"@id\":\"https:\\/\\/www.oldenburg-kreis.de\\/portal\\/sitemap.html?naviID=900000004&amp;brotID=900000004&amp;id=900000003&amp;navi_id=900000004\",\"name\":\"Gesundheit und Soziales\"}},{\"@type\":\"ListItem\",\"position\":2,\"item\":{\"@id\":\"https:\\/\\/www.oldenburg-kreis.de\\/portal\\/seiten\\/aufgaben-der-sozialen-sicherung-900000201-21700.html?naviID=900000116&amp;brotID=900000116&amp;rubrik=900000005\",\"name\":\"Aufgaben der sozialen Sicherung\"}}]} Inhalt vorlesen Seite merken Seite drucken Amt für Teilhabe und Soziale Sicherung Im Amt für Teilhabe und Soziale Sicherung ist ein sehr vielfältiges Leistungsspektrum der „Sozialer Hilfen“ nach dem Sozialgesetzbuch (SGB XII), dem Asylbewerberleistungsgesetz (AsylbLG), dem Wohngeldgesetz (WoGG) sowie der Teilhabe und Inklusion von Menschen mit Behinderungen nach dem SGB IX zusammengeführt. Die Leistungsbereiche der Grundsicherung im Alter und bei Erwerbsminderung (SGB XII), die Leistungen nach dem Asylbewerberleistungsgesetz (AsylbLG) sowie dem Wohngeldgesetz (WoGG) werden in Kooperation mit den kreisangehörigen Kommunen direkt vor Ort in der Gemeinde-, Samtgemeinde bzw. Stadtverwaltung angeboten. Leistungen der Hilfe zur Pflege (SGB XII), die Bestattungskostenübernahme (SGB XII), Hilfen für blinde Menschen sowie die vielfältigen Leistungsangebote der Eingliederungshilfe zur Teilhabe von Menschen mit Behinderungen (SGB IX) sind hingegen im Kreishaus verortet. Im Senioren- und Pflegestützpunkt Niedersachsen im Landkreis Oldenburg (SPN) werden wertvolle Hilfen und Angebote für Seniorinnen und Senioren, insbesondere auch Beratungsangebote für Menschen mit Pflegebedarf unter einem Dach angeboten. Als Hilfestellung „Gegen Gewalt an Frauen“ sind im Amt für Teilhabe und Soziale Sicherung die folgenden Schutz- und Beratungseinrichtungen verortet und bieten bedarfsgerechte Hilfen an: Frauen- und Kinderschutzhaus des Landkreises Oldenburg Frauen- und Mädchenberatung „Aufwind“ Beratungs- und Interventionsstelle bei häuslicher Gewalt (BISS) Zurück NOLISManager.LayoutTemplate.spaltenAngleichen();",
    "plain_text": "Sie sind hier: Gesundheit und Soziales/Aufgaben der sozialen Sicherung{\"@context\":\"https:\\/\\/schema.org\",\"@type\":\"BreadcrumbList\",\"itemListElement\":[{\"@type\":\"ListItem\",\"position\":1,\"item\":{\"@id\":\"https:\\/\\/www.oldenburg-kreis.de\\/portal\\/sitemap.html?naviID=900000004&amp;brotID=900000004&amp;id=900000003&amp;navi_id=900000004\",\"name\":\"Gesundheit und Soziales\"}},{\"@type\":\"ListItem\",\"position\":2,\"item\":{\"@id\":\"https:\\/\\/www.oldenburg-kreis.de\\/portal\\/seiten\\/aufgaben-der-sozialen-sicherung-900000201-21700.html?naviID=900000116&amp;brotID=900000116&amp;rubrik=900000005\",\"name\":\"Aufgaben der sozialen Sicherung\"}}]} Inhalt vorlesen Seite merken Seite drucken Amt für Teilhabe und Soziale Sicherung Im Amt für Teilhabe und Soziale Sicherung ist ein sehr vielfältiges Leistungsspektrum der „Sozialer Hilfen“ nach dem Sozialgesetzbuch (SGB XII), dem Asylbewerberleistungsgesetz (AsylbLG), dem Wohngeldgesetz (WoGG) sowie der Teilhabe und Inklusion von Menschen mit Behinderungen nach dem SGB IX zusammengeführt. Die Leistungsbereiche der Grundsicherung im Alter und bei Erwerbsminderung (SGB XII), die Leistungen nach dem Asylbewerberleistungsgesetz (AsylbLG) sowie dem Wohngeldgesetz (WoGG) werden in Kooperation mit den kreisangehörigen Kommunen direkt vor Ort in der Gemeinde-, Samtgemeinde bzw. Stadtverwaltung angeboten. Leistungen der Hilfe zur Pflege (SGB XII), die Bestattungskostenübernahme (SGB XII), Hilfen für blinde Menschen sowie die vielfältigen Leistungsangebote der Eingliederungshilfe zur Teilhabe von Menschen mit Behinderungen (SGB IX) sind hingegen im Kreishaus verortet. Im Senioren- und Pflegestützpunkt Niedersachsen im Landkreis Oldenburg (SPN) werden wertvolle Hilfen und Angebote für Seniorinnen und Senioren, insbesondere auch Beratungsangebote für Menschen mit Pflegebedarf unter einem Dach angeboten. Als Hilfestellung „Gegen Gewalt an Frauen“ sind im Amt für Teilhabe und Soziale Sicherung die folgenden Schutz- und Beratungseinrichtungen verortet und bieten bedarfsgerechte Hilfen an: Frauen- und Kinderschutzhaus des Landkreises Oldenburg Frauen- und Mädchenberatung „Aufwind“ Beratungs- und Interventionsstelle bei häuslicher Gewalt (BISS) Zurück NOLISManager.LayoutTemplate.spaltenAngleichen();",
    "source": "https://www.oldenburg-kreis.de/gesundheit-und-soziales/aufgaben-der-sozialen-sicherung/"
  }
]
