[
  {
    "url": "https://www.oldenburg-kreis.de/landkreis-und-verwaltung/kreisverwaltung/kurzvorstellung-der-aemter/gesundheitsamt/",
    "title": "gesundheitsamt",
    "type": "web_content",
    "source": "crawler_v2"
  },
  {
    "url": "https://www.oldenburg-kreis.de/gesundheit-und-soziales/",
    "title": "gesundheit-und-soziales",
    "type": "web_content",
    "source": "crawler_v2"
  },
  {
    "url": "https://www.oldenburg-kreis.de/gesundheit-und-soziales/aufgaben-der-sozialen-sicherung/",
    "title": "aufgaben-der-sozialen-sicherung",
    "type": "web_content",
    "source": "crawler_v2"
  },
  {
    "url": "https://www.oldenburg-kreis.de/gesundheit-und-soziales/aufgaben-der-sozialen-sicherung/aufwind/",
    "title": "aufwind",
    "type": "web_content",
    "source": "crawler_v2"
  },
  {
    "url": "https://www.oldenburg-kreis.de/gesundheit-und-soziales/aufgaben-der-sozialen-sicherung/bestattungskosten-uebernahme/",
    "title": "bestattungskosten-uebernahme",
    "type": "web_content",
    "source": "crawler_v2"
  },
  {
    "url": "https://www.oldenburg-kreis.de/gesundheit-und-soziales/aufgaben-der-sozialen-sicherung/biss/",
    "title": "biss",
    "type": "web_content",
    "source": "crawler_v2"
  },
  {
    "url": "https://www.oldenburg-kreis.de/gesundheit-und-soziales/aufgaben-der-sozialen-sicherung/blindenhilfe/",
    "title": "blindenhilfe",
    "type": "web_content",
    "source": "crawler_v2"
  },
  {
    "url": "https://www.oldenburg-kreis.de/gesundheit-und-soziales/aufgaben-der-sozialen-sicherung/frauen-und-kinderschutzhaus/",
    "title": "frauen-und-kinderschutzhaus",
    "type": "web_content",
    "source": "crawler_v2"
  },
  {
    "url": "https://www.oldenburg-kreis.de/gesundheit-und-soziales/aufgaben-der-sozialen-sicherung/grundsicherung-im-alter-und-bei-erwerbsminderung/",
    "title": "grundsicherung-im-alter-und-bei-erwerbsminderung",
    "type": "web_content",
    "source": "crawler_v2"
  },
  {
    "url": "https://www.oldenburg-kreis.de/gesundheit-und-soziales/aufgaben-der-sozialen-sicherung/heimaufsicht/",
    "title": "heimaufsicht",
    "type": "web_content",
    "source": "crawler_v2"
  },
  {
    "url": "https://www.oldenburg-kreis.de/gesundheit-und-soziales/aufgaben-der-sozialen-sicherung/hilfe-zur-pflege/",
    "title": "hilfe-zur-pflege",
    "type": "web_content",
    "source": "crawler_v2"
  },
  {
    "url": "https://www.oldenburg-kreis.de/gesundheit-und-soziales/aufgaben-der-sozialen-sicherung/inklusion/",
    "title": "inklusion",
    "type": "web_content",
    "source": "crawler_v2"
  },
  {
    "url": "https://www.oldenburg-kreis.de/gesundheit-und-soziales/aufgaben-der-sozialen-sicherung/landesblindengeld/",
    "title": "landesblindengeld",
    "type": "web_content",
    "source": "crawler_v2"
  },
  {
    "url": "https://www.oldenburg-kreis.de/gesundheit-und-soziales/aufgaben-der-sozialen-sicherung/leistungen-fuer-bildung-und-teilhabe/",
    "title": "leistungen-fuer-bildung-und-teilhabe",
    "type": "web_content",
    "source": "crawler_v2"
  },
  {
    "url": "https://www.oldenburg-kreis.de/gesundheit-und-soziales/aufgaben-der-sozialen-sicherung/mietobergrenzen-fuer-angemessene-unterkunftskosten/",
    "title": "mietobergrenzen-fuer-angemessene-unterkunftskosten",
    "type": "web_content",
    "source": "crawler_v2"
  },
  {
    "url": "https://www.oldenburg-kreis.de/gesundheit-und-soziales/aufgaben-der-sozialen-sicherung/selbsthilfegruppen/",
    "title": "selbsthilfegruppen",
    "type": "web_content",
    "source": "crawler_v2"
  },
  {
    "url": "https://www.oldenburg-kreis.de/gesundheit-und-soziales/aufgaben-der-sozialen-sicherung/soziales-entschaedigungsrecht/",
    "title": "soziales-entschaedigungsrecht",
    "type": "web_content",
    "source": "crawler_v2"
  },
  {
    "url": "https://www.oldenburg-kreis.de/gesundheit-und-soziales/integration/",
    "title": "integration",
    "type": "web_content",
    "source": "crawler_v2"
  },
  {
    "url": "https://www.oldenburg-kreis.de/gesundheit-und-soziales/integration/informationen-fuer-neuzugewanderte/",
    "title": "informationen-fuer-neuzugewanderte",
    "type": "web_content",
    "source": "crawler_v2"
  },
  {
    "url": "https://www.oldenburg-kreis.de/gesundheit-und-soziales/integration/informationen-fuer-neuzugewanderte/mehrsprachige-informationen/",
    "title": "mehrsprachige-informationen",
    "type": "web_content",
    "source": "crawler_v2"
  },
  {
    "url": "https://www.oldenburg-kreis.de/gesundheit-und-soziales/integration/sprachmittlung/",
    "title": "sprachmittlung",
    "type": "web_content",
    "source": "crawler_v2"
  },
  {
    "url": "https://www.oldenburg-kreis.de/gesundheit-und-soziales/integration/bildungskoordination-neuzugewanderte/",
    "title": "bildungskoordination-neuzugewanderte",
    "type": "web_content",
    "source": "crawler_v2"
  },
  {
    "url": "https://www.oldenburg-kreis.de/gesundheit-und-soziales/integration/integrationsprojekte/",
    "title": "integrationsprojekte",
    "type": "web_content",
    "source": "crawler_v2"
  },
  {
    "url": "https://www.oldenburg-kreis.de/gesundheit-und-soziales/eingliederung-sgb-ix/",
    "title": "eingliederung-sgb-ix",
    "type": "web_content",
    "source": "crawler_v2"
  },
  {
    "url": "https://www.oldenburg-kreis.de/gesundheit-und-soziales/koordinatorin-seniorenarbeit/",
    "title": "koordinatorin-seniorenarbeit",
    "type": "web_content",
    "source": "crawler_v2"
  },
  {
    "url": "https://www.oldenburg-kreis.de/gesundheit-und-soziales/senioren-und-pflegestuetzpunkt-niedersachsen/",
    "title": "senioren-und-pflegestuetzpunkt-niedersachsen",
    "type": "web_content",
    "source": "crawler_v2"
  },
  {
    "url": "https://www.oldenburg-kreis.de/gesundheit-und-soziales/senioren-und-pflegestuetzpunkt-niedersachsen/seniorenstuetzpunkt/",
    "title": "seniorenstuetzpunkt",
    "type": "web_content",
    "source": "crawler_v2"
  },
  {
    "url": "https://www.oldenburg-kreis.de/gesundheit-und-soziales/senioren-und-pflegestuetzpunkt-niedersachsen/pflegestuetzpunkt/",
    "title": "pflegestuetzpunkt",
    "type": "web_content",
    "source": "crawler_v2"
  },
  {
    "url": "https://www.oldenburg-kreis.de/gesundheit-und-soziales/senioren-und-pflegestuetzpunkt-niedersachsen/ehrenamtliche-wohnberatung/",
    "title": "ehrenamtliche-wohnberatung",
    "type": "web_content",
    "source": "crawler_v2"
  },
  {
    "url": "https://www.oldenburg-kreis.de/gesundheit-und-soziales/senioren-und-pflegestuetzpunkt-niedersachsen/pflegeportal-weser-ems/",
    "title": "pflegeportal-weser-ems",
    "type": "web_content",
    "source": "crawler_v2"
  },
  {
    "url": "https://www.oldenburg-kreis.de/gesundheit-und-soziales/fachstelle-inklusion/",
    "title": "fachstelle-inklusion",
    "type": "web_content",
    "source": "crawler_v2"
  },
  {
    "url": "https://www.oldenburg-kreis.de/gesundheit-und-soziales/behindertenbeauftragte/",
    "title": "behindertenbeauftragte",
    "type": "web_content",
    "source": "crawler_v2"
  },
  {
    "url": "https://www.oldenburg-kreis.de/gesundheit-und-soziales/behindertenbeauftragte/inklusionspreis-2025/",
    "title": "inklusionspreis-2025",
    "type": "web_content",
    "source": "crawler_v2"
  },
  {
    "url": "https://www.oldenburg-kreis.de/gesundheit-und-soziales/gesundheitsamt/",
    "title": "gesundheitsamt",
    "type": "web_content",
    "source": "crawler_v2"
  },
  {
    "url": "https://www.oldenburg-kreis.de/gesundheit-und-soziales/gesundheitsamt/amtsaerztlicher-dienst/",
    "title": "amtsaerztlicher-dienst",
    "type": "web_content",
    "source": "crawler_v2"
  },
  {
    "url": "https://www.oldenburg-kreis.de/gesundheit-und-soziales/gesundheitsamt/belehrungen-gesundheitszeugnisse/",
    "title": "belehrungen-gesundheitszeugnisse",
    "type": "web_content",
    "source": "crawler_v2"
  },
  {
    "url": "https://www.oldenburg-kreis.de/gesundheit-und-soziales/gesundheitsamt/betreuungsbehoerde/",
    "title": "betreuungsbehoerde",
    "type": "web_content",
    "source": "crawler_v2"
  },
  {
    "url": "https://www.oldenburg-kreis.de/gesundheit-und-soziales/gesundheitsamt/dienst-fuer-infektionsschutz-hygiene-und-praevention/",
    "title": "dienst-fuer-infektionsschutz-hygiene-und-praevention",
    "type": "web_content",
    "source": "crawler_v2"
  },
  {
    "url": "https://www.oldenburg-kreis.de/gesundheit-und-soziales/gesundheitsamt/sozialpsychiatrischer-dienst/",
    "title": "sozialpsychiatrischer-dienst",
    "type": "web_content",
    "source": "crawler_v2"
  },
  {
    "url": "https://www.oldenburg-kreis.de/gesundheit-und-soziales/gesundheitsamt/veranstaltungen-gesundheitsamt/",
    "title": "veranstaltungen-gesundheitsamt",
    "type": "web_content",
    "source": "crawler_v2"
  },
  {
    "url": "https://www.oldenburg-kreis.de/gesundheit-und-soziales/gesundheitsamt/verwaltung/",
    "title": "verwaltung",
    "type": "web_content",
    "source": "crawler_v2"
  },
  {
    "url": "https://www.oldenburg-kreis.de/gesundheit-und-soziales/veranstaltungen-gesundheitsamt/",
    "title": "veranstaltungen-gesundheitsamt",
    "type": "web_content",
    "source": "crawler_v2"
  },
  {
    "url": "https://www.oldenburg-kreis.de/gesundheit-und-soziales/stuetzpunkt-gegen-haeusliche-gewalt/",
    "title": "stuetzpunkt-gegen-haeusliche-gewalt",
    "type": "web_content",
    "source": "crawler_v2"
  },
  {
    "url": "https://www.oldenburg-kreis.de/gesundheit-und-soziales/stuetzpunkt-gegen-haeusliche-gewalt/frauen-und-kinderschutzhaus/",
    "title": "frauen-und-kinderschutzhaus",
    "type": "web_content",
    "source": "crawler_v2"
  },
  {
    "url": "https://www.oldenburg-kreis.de/gesundheit-und-soziales/stuetzpunkt-gegen-haeusliche-gewalt/beratungs-und-interventionsstelle-biss/",
    "title": "beratungs-und-interventionsstelle-biss",
    "type": "web_content",
    "source": "crawler_v2"
  },
  {
    "url": "https://www.oldenburg-kreis.de/gesundheit-und-soziales/stuetzpunkt-gegen-haeusliche-gewalt/aufwind/",
    "title": "aufwind",
    "type": "web_content",
    "source": "crawler_v2"
  },
  {
    "url": "https://www.oldenburg-kreis.de/gesundheit-und-soziales/gesundheitsregion/",
    "title": "gesundheitsregion",
    "type": "web_content",
    "source": "crawler_v2"
  },
  {
    "url": "https://www.oldenburg-kreis.de/gesundheit-und-soziales/gesundheitsregion/hitzeschutz/",
    "title": "hitzeschutz",
    "type": "web_content",
    "source": "crawler_v2"
  }
]
