[
  {
    "url": "https://www.oldenburg-kreis.de/portal/startseite.html",
    "title": "Startseite",
    "content": "",
    "plain_text": "",
    "contacts": [],
    "forms": [],
    "links": [
      {
        "title": "Startseite",
        "url": "https://www.oldenburg-kreis.de/portal/startseite.html"
      }
    ],
    "metadata": {
      "agent": "politik_landkreis",
      "type": "link",
      "source": "https://www.oldenburg-kreis.de/landkreis-und-verwaltung/kreisverwaltung/landrat/",
      "timestamp": "2025-10-29T07:49:51.290Z",
      "compressed": true,
      "compression_ratio": 1
    }
  },
  {
    "url": "https://www.oldenburg-kreis.de/portal/suche.html",
    "title": "Suche",
    "content": "",
    "plain_text": "",
    "contacts": [],
    "forms": [],
    "links": [
      {
        "title": "Suche",
        "url": "https://www.oldenburg-kreis.de/portal/suche.html"
      }
    ],
    "metadata": {
      "agent": "politik_landkreis",
      "type": "link",
      "source": "https://www.oldenburg-kreis.de/landkreis-und-verwaltung/kreisverwaltung/landrat/",
      "timestamp": "2025-10-29T07:49:51.290Z",
      "compressed": true,
      "compression_ratio": 1
    }
  },
  {
    "url": "https://www.oldenburg-kreis.de/landkreis-und-verwaltung/kreisverwaltung/landrat/",
    "title": "Unbekannt",
    "content": "",
    "plain_text": "",
    "contacts": [
      {
        "type": "phone",
        "value": "15000"
      }
    ],
    "forms": [],
    "links": [],
    "metadata": {
      "agent": "politik_landkreis",
      "type": "contact",
      "source": "https://www.oldenburg-kreis.de/landkreis-und-verwaltung/kreisverwaltung/landrat/",
      "timestamp": "2025-10-29T07:49:51.290Z",
      "compressed": true,
      "compression_ratio": 1
    }
  },
  {
    "url": "https://www.oldenburg-kreis.de/landkreis-und-verwaltung/kreisverwaltung/landrat/",
    "title": "Landkreis Oldenburg",
    "content": "Landkreis Oldenburg Die Datei wurde nicht gefunden. Entschuldigung. Diese Datei wurde leider nicht gefunden. Dies kann folgende Gründe haben: Sie verwenden ein altes Lesezeichen / alte Adresse. Über eine Suchmaschine haben Sie ein veraltetes Ergebnis angeklickt. Wechseln Sie bitte zur Startseite oder zur Suche, um die gewünschten Informationen zu erhalten. window.setTimeout(function() { window.location.href='https://www.oldenburg-kreis.de/portal/startseite.html'; },15000);",
    "plain_text": "Landkreis Oldenburg Die Datei wurde nicht gefunden. Entschuldigung. Diese Datei wurde leider nicht gefunden. Dies kann folgende Gründe haben: Sie verwenden ein altes Lesezeichen / alte Adresse. Über eine Suchmaschine haben Sie ein veraltetes Ergebnis angeklickt. Wechseln Sie bitte zur Startseite oder zur Suche, um die gewünschten Informationen zu erhalten. window.setTimeout(function() { window.location.href='https://www.oldenburg-kreis.de/portal/startseite.html'; },15000);",
    "contacts": [],
    "forms": [],
    "links": [],
    "metadata": {
      "agent": "politik_landkreis",
      "type": "content",
      "source": "https://www.oldenburg-kreis.de/landkreis-und-verwaltung/kreisverwaltung/landrat/",
      "timestamp": "2025-10-29T07:49:51.290Z",
      "compressed": true,
      "compression_ratio": 1
    }
  },
  {
    "url": "https://www.oldenburg-kreis.de/landkreis-und-verwaltung/kreistag/kreistagsmitglieder/",
    "title": "Unbekannt",
    "content": "",
    "plain_text": "",
    "contacts": [
      {
        "type": "phone",
        "value": "15000"
      }
    ],
    "forms": [],
    "links": [],
    "metadata": {
      "agent": "politik_landkreis",
      "type": "contact",
      "source": "https://www.oldenburg-kreis.de/landkreis-und-verwaltung/kreistag/kreistagsmitglieder/",
      "timestamp": "2025-10-29T07:49:51.290Z",
      "compressed": true,
      "compression_ratio": 1
    }
  },
  {
    "url": "https://www.oldenburg-kreis.de/landkreis-und-verwaltung/kreistag/kreistagsmitglieder/",
    "title": "Landkreis Oldenburg",
    "content": "Landkreis Oldenburg Die Datei wurde nicht gefunden. Entschuldigung. Diese Datei wurde leider nicht gefunden. Dies kann folgende Gründe haben: Sie verwenden ein altes Lesezeichen / alte Adresse. Über eine Suchmaschine haben Sie ein veraltetes Ergebnis angeklickt. Wechseln Sie bitte zur Startseite oder zur Suche, um die gewünschten Informationen zu erhalten. window.setTimeout(function() { window.location.href='https://www.oldenburg-kreis.de/portal/startseite.html'; },15000);",
    "plain_text": "Landkreis Oldenburg Die Datei wurde nicht gefunden. Entschuldigung. Diese Datei wurde leider nicht gefunden. Dies kann folgende Gründe haben: Sie verwenden ein altes Lesezeichen / alte Adresse. Über eine Suchmaschine haben Sie ein veraltetes Ergebnis angeklickt. Wechseln Sie bitte zur Startseite oder zur Suche, um die gewünschten Informationen zu erhalten. window.setTimeout(function() { window.location.href='https://www.oldenburg-kreis.de/portal/startseite.html'; },15000);",
    "contacts": [],
    "forms": [],
    "links": [],
    "metadata": {
      "agent": "politik_landkreis",
      "type": "content",
      "source": "https://www.oldenburg-kreis.de/landkreis-und-verwaltung/kreistag/kreistagsmitglieder/",
      "timestamp": "2025-10-29T07:49:51.290Z",
      "compressed": true,
      "compression_ratio": 1
    }
  },
  {
    "url": "https://www.oldenburg-kreis.de/landkreis-und-verwaltung/kreistag/gremien/",
    "title": "Unbekannt",
    "content": "",
    "plain_text": "",
    "contacts": [
      {
        "type": "phone",
        "value": "15000"
      }
    ],
    "forms": [],
    "links": [],
    "metadata": {
      "agent": "politik_landkreis",
      "type": "contact",
      "source": "https://www.oldenburg-kreis.de/landkreis-und-verwaltung/kreistag/gremien/",
      "timestamp": "2025-10-29T07:49:51.290Z",
      "compressed": true,
      "compression_ratio": 1
    }
  },
  {
    "url": "https://www.oldenburg-kreis.de/landkreis-und-verwaltung/kreistag/gremien/",
    "title": "Landkreis Oldenburg",
    "content": "Landkreis Oldenburg Die Datei wurde nicht gefunden. Entschuldigung. Diese Datei wurde leider nicht gefunden. Dies kann folgende Gründe haben: Sie verwenden ein altes Lesezeichen / alte Adresse. Über eine Suchmaschine haben Sie ein veraltetes Ergebnis angeklickt. Wechseln Sie bitte zur Startseite oder zur Suche, um die gewünschten Informationen zu erhalten. window.setTimeout(function() { window.location.href='https://www.oldenburg-kreis.de/portal/startseite.html'; },15000);",
    "plain_text": "Landkreis Oldenburg Die Datei wurde nicht gefunden. Entschuldigung. Diese Datei wurde leider nicht gefunden. Dies kann folgende Gründe haben: Sie verwenden ein altes Lesezeichen / alte Adresse. Über eine Suchmaschine haben Sie ein veraltetes Ergebnis angeklickt. Wechseln Sie bitte zur Startseite oder zur Suche, um die gewünschten Informationen zu erhalten. window.setTimeout(function() { window.location.href='https://www.oldenburg-kreis.de/portal/startseite.html'; },15000);",
    "contacts": [],
    "forms": [],
    "links": [],
    "metadata": {
      "agent": "politik_landkreis",
      "type": "content",
      "source": "https://www.oldenburg-kreis.de/landkreis-und-verwaltung/kreistag/gremien/",
      "timestamp": "2025-10-29T07:49:51.290Z",
      "compressed": true,
      "compression_ratio": 1
    }
  },
  {
    "url": "https://www.oldenburg-kreis.de/landkreis-und-verwaltung/kreisverwaltung/kreisorgane/",
    "title": "Unbekannt",
    "content": "",
    "plain_text": "",
    "contacts": [
      {
        "type": "phone",
        "value": "15000"
      }
    ],
    "forms": [],
    "links": [],
    "metadata": {
      "agent": "politik_landkreis",
      "type": "contact",
      "source": "https://www.oldenburg-kreis.de/landkreis-und-verwaltung/kreisverwaltung/kreisorgane/",
      "timestamp": "2025-10-29T07:49:51.290Z",
      "compressed": true,
      "compression_ratio": 1
    }
  },
  {
    "url": "https://www.oldenburg-kreis.de/landkreis-und-verwaltung/kreisverwaltung/kreisorgane/",
    "title": "Landkreis Oldenburg",
    "content": "Landkreis Oldenburg Die Datei wurde nicht gefunden. Entschuldigung. Diese Datei wurde leider nicht gefunden. Dies kann folgende Gründe haben: Sie verwenden ein altes Lesezeichen / alte Adresse. Über eine Suchmaschine haben Sie ein veraltetes Ergebnis angeklickt. Wechseln Sie bitte zur Startseite oder zur Suche, um die gewünschten Informationen zu erhalten. window.setTimeout(function() { window.location.href='https://www.oldenburg-kreis.de/portal/startseite.html'; },15000);",
    "plain_text": "Landkreis Oldenburg Die Datei wurde nicht gefunden. Entschuldigung. Diese Datei wurde leider nicht gefunden. Dies kann folgende Gründe haben: Sie verwenden ein altes Lesezeichen / alte Adresse. Über eine Suchmaschine haben Sie ein veraltetes Ergebnis angeklickt. Wechseln Sie bitte zur Startseite oder zur Suche, um die gewünschten Informationen zu erhalten. window.setTimeout(function() { window.location.href='https://www.oldenburg-kreis.de/portal/startseite.html'; },15000);",
    "contacts": [],
    "forms": [],
    "links": [],
    "metadata": {
      "agent": "politik_landkreis",
      "type": "content",
      "source": "https://www.oldenburg-kreis.de/landkreis-und-verwaltung/kreisverwaltung/kreisorgane/",
      "timestamp": "2025-10-29T07:49:51.290Z",
      "compressed": true,
      "compression_ratio": 1
    }
  },
  {
    "url": "https://oldenburg-kreis.ratsinfomanagement.net/news",
    "title": "News",
    "content": "",
    "plain_text": "",
    "contacts": [],
    "forms": [],
    "links": [
      {
        "title": "News",
        "url": "https://oldenburg-kreis.ratsinfomanagement.net/news"
      }
    ],
    "metadata": {
      "agent": "politik_landkreis",
      "type": "link",
      "source": "https://oldenburg-kreis.ratsinfomanagement.net/personen/",
      "timestamp": "2025-10-29T07:49:51.290Z",
      "compressed": true,
      "compression_ratio": 1
    }
  },
  {
    "url": "https://oldenburg-kreis.ratsinfomanagement.net/aemter",
    "title": "Ämter/Dezernate",
    "content": "",
    "plain_text": "",
    "contacts": [],
    "forms": [],
    "links": [
      {
        "title": "Ämter/Dezernate",
        "url": "https://oldenburg-kreis.ratsinfomanagement.net/aemter"
      }
    ],
    "metadata": {
      "agent": "politik_landkreis",
      "type": "link",
      "source": "https://oldenburg-kreis.ratsinfomanagement.net/personen/",
      "timestamp": "2025-10-29T07:49:51.290Z",
      "compressed": true,
      "compression_ratio": 1
    }
  },
  {
    "url": "https://oldenburg-kreis.ratsinfomanagement.net/gremien",
    "title": "Gremien",
    "content": "",
    "plain_text": "",
    "contacts": [],
    "forms": [],
    "links": [
      {
        "title": "Gremien",
        "url": "https://oldenburg-kreis.ratsinfomanagement.net/gremien"
      }
    ],
    "metadata": {
      "agent": "politik_landkreis",
      "type": "link",
      "source": "https://oldenburg-kreis.ratsinfomanagement.net/personen/",
      "timestamp": "2025-10-29T07:49:51.290Z",
      "compressed": true,
      "compression_ratio": 1
    }
  },
  {
    "url": "https://oldenburg-kreis.ratsinfomanagement.net/fraktionen",
    "title": "Fraktionen",
    "content": "",
    "plain_text": "",
    "contacts": [],
    "forms": [],
    "links": [
      {
        "title": "Fraktionen",
        "url": "https://oldenburg-kreis.ratsinfomanagement.net/fraktionen"
      }
    ],
    "metadata": {
      "agent": "politik_landkreis",
      "type": "link",
      "source": "https://oldenburg-kreis.ratsinfomanagement.net/personen/",
      "timestamp": "2025-10-29T07:49:51.290Z",
      "compressed": true,
      "compression_ratio": 1
    }
  },
  {
    "url": "https://oldenburg-kreis.ratsinfomanagement.net/personen",
    "title": "Personen",
    "content": "",
    "plain_text": "",
    "contacts": [],
    "forms": [],
    "links": [
      {
        "title": "Personen",
        "url": "https://oldenburg-kreis.ratsinfomanagement.net/personen"
      }
    ],
    "metadata": {
      "agent": "politik_landkreis",
      "type": "link",
      "source": "https://oldenburg-kreis.ratsinfomanagement.net/personen/",
      "timestamp": "2025-10-29T07:49:51.290Z",
      "compressed": true,
      "compression_ratio": 1
    }
  },
  {
    "url": "https://oldenburg-kreis.ratsinfomanagement.net/vorlagen",
    "title": "Vorlagen",
    "content": "",
    "plain_text": "",
    "contacts": [],
    "forms": [],
    "links": [
      {
        "title": "Vorlagen",
        "url": "https://oldenburg-kreis.ratsinfomanagement.net/vorlagen"
      }
    ],
    "metadata": {
      "agent": "politik_landkreis",
      "type": "link",
      "source": "https://oldenburg-kreis.ratsinfomanagement.net/personen/",
      "timestamp": "2025-10-29T07:49:51.290Z",
      "compressed": true,
      "compression_ratio": 1
    }
  },
  {
    "url": "https://oldenburg-kreis.ratsinfomanagement.net/termine",
    "title": "Sitzungen",
    "content": "",
    "plain_text": "",
    "contacts": [],
    "forms": [],
    "links": [
      {
        "title": "Sitzungen",
        "url": "https://oldenburg-kreis.ratsinfomanagement.net/termine"
      }
    ],
    "metadata": {
      "agent": "politik_landkreis",
      "type": "link",
      "source": "https://oldenburg-kreis.ratsinfomanagement.net/personen/",
      "timestamp": "2025-10-29T07:49:51.290Z",
      "compressed": true,
      "compression_ratio": 1
    }
  },
  {
    "url": "https://oldenburg-kreis.ratsinfomanagement.net/recherche",
    "title": "Recherche",
    "content": "",
    "plain_text": "",
    "contacts": [],
    "forms": [],
    "links": [
      {
        "title": "Recherche",
        "url": "https://oldenburg-kreis.ratsinfomanagement.net/recherche"
      }
    ],
    "metadata": {
      "agent": "politik_landkreis",
      "type": "link",
      "source": "https://oldenburg-kreis.ratsinfomanagement.net/personen/",
      "timestamp": "2025-10-29T07:49:51.290Z",
      "compressed": true,
      "compression_ratio": 1
    }
  },
  {
    "url": "https://oldenburg-kreis.ratsinfomanagement.net/diverses/downloads/1",
    "title": "Dokumente",
    "content": "",
    "plain_text": "",
    "contacts": [],
    "forms": [],
    "links": [
      {
        "title": "Dokumente",
        "url": "https://oldenburg-kreis.ratsinfomanagement.net/diverses/downloads/1"
      }
    ],
    "metadata": {
      "agent": "politik_landkreis",
      "type": "link",
      "source": "https://oldenburg-kreis.ratsinfomanagement.net/personen/",
      "timestamp": "2025-10-29T07:49:51.290Z",
      "compressed": true,
      "compression_ratio": 1
    }
  },
  {
    "url": "https://oldenburg-kreis.ratsinfomanagement.net/kennwort?__=UGhVM0hpd2NXNFdFcExjZQ4rVHVtuI-BnC7-z0MspoU",
    "title": "Kennwort vergessen?",
    "content": "",
    "plain_text": "",
    "contacts": [],
    "forms": [],
    "links": [
      {
        "title": "Kennwort vergessen?",
        "url": "https://oldenburg-kreis.ratsinfomanagement.net/kennwort?__=UGhVM0hpd2NXNFdFcExjZQ4rVHVtuI-BnC7-z0MspoU"
      }
    ],
    "metadata": {
      "agent": "politik_landkreis",
      "type": "link",
      "source": "https://oldenburg-kreis.ratsinfomanagement.net/personen/",
      "timestamp": "2025-10-29T07:49:51.290Z",
      "compressed": true,
      "compression_ratio": 1
    }
  },
  {
    "url": "https://oldenburg-kreis.ratsinfomanagement.net/personen/?__=UGhVM0hpd2NXNFdFcExjZU9kwEGKSP7LxsmmwmqoaRs",
    "title": "Alle",
    "content": "",
    "plain_text": "",
    "contacts": [],
    "forms": [],
    "links": [
      {
        "title": "Alle",
        "url": "https://oldenburg-kreis.ratsinfomanagement.net/personen/?__=UGhVM0hpd2NXNFdFcExjZU9kwEGKSP7LxsmmwmqoaRs"
      }
    ],
    "metadata": {
      "agent": "politik_landkreis",
      "type": "link",
      "source": "https://oldenburg-kreis.ratsinfomanagement.net/personen/",
      "timestamp": "2025-10-29T07:49:51.290Z",
      "compressed": true,
      "compression_ratio": 1
    }
  },
  {
    "url": "https://oldenburg-kreis.ratsinfomanagement.net/personen/?__=UGhVM0hpd2NXNFdFcExjZSAjO6YXJqGa9qpYQ097DUI",
    "title": "A",
    "content": "",
    "plain_text": "",
    "contacts": [],
    "forms": [],
    "links": [
      {
        "title": "A",
        "url": "https://oldenburg-kreis.ratsinfomanagement.net/personen/?__=UGhVM0hpd2NXNFdFcExjZSAjO6YXJqGa9qpYQ097DUI"
      }
    ],
    "metadata": {
      "agent": "politik_landkreis",
      "type": "link",
      "source": "https://oldenburg-kreis.ratsinfomanagement.net/personen/",
      "timestamp": "2025-10-29T07:49:51.290Z",
      "compressed": true,
      "compression_ratio": 1
    }
  },
  {
    "url": "https://oldenburg-kreis.ratsinfomanagement.net/personen/?__=UGhVM0hpd2NXNFdFcExjZTz1RHfWajsBBL5eM1kRXZ0",
    "title": "B",
    "content": "",
    "plain_text": "",
    "contacts": [],
    "forms": [],
    "links": [
      {
        "title": "B",
        "url": "https://oldenburg-kreis.ratsinfomanagement.net/personen/?__=UGhVM0hpd2NXNFdFcExjZTz1RHfWajsBBL5eM1kRXZ0"
      }
    ],
    "metadata": {
      "agent": "politik_landkreis",
      "type": "link",
      "source": "https://oldenburg-kreis.ratsinfomanagement.net/personen/",
      "timestamp": "2025-10-29T07:49:51.290Z",
      "compressed": true,
      "compression_ratio": 1
    }
  },
  {
    "url": "https://oldenburg-kreis.ratsinfomanagement.net/personen/?__=UGhVM0hpd2NXNFdFcExjZQbLQwRhELQKMCVsW5gnurA",
    "title": "D",
    "content": "",
    "plain_text": "",
    "contacts": [],
    "forms": [],
    "links": [
      {
        "title": "D",
        "url": "https://oldenburg-kreis.ratsinfomanagement.net/personen/?__=UGhVM0hpd2NXNFdFcExjZQbLQwRhELQKMCVsW5gnurA"
      }
    ],
    "metadata": {
      "agent": "politik_landkreis",
      "type": "link",
      "source": "https://oldenburg-kreis.ratsinfomanagement.net/personen/",
      "timestamp": "2025-10-29T07:49:51.290Z",
      "compressed": true,
      "compression_ratio": 1
    }
  },
  {
    "url": "https://oldenburg-kreis.ratsinfomanagement.net/personen/?__=UGhVM0hpd2NXNFdFcExjZWf6X8pAT7vakpGfsWN8xXI",
    "title": "F",
    "content": "",
    "plain_text": "",
    "contacts": [],
    "forms": [],
    "links": [
      {
        "title": "F",
        "url": "https://oldenburg-kreis.ratsinfomanagement.net/personen/?__=UGhVM0hpd2NXNFdFcExjZWf6X8pAT7vakpGfsWN8xXI"
      }
    ],
    "metadata": {
      "agent": "politik_landkreis",
      "type": "link",
      "source": "https://oldenburg-kreis.ratsinfomanagement.net/personen/",
      "timestamp": "2025-10-29T07:49:51.290Z",
      "compressed": true,
      "compression_ratio": 1
    }
  },
  {
    "url": "https://oldenburg-kreis.ratsinfomanagement.net/personen/?__=UGhVM0hpd2NXNFdFcExjZfjmHHTssDYD-PfaqiW5iBA",
    "title": "G",
    "content": "",
    "plain_text": "",
    "contacts": [],
    "forms": [],
    "links": [
      {
        "title": "G",
        "url": "https://oldenburg-kreis.ratsinfomanagement.net/personen/?__=UGhVM0hpd2NXNFdFcExjZfjmHHTssDYD-PfaqiW5iBA"
      }
    ],
    "metadata": {
      "agent": "politik_landkreis",
      "type": "link",
      "source": "https://oldenburg-kreis.ratsinfomanagement.net/personen/",
      "timestamp": "2025-10-29T07:49:51.290Z",
      "compressed": true,
      "compression_ratio": 1
    }
  },
  {
    "url": "https://oldenburg-kreis.ratsinfomanagement.net/personen/?__=UGhVM0hpd2NXNFdFcExjZThyj2miJxszm63RAZQS3gQ",
    "title": "H",
    "content": "",
    "plain_text": "",
    "contacts": [],
    "forms": [],
    "links": [
      {
        "title": "H",
        "url": "https://oldenburg-kreis.ratsinfomanagement.net/personen/?__=UGhVM0hpd2NXNFdFcExjZThyj2miJxszm63RAZQS3gQ"
      }
    ],
    "metadata": {
      "agent": "politik_landkreis",
      "type": "link",
      "source": "https://oldenburg-kreis.ratsinfomanagement.net/personen/",
      "timestamp": "2025-10-29T07:49:51.290Z",
      "compressed": true,
      "compression_ratio": 1
    }
  },
  {
    "url": "https://oldenburg-kreis.ratsinfomanagement.net/personen/?__=UGhVM0hpd2NXNFdFcExjZUdKpTpXYcRxhxER2XtRktY",
    "title": "J",
    "content": "",
    "plain_text": "",
    "contacts": [],
    "forms": [],
    "links": [
      {
        "title": "J",
        "url": "https://oldenburg-kreis.ratsinfomanagement.net/personen/?__=UGhVM0hpd2NXNFdFcExjZUdKpTpXYcRxhxER2XtRktY"
      }
    ],
    "metadata": {
      "agent": "politik_landkreis",
      "type": "link",
      "source": "https://oldenburg-kreis.ratsinfomanagement.net/personen/",
      "timestamp": "2025-10-29T07:49:51.290Z",
      "compressed": true,
      "compression_ratio": 1
    }
  },
  {
    "url": "https://oldenburg-kreis.ratsinfomanagement.net/personen/?__=UGhVM0hpd2NXNFdFcExjZSAoEGfg-EL_aMGEnQcwhIU",
    "title": "K",
    "content": "",
    "plain_text": "",
    "contacts": [],
    "forms": [],
    "links": [
      {
        "title": "K",
        "url": "https://oldenburg-kreis.ratsinfomanagement.net/personen/?__=UGhVM0hpd2NXNFdFcExjZSAoEGfg-EL_aMGEnQcwhIU"
      }
    ],
    "metadata": {
      "agent": "politik_landkreis",
      "type": "link",
      "source": "https://oldenburg-kreis.ratsinfomanagement.net/personen/",
      "timestamp": "2025-10-29T07:49:51.290Z",
      "compressed": true,
      "compression_ratio": 1
    }
  },
  {
    "url": "https://oldenburg-kreis.ratsinfomanagement.net/personen/?__=UGhVM0hpd2NXNFdFcExjZXHimD_GrTkUpE2lSB4_sic",
    "title": "L",
    "content": "",
    "plain_text": "",
    "contacts": [],
    "forms": [],
    "links": [
      {
        "title": "L",
        "url": "https://oldenburg-kreis.ratsinfomanagement.net/personen/?__=UGhVM0hpd2NXNFdFcExjZXHimD_GrTkUpE2lSB4_sic"
      }
    ],
    "metadata": {
      "agent": "politik_landkreis",
      "type": "link",
      "source": "https://oldenburg-kreis.ratsinfomanagement.net/personen/",
      "timestamp": "2025-10-29T07:49:51.290Z",
      "compressed": true,
      "compression_ratio": 1
    }
  },
  {
    "url": "https://oldenburg-kreis.ratsinfomanagement.net/personen/?__=UGhVM0hpd2NXNFdFcExjZSrrTUK45ejziOKdM1WGZqw",
    "title": "M",
    "content": "",
    "plain_text": "",
    "contacts": [],
    "forms": [],
    "links": [
      {
        "title": "M",
        "url": "https://oldenburg-kreis.ratsinfomanagement.net/personen/?__=UGhVM0hpd2NXNFdFcExjZSrrTUK45ejziOKdM1WGZqw"
      }
    ],
    "metadata": {
      "agent": "politik_landkreis",
      "type": "link",
      "source": "https://oldenburg-kreis.ratsinfomanagement.net/personen/",
      "timestamp": "2025-10-29T07:49:51.290Z",
      "compressed": true,
      "compression_ratio": 1
    }
  },
  {
    "url": "https://oldenburg-kreis.ratsinfomanagement.net/personen/?__=UGhVM0hpd2NXNFdFcExjZabEjTOA555vsHbfJoJP4uA",
    "title": "N",
    "content": "",
    "plain_text": "",
    "contacts": [],
    "forms": [],
    "links": [
      {
        "title": "N",
        "url": "https://oldenburg-kreis.ratsinfomanagement.net/personen/?__=UGhVM0hpd2NXNFdFcExjZabEjTOA555vsHbfJoJP4uA"
      }
    ],
    "metadata": {
      "agent": "politik_landkreis",
      "type": "link",
      "source": "https://oldenburg-kreis.ratsinfomanagement.net/personen/",
      "timestamp": "2025-10-29T07:49:51.290Z",
      "compressed": true,
      "compression_ratio": 1
    }
  },
  {
    "url": "https://oldenburg-kreis.ratsinfomanagement.net/personen/?__=UGhVM0hpd2NXNFdFcExjZXMucDq0EP3j3WKdmJbTgoQ",
    "title": "O",
    "content": "",
    "plain_text": "",
    "contacts": [],
    "forms": [],
    "links": [
      {
        "title": "O",
        "url": "https://oldenburg-kreis.ratsinfomanagement.net/personen/?__=UGhVM0hpd2NXNFdFcExjZXMucDq0EP3j3WKdmJbTgoQ"
      }
    ],
    "metadata": {
      "agent": "politik_landkreis",
      "type": "link",
      "source": "https://oldenburg-kreis.ratsinfomanagement.net/personen/",
      "timestamp": "2025-10-29T07:49:51.290Z",
      "compressed": true,
      "compression_ratio": 1
    }
  },
  {
    "url": "https://oldenburg-kreis.ratsinfomanagement.net/personen/?__=UGhVM0hpd2NXNFdFcExjZSLO1K8QjtQu-2gP8chn82o",
    "title": "P",
    "content": "",
    "plain_text": "",
    "contacts": [],
    "forms": [],
    "links": [
      {
        "title": "P",
        "url": "https://oldenburg-kreis.ratsinfomanagement.net/personen/?__=UGhVM0hpd2NXNFdFcExjZSLO1K8QjtQu-2gP8chn82o"
      }
    ],
    "metadata": {
      "agent": "politik_landkreis",
      "type": "link",
      "source": "https://oldenburg-kreis.ratsinfomanagement.net/personen/",
      "timestamp": "2025-10-29T07:49:51.290Z",
      "compressed": true,
      "compression_ratio": 1
    }
  },
  {
    "url": "https://oldenburg-kreis.ratsinfomanagement.net/personen/?__=UGhVM0hpd2NXNFdFcExjZVN-A90IBnHKdaJWwcnwPhA",
    "title": "R",
    "content": "",
    "plain_text": "",
    "contacts": [],
    "forms": [],
    "links": [
      {
        "title": "R",
        "url": "https://oldenburg-kreis.ratsinfomanagement.net/personen/?__=UGhVM0hpd2NXNFdFcExjZVN-A90IBnHKdaJWwcnwPhA"
      }
    ],
    "metadata": {
      "agent": "politik_landkreis",
      "type": "link",
      "source": "https://oldenburg-kreis.ratsinfomanagement.net/personen/",
      "timestamp": "2025-10-29T07:49:51.290Z",
      "compressed": true,
      "compression_ratio": 1
    }
  },
  {
    "url": "https://oldenburg-kreis.ratsinfomanagement.net/personen/?__=UGhVM0hpd2NXNFdFcExjZQhZgd7Y2Elv0tbE9NeyeF4",
    "title": "S",
    "content": "",
    "plain_text": "",
    "contacts": [],
    "forms": [],
    "links": [
      {
        "title": "S",
        "url": "https://oldenburg-kreis.ratsinfomanagement.net/personen/?__=UGhVM0hpd2NXNFdFcExjZQhZgd7Y2Elv0tbE9NeyeF4"
      }
    ],
    "metadata": {
      "agent": "politik_landkreis",
      "type": "link",
      "source": "https://oldenburg-kreis.ratsinfomanagement.net/personen/",
      "timestamp": "2025-10-29T07:49:51.290Z",
      "compressed": true,
      "compression_ratio": 1
    }
  },
  {
    "url": "https://oldenburg-kreis.ratsinfomanagement.net/personen/?__=UGhVM0hpd2NXNFdFcExjZWsEv_mO9rTZjABv_L8te-c",
    "title": "T",
    "content": "",
    "plain_text": "",
    "contacts": [],
    "forms": [],
    "links": [
      {
        "title": "T",
        "url": "https://oldenburg-kreis.ratsinfomanagement.net/personen/?__=UGhVM0hpd2NXNFdFcExjZWsEv_mO9rTZjABv_L8te-c"
      }
    ],
    "metadata": {
      "agent": "politik_landkreis",
      "type": "link",
      "source": "https://oldenburg-kreis.ratsinfomanagement.net/personen/",
      "timestamp": "2025-10-29T07:49:51.290Z",
      "compressed": true,
      "compression_ratio": 1
    }
  },
  {
    "url": "https://oldenburg-kreis.ratsinfomanagement.net/personen/?__=UGhVM0hpd2NXNFdFcExjZcYSHXON42NJxYJVryjV7uk",
    "title": "V",
    "content": "",
    "plain_text": "",
    "contacts": [],
    "forms": [],
    "links": [
      {
        "title": "V",
        "url": "https://oldenburg-kreis.ratsinfomanagement.net/personen/?__=UGhVM0hpd2NXNFdFcExjZcYSHXON42NJxYJVryjV7uk"
      }
    ],
    "metadata": {
      "agent": "politik_landkreis",
      "type": "link",
      "source": "https://oldenburg-kreis.ratsinfomanagement.net/personen/",
      "timestamp": "2025-10-29T07:49:51.290Z",
      "compressed": true,
      "compression_ratio": 1
    }
  },
  {
    "url": "https://oldenburg-kreis.ratsinfomanagement.net/personen/?__=UGhVM0hpd2NXNFdFcExjZXFspm8uHbjR6M1eB1se-us",
    "title": "W",
    "content": "",
    "plain_text": "",
    "contacts": [],
    "forms": [],
    "links": [
      {
        "title": "W",
        "url": "https://oldenburg-kreis.ratsinfomanagement.net/personen/?__=UGhVM0hpd2NXNFdFcExjZXFspm8uHbjR6M1eB1se-us"
      }
    ],
    "metadata": {
      "agent": "politik_landkreis",
      "type": "link",
      "source": "https://oldenburg-kreis.ratsinfomanagement.net/personen/",
      "timestamp": "2025-10-29T07:49:51.290Z",
      "compressed": true,
      "compression_ratio": 1
    }
  },
  {
    "url": "https://oldenburg-kreis.ratsinfomanagement.net/personen/?__=UGhVM0hpd2NXNFdFcExjZX1yUbI5-9w5_iLbVjodXss",
    "title": "Z",
    "content": "",
    "plain_text": "",
    "contacts": [],
    "forms": [],
    "links": [
      {
        "title": "Z",
        "url": "https://oldenburg-kreis.ratsinfomanagement.net/personen/?__=UGhVM0hpd2NXNFdFcExjZX1yUbI5-9w5_iLbVjodXss"
      }
    ],
    "metadata": {
      "agent": "politik_landkreis",
      "type": "link",
      "source": "https://oldenburg-kreis.ratsinfomanagement.net/personen/",
      "timestamp": "2025-10-29T07:49:51.290Z",
      "compressed": true,
      "compression_ratio": 1
    }
  },
  {
    "url": "https://oldenburg-kreis.ratsinfomanagement.net/recherche",
    "title": "recherche",
    "content": "",
    "plain_text": "",
    "contacts": [],
    "forms": [
      {
        "type": "form",
        "title": "Formular",
        "url": "https://oldenburg-kreis.ratsinfomanagement.net/recherche"
      }
    ],
    "links": [],
    "metadata": {
      "agent": "politik_landkreis",
      "type": "form",
      "source": "https://oldenburg-kreis.ratsinfomanagement.net/personen/",
      "timestamp": "2025-10-29T07:49:51.290Z",
      "compressed": true,
      "compression_ratio": 1
    }
  },
  {
    "url": "https://oldenburg-kreis.ratsinfomanagement.net/",
    "title": "Unbekannt",
    "content": "",
    "plain_text": "",
    "contacts": [],
    "forms": [
      {
        "type": "form",
        "title": "Formular",
        "url": "https://oldenburg-kreis.ratsinfomanagement.net/"
      }
    ],
    "links": [],
    "metadata": {
      "agent": "politik_landkreis",
      "type": "form",
      "source": "https://oldenburg-kreis.ratsinfomanagement.net/personen/",
      "timestamp": "2025-10-29T07:49:51.290Z",
      "compressed": true,
      "compression_ratio": 1
    }
  },
  {
    "url": "https://oldenburg-kreis.ratsinfomanagement.net/personen/",
    "title": "Unbekannt",
    "content": "",
    "plain_text": "",
    "contacts": [],
    "forms": [
      {
        "type": "form",
        "title": "Formular",
        "url": "https://oldenburg-kreis.ratsinfomanagement.net/personen/"
      }
    ],
    "links": [],
    "metadata": {
      "agent": "politik_landkreis",
      "type": "form",
      "source": "https://oldenburg-kreis.ratsinfomanagement.net/personen/",
      "timestamp": "2025-10-29T07:49:51.290Z",
      "compressed": true,
      "compression_ratio": 1
    }
  },
  {
    "url": "https://oldenburg-kreis.ratsinfomanagement.net/personen/",
    "title": "Personen",
    "content": "Kreistagsinformationssystem Recherche für Bürger, Politik und Verwaltung. Bildmotiv in dieser Region: Bilck aus der Vogelperspektive auf das von Bäumen umgebene Kreishaus des Landkreises Oldenburg. Bild: © Landkreis Oldenburg Kreistagsinformationssystem » Personen Startseite News Ämter/Dezernate Gremien Fraktionen Personen Vorlagen Sitzungen Recherche Dokumente Anmeldung Benutzername Kennwort Kennwort vergessen? Personen An dieser Stelle können Sie sich alle aktiven Mandatsträger anzeigen lassen. Nutzen Sie das Auswahlformular, um Ihre Suche einzugrenzen. Der Buchstabenindex erleichtert die Navigation. Sie können zwischen den einzelnen Indizes hin- und herwechseln. Mit \"Alle\" gelangen Sie zurück zur Ausgangsübersicht. Über die markierten Titel der Überschrift können Sie die einzelnen Informationsspalten auf- und absteigend sortieren. Personenauswahl Personenkreis - Alle - Mitglied Sonstiges Landrat Verwaltung Fraktion - Alle - CDU SPD BÜNDNIS 90/DIE GRÜNEN-DIE LINKE FDP/FREIE WÄHLER/UWG AfD Niedersachsen Fraktionslos Fraktionsfunktion - Alle - Fraktionsvorsitz Gruppensprecher/in Stellv. Gruppensprecher/in Stellv. Fraktionsvorsitzende/r ohne Fraktionsmitglied Gruppenmitglied Gremium - Alle - Kreistag Kreisausschuss Bau-, Straßen- und Brandschutzausschuss Finanz- und Wirtschaftsausschuss Integrations- und Gleichstellungsausschuss Jugendhilfeausschuss Schul- und Kulturausschuss Sozial- und Gesundheitsausschuss Struktur- und Klimaschutzausschuss Umwelt- und Abfallwirtschaftsausschuss Gremienfunktion - Alle - Ausschussvorsitzende/rKreistagsvorsitzende/rLandrat (Vorsitz KA)Stellv. Ausschussvorsitzende/rStellv. Kreistagsvorsitzende/rAusschussmitgliedKreistagsabgeordnete/rStimmberechtigtes MitgliedBeratendes MitgliedBeratendes MitgliedBeratendes MitgliedGrundmandatLandratLandrat (Ausschuss)ProtokollführungStellv. AusschussmitgliedStellv. Beratendes MitgliedStellv. Stimmberechtigtes Mitglied2. Stellv. Stimmberechtigtes Mitglied $SST( document ).ready( function() { $SST( 'span.hidden-hint' ).hide(); }); function hideHiddenFields( event ) { $SST( 'span.hiddenfields' ).hide(); $SST( 'input.submit-button' ).hide(); $SST( '#submit-show' ).prepend( '<input type=\"button\" value=\"Optionen einblenden\" class=\"button extendform\" />' ); $SST( 'input.extendform' ).click( { show: true }, showHiddenFields ); } function showHiddenFields( event ) { var element = event.currentTarget; if ( event.data.show ) { $SST( 'span.hiddenfields' ).show(); $SST( 'input.submit-button' ).show(); $SST( 'input.extendform' ).attr( 'value', 'Optionen ausblenden' ); $SST( element ).click( { show: false }, showHiddenFields ); $SST( element ).addClass( 'button-active' ); $SST('#idpersonenkreis').focus(); } else { $SST( 'span.hiddenfields' ).hide(); $SST( 'span.hidden-hint' ).show(); $SST( 'input.submit-button' ).hide(); $SST( 'input.extendform' ).attr( 'value', 'Optionen einblenden' ); $SST( element ).click( { show: true }, showHiddenFields ); $SST( element ).removeClass( 'button-active' ); } return false; } Alle ABCDEFGHIJKLMNOPQRSTUVWXYZ",
    "plain_text": "Kreistagsinformationssystem Recherche für Bürger, Politik und Verwaltung. Bildmotiv in dieser Region: Bilck aus der Vogelperspektive auf das von Bäumen umgebene Kreishaus des Landkreises Oldenburg. Bild: © Landkreis Oldenburg Kreistagsinformationssystem » Personen Startseite News Ämter/Dezernate Gremien Fraktionen Personen Vorlagen Sitzungen Recherche Dokumente Anmeldung Benutzername Kennwort Kennwort vergessen? Personen An dieser Stelle können Sie sich alle aktiven Mandatsträger anzeigen lassen. Nutzen Sie das Auswahlformular, um Ihre Suche einzugrenzen. Der Buchstabenindex erleichtert die Navigation. Sie können zwischen den einzelnen Indizes hin- und herwechseln. Mit \"Alle\" gelangen Sie zurück zur Ausgangsübersicht. Über die markierten Titel der Überschrift können Sie die einzelnen Informationsspalten auf- und absteigend sortieren. Personenauswahl Personenkreis - Alle - Mitglied Sonstiges Landrat Verwaltung Fraktion - Alle - CDU SPD BÜNDNIS 90/DIE GRÜNEN-DIE LINKE FDP/FREIE WÄHLER/UWG AfD Niedersachsen Fraktionslos Fraktionsfunktion - Alle - Fraktionsvorsitz Gruppensprecher/in Stellv. Gruppensprecher/in Stellv. Fraktionsvorsitzende/r ohne Fraktionsmitglied Gruppenmitglied Gremium - Alle - Kreistag Kreisausschuss Bau-, Straßen- und Brandschutzausschuss Finanz- und Wirtschaftsausschuss Integrations- und Gleichstellungsausschuss Jugendhilfeausschuss Schul- und Kulturausschuss Sozial- und Gesundheitsausschuss Struktur- und Klimaschutzausschuss Umwelt- und Abfallwirtschaftsausschuss Gremienfunktion - Alle - Ausschussvorsitzende/rKreistagsvorsitzende/rLandrat (Vorsitz KA)Stellv. Ausschussvorsitzende/rStellv. Kreistagsvorsitzende/rAusschussmitgliedKreistagsabgeordnete/rStimmberechtigtes MitgliedBeratendes MitgliedBeratendes MitgliedBeratendes MitgliedGrundmandatLandratLandrat (Ausschuss)ProtokollführungStellv. AusschussmitgliedStellv. Beratendes MitgliedStellv. Stimmberechtigtes Mitglied2. Stellv. Stimmberechtigtes Mitglied $SST( document ).ready( function() { $SST( 'span.hidden-hint' ).hide(); }); function hideHiddenFields( event ) { $SST( 'span.hiddenfields' ).hide(); $SST( 'input.submit-button' ).hide(); $SST( '#submit-show' ).prepend( '<input type=\"button\" value=\"Optionen einblenden\" class=\"button extendform\" />' ); $SST( 'input.extendform' ).click( { show: true }, showHiddenFields ); } function showHiddenFields( event ) { var element = event.currentTarget; if ( event.data.show ) { $SST( 'span.hiddenfields' ).show(); $SST( 'input.submit-button' ).show(); $SST( 'input.extendform' ).attr( 'value', 'Optionen ausblenden' ); $SST( element ).click( { show: false }, showHiddenFields ); $SST( element ).addClass( 'button-active' ); $SST('#idpersonenkreis').focus(); } else { $SST( 'span.hiddenfields' ).hide(); $SST( 'span.hidden-hint' ).show(); $SST( 'input.submit-button' ).hide(); $SST( 'input.extendform' ).attr( 'value', 'Optionen einblenden' ); $SST( element ).click( { show: true }, showHiddenFields ); $SST( element ).removeClass( 'button-active' ); } return false; } Alle ABCDEFGHIJKLMNOPQRSTUVWXYZ",
    "contacts": [],
    "forms": [],
    "links": [],
    "metadata": {
      "agent": "politik_landkreis",
      "type": "content",
      "source": "https://oldenburg-kreis.ratsinfomanagement.net/personen/",
      "timestamp": "2025-10-29T07:49:51.290Z",
      "compressed": true,
      "compression_ratio": 1
    }
  },
  {
    "url": "https://oldenburg-kreis.ratsinfomanagement.net/fraktionen/?__=UGhVM0hpd2NXNFdFcExjZd8eH7-8qJQyybSesrBhQF5XM0luS9xNzP_aveQgS0VTVWMqS0evzRn7tjeBk7fiOg",
    "title": "Fraktion",
    "content": "",
    "plain_text": "",
    "contacts": [],
    "forms": [],
    "links": [
      {
        "title": "Fraktion",
        "url": "https://oldenburg-kreis.ratsinfomanagement.net/fraktionen/?__=UGhVM0hpd2NXNFdFcExjZd8eH7-8qJQyybSesrBhQF5XM0luS9xNzP_aveQgS0VTVWMqS0evzRn7tjeBk7fiOg"
      }
    ],
    "metadata": {
      "agent": "politik_landkreis",
      "type": "link",
      "source": "https://oldenburg-kreis.ratsinfomanagement.net/fraktionen/",
      "timestamp": "2025-10-29T07:49:51.290Z",
      "compressed": true,
      "compression_ratio": 1
    }
  },
  {
    "url": "https://oldenburg-kreis.ratsinfomanagement.net/fraktionen/?__=UGhVM0hpd2NXNFdFcExjZd8eH7-8qJQyybSesrBhQF5XM0luS9xNzP_aveQgS0VTeEvK82s24izHk52Aawoy_b9e2qUIB9WR61S6z4Lnmxs",
    "title": "Mitglieder",
    "content": "",
    "plain_text": "",
    "contacts": [],
    "forms": [],
    "links": [
      {
        "title": "Mitglieder",
        "url": "https://oldenburg-kreis.ratsinfomanagement.net/fraktionen/?__=UGhVM0hpd2NXNFdFcExjZd8eH7-8qJQyybSesrBhQF5XM0luS9xNzP_aveQgS0VTeEvK82s24izHk52Aawoy_b9e2qUIB9WR61S6z4Lnmxs"
      }
    ],
    "metadata": {
      "agent": "politik_landkreis",
      "type": "link",
      "source": "https://oldenburg-kreis.ratsinfomanagement.net/fraktionen/",
      "timestamp": "2025-10-29T07:49:51.290Z",
      "compressed": true,
      "compression_ratio": 1
    }
  },
  {
    "url": "https://oldenburg-kreis.ratsinfomanagement.net/fraktionen/?__=UGhVM0hpd2NXNFdFcExjZX1VNHrjM-ReOJZoBTeKyOg",
    "title": "CDU",
    "content": "",
    "plain_text": "",
    "contacts": [],
    "forms": [],
    "links": [
      {
        "title": "CDU",
        "url": "https://oldenburg-kreis.ratsinfomanagement.net/fraktionen/?__=UGhVM0hpd2NXNFdFcExjZX1VNHrjM-ReOJZoBTeKyOg"
      }
    ],
    "metadata": {
      "agent": "politik_landkreis",
      "type": "link",
      "source": "https://oldenburg-kreis.ratsinfomanagement.net/fraktionen/",
      "timestamp": "2025-10-29T07:49:51.290Z",
      "compressed": true,
      "compression_ratio": 1
    }
  },
  {
    "url": "https://oldenburg-kreis.ratsinfomanagement.net/fraktionen/?__=UGhVM0hpd2NXNFdFcExjZS-xWbrC-TrkUlnlpCCP-4o",
    "title": "SPD",
    "content": "",
    "plain_text": "",
    "contacts": [],
    "forms": [],
    "links": [
      {
        "title": "SPD",
        "url": "https://oldenburg-kreis.ratsinfomanagement.net/fraktionen/?__=UGhVM0hpd2NXNFdFcExjZS-xWbrC-TrkUlnlpCCP-4o"
      }
    ],
    "metadata": {
      "agent": "politik_landkreis",
      "type": "link",
      "source": "https://oldenburg-kreis.ratsinfomanagement.net/fraktionen/",
      "timestamp": "2025-10-29T07:49:51.290Z",
      "compressed": true,
      "compression_ratio": 1
    }
  },
  {
    "url": "https://oldenburg-kreis.ratsinfomanagement.net/fraktionen/?__=UGhVM0hpd2NXNFdFcExjZeIDrjzweYG3el5PYeJ_W3o",
    "title": "BÜNDNIS 90/DIE GRÜNEN-DIE LINKE",
    "content": "",
    "plain_text": "",
    "contacts": [],
    "forms": [],
    "links": [
      {
        "title": "BÜNDNIS 90/DIE GRÜNEN-DIE LINKE",
        "url": "https://oldenburg-kreis.ratsinfomanagement.net/fraktionen/?__=UGhVM0hpd2NXNFdFcExjZeIDrjzweYG3el5PYeJ_W3o"
      }
    ],
    "metadata": {
      "agent": "politik_landkreis",
      "type": "link",
      "source": "https://oldenburg-kreis.ratsinfomanagement.net/fraktionen/",
      "timestamp": "2025-10-29T07:49:51.290Z",
      "compressed": true,
      "compression_ratio": 1
    }
  },
  {
    "url": "https://oldenburg-kreis.ratsinfomanagement.net/fraktionen/?__=UGhVM0hpd2NXNFdFcExjZe6IHMvFgzBq3M9-N0ewmWY",
    "title": "FDP/FREIE WÄHLER/UWG",
    "content": "",
    "plain_text": "",
    "contacts": [],
    "forms": [],
    "links": [
      {
        "title": "FDP/FREIE WÄHLER/UWG",
        "url": "https://oldenburg-kreis.ratsinfomanagement.net/fraktionen/?__=UGhVM0hpd2NXNFdFcExjZe6IHMvFgzBq3M9-N0ewmWY"
      }
    ],
    "metadata": {
      "agent": "politik_landkreis",
      "type": "link",
      "source": "https://oldenburg-kreis.ratsinfomanagement.net/fraktionen/",
      "timestamp": "2025-10-29T07:49:51.290Z",
      "compressed": true,
      "compression_ratio": 1
    }
  },
  {
    "url": "https://oldenburg-kreis.ratsinfomanagement.net/fraktionen/?__=UGhVM0hpd2NXNFdFcExjZYyPsokafGPml_iridg7U3Q",
    "title": "AfD Niedersachsen",
    "content": "",
    "plain_text": "",
    "contacts": [],
    "forms": [],
    "links": [
      {
        "title": "AfD Niedersachsen",
        "url": "https://oldenburg-kreis.ratsinfomanagement.net/fraktionen/?__=UGhVM0hpd2NXNFdFcExjZYyPsokafGPml_iridg7U3Q"
      }
    ],
    "metadata": {
      "agent": "politik_landkreis",
      "type": "link",
      "source": "https://oldenburg-kreis.ratsinfomanagement.net/fraktionen/",
      "timestamp": "2025-10-29T07:49:51.290Z",
      "compressed": true,
      "compression_ratio": 1
    }
  },
  {
    "url": "https://oldenburg-kreis.ratsinfomanagement.net/fraktionen/?__=UGhVM0hpd2NXNFdFcExjZRVQ3WhHxaD5QN2FcQxScIM",
    "title": "Fraktionslos",
    "content": "",
    "plain_text": "",
    "contacts": [],
    "forms": [],
    "links": [
      {
        "title": "Fraktionslos",
        "url": "https://oldenburg-kreis.ratsinfomanagement.net/fraktionen/?__=UGhVM0hpd2NXNFdFcExjZRVQ3WhHxaD5QN2FcQxScIM"
      }
    ],
    "metadata": {
      "agent": "politik_landkreis",
      "type": "link",
      "source": "https://oldenburg-kreis.ratsinfomanagement.net/fraktionen/",
      "timestamp": "2025-10-29T07:49:51.290Z",
      "compressed": true,
      "compression_ratio": 1
    }
  },
  {
    "url": "https://oldenburg-kreis.ratsinfomanagement.net/fraktionen/",
    "title": "Fraktionen",
    "content": "Kreistagsinformationssystem Recherche für Bürger, Politik und Verwaltung. Bildmotiv in dieser Region: Bilck aus der Vogelperspektive auf das von Bäumen umgebene Kreishaus des Landkreises Oldenburg. Bild: © Landkreis Oldenburg Kreistagsinformationssystem » Fraktionen Startseite News Ämter/Dezernate Gremien Fraktionen Personen Vorlagen Sitzungen Recherche Dokumente Anmeldung Benutzername Kennwort Kennwort vergessen? Fraktionen Diese Übersicht enthält alle Fraktionen des Landkreises Oldenburg.Über die markierten Titel der Überschrift können Sie die einzelnen Informationsspalten auf- und absteigend sortieren. Kreistagsfraktionen und -gruppenFraktionMitglieder CDU 15 SPD 14 BÜNDNIS 90/DIE GRÜNEN-DIE LINKE 9 FDP/FREIE WÄHLER/UWG 9 AfD Niedersachsen 2 Fraktionslos 0",
    "plain_text": "Kreistagsinformationssystem Recherche für Bürger, Politik und Verwaltung. Bildmotiv in dieser Region: Bilck aus der Vogelperspektive auf das von Bäumen umgebene Kreishaus des Landkreises Oldenburg. Bild: © Landkreis Oldenburg Kreistagsinformationssystem » Fraktionen Startseite News Ämter/Dezernate Gremien Fraktionen Personen Vorlagen Sitzungen Recherche Dokumente Anmeldung Benutzername Kennwort Kennwort vergessen? Fraktionen Diese Übersicht enthält alle Fraktionen des Landkreises Oldenburg.Über die markierten Titel der Überschrift können Sie die einzelnen Informationsspalten auf- und absteigend sortieren. Kreistagsfraktionen und -gruppenFraktionMitglieder CDU 15 SPD 14 BÜNDNIS 90/DIE GRÜNEN-DIE LINKE 9 FDP/FREIE WÄHLER/UWG 9 AfD Niedersachsen 2 Fraktionslos 0",
    "contacts": [],
    "forms": [],
    "links": [],
    "metadata": {
      "agent": "politik_landkreis",
      "type": "content",
      "source": "https://oldenburg-kreis.ratsinfomanagement.net/fraktionen/",
      "timestamp": "2025-10-29T07:49:51.290Z",
      "compressed": true,
      "compression_ratio": 1
    }
  },
  {
    "url": "https://oldenburg-kreis.ratsinfomanagement.net/gremien/?__=UGhVM0hpd2NXNFdFcExjZd8eH7-8qJQyybSesrBhQF5XM0luS9xNzP_aveQgS0VTVWMqS0evzRn7tjeBk7fiOg",
    "title": "Gremium",
    "content": "",
    "plain_text": "",
    "contacts": [],
    "forms": [],
    "links": [
      {
        "title": "Gremium",
        "url": "https://oldenburg-kreis.ratsinfomanagement.net/gremien/?__=UGhVM0hpd2NXNFdFcExjZd8eH7-8qJQyybSesrBhQF5XM0luS9xNzP_aveQgS0VTVWMqS0evzRn7tjeBk7fiOg"
      }
    ],
    "metadata": {
      "agent": "politik_landkreis",
      "type": "link",
      "source": "https://oldenburg-kreis.ratsinfomanagement.net/gremien/",
      "timestamp": "2025-10-29T07:49:51.291Z",
      "compressed": true,
      "compression_ratio": 1
    }
  },
  {
    "url": "https://oldenburg-kreis.ratsinfomanagement.net/gremien/?__=UGhVM0hpd2NXNFdFcExjZd8eH7-8qJQyybSesrBhQF5XM0luS9xNzP_aveQgS0VTkt0QfHHSamWRLbUAWIcgaVK3BESZB1ws0zjgEFVeUlU",
    "title": "Mitglieder",
    "content": "",
    "plain_text": "",
    "contacts": [],
    "forms": [],
    "links": [
      {
        "title": "Mitglieder",
        "url": "https://oldenburg-kreis.ratsinfomanagement.net/gremien/?__=UGhVM0hpd2NXNFdFcExjZd8eH7-8qJQyybSesrBhQF5XM0luS9xNzP_aveQgS0VTkt0QfHHSamWRLbUAWIcgaVK3BESZB1ws0zjgEFVeUlU"
      }
    ],
    "metadata": {
      "agent": "politik_landkreis",
      "type": "link",
      "source": "https://oldenburg-kreis.ratsinfomanagement.net/gremien/",
      "timestamp": "2025-10-29T07:49:51.291Z",
      "compressed": true,
      "compression_ratio": 1
    }
  },
  {
    "url": "https://oldenburg-kreis.ratsinfomanagement.net/gremien/?__=UGhVM0hpd2NXNFdFcExjZTOy3PjZMIcIOxgVfZLy8zg",
    "title": "Kreistag",
    "content": "",
    "plain_text": "",
    "contacts": [],
    "forms": [],
    "links": [
      {
        "title": "Kreistag",
        "url": "https://oldenburg-kreis.ratsinfomanagement.net/gremien/?__=UGhVM0hpd2NXNFdFcExjZTOy3PjZMIcIOxgVfZLy8zg"
      }
    ],
    "metadata": {
      "agent": "politik_landkreis",
      "type": "link",
      "source": "https://oldenburg-kreis.ratsinfomanagement.net/gremien/",
      "timestamp": "2025-10-29T07:49:51.291Z",
      "compressed": true,
      "compression_ratio": 1
    }
  },
  {
    "url": "https://oldenburg-kreis.ratsinfomanagement.net/gremien/?__=UGhVM0hpd2NXNFdFcExjZcZdnK3CU-fX6OQ9MeKaIZ0",
    "title": "Kreisausschuss",
    "content": "",
    "plain_text": "",
    "contacts": [],
    "forms": [],
    "links": [
      {
        "title": "Kreisausschuss",
        "url": "https://oldenburg-kreis.ratsinfomanagement.net/gremien/?__=UGhVM0hpd2NXNFdFcExjZcZdnK3CU-fX6OQ9MeKaIZ0"
      }
    ],
    "metadata": {
      "agent": "politik_landkreis",
      "type": "link",
      "source": "https://oldenburg-kreis.ratsinfomanagement.net/gremien/",
      "timestamp": "2025-10-29T07:49:51.291Z",
      "compressed": true,
      "compression_ratio": 1
    }
  },
  {
    "url": "https://oldenburg-kreis.ratsinfomanagement.net/gremien/?__=UGhVM0hpd2NXNFdFcExjZd8eH7-8qJQyybSesrBhQF5OHdgKRkb8xFh7Atlj3JUf2EdI-3qVt6SxyvIwcfuexA",
    "title": "Gremium",
    "content": "",
    "plain_text": "",
    "contacts": [],
    "forms": [],
    "links": [
      {
        "title": "Gremium",
        "url": "https://oldenburg-kreis.ratsinfomanagement.net/gremien/?__=UGhVM0hpd2NXNFdFcExjZd8eH7-8qJQyybSesrBhQF5OHdgKRkb8xFh7Atlj3JUf2EdI-3qVt6SxyvIwcfuexA"
      }
    ],
    "metadata": {
      "agent": "politik_landkreis",
      "type": "link",
      "source": "https://oldenburg-kreis.ratsinfomanagement.net/gremien/",
      "timestamp": "2025-10-29T07:49:51.291Z",
      "compressed": true,
      "compression_ratio": 1
    }
  },
  {
    "url": "https://oldenburg-kreis.ratsinfomanagement.net/gremien/?__=UGhVM0hpd2NXNFdFcExjZd8eH7-8qJQyybSesrBhQF5OHdgKRkb8xFh7Atlj3JUfYOJmvl6uw96wLzfygVAGBN6odEayrk-OoCz14UKEn2E",
    "title": "Mitglieder",
    "content": "",
    "plain_text": "",
    "contacts": [],
    "forms": [],
    "links": [
      {
        "title": "Mitglieder",
        "url": "https://oldenburg-kreis.ratsinfomanagement.net/gremien/?__=UGhVM0hpd2NXNFdFcExjZd8eH7-8qJQyybSesrBhQF5OHdgKRkb8xFh7Atlj3JUfYOJmvl6uw96wLzfygVAGBN6odEayrk-OoCz14UKEn2E"
      }
    ],
    "metadata": {
      "agent": "politik_landkreis",
      "type": "link",
      "source": "https://oldenburg-kreis.ratsinfomanagement.net/gremien/",
      "timestamp": "2025-10-29T07:49:51.291Z",
      "compressed": true,
      "compression_ratio": 1
    }
  },
  {
    "url": "https://oldenburg-kreis.ratsinfomanagement.net/gremien/?__=UGhVM0hpd2NXNFdFcExjZRCIQV3mJ92bNZHee2rcwv0",
    "title": "Bau-, Straßen- und Brandschutzausschuss",
    "content": "",
    "plain_text": "",
    "contacts": [],
    "forms": [],
    "links": [
      {
        "title": "Bau-, Straßen- und Brandschutzausschuss",
        "url": "https://oldenburg-kreis.ratsinfomanagement.net/gremien/?__=UGhVM0hpd2NXNFdFcExjZRCIQV3mJ92bNZHee2rcwv0"
      }
    ],
    "metadata": {
      "agent": "politik_landkreis",
      "type": "link",
      "source": "https://oldenburg-kreis.ratsinfomanagement.net/gremien/",
      "timestamp": "2025-10-29T07:49:51.291Z",
      "compressed": true,
      "compression_ratio": 1
    }
  },
  {
    "url": "https://oldenburg-kreis.ratsinfomanagement.net/gremien/?__=UGhVM0hpd2NXNFdFcExjZfteBffo6ilyS0V--d3P6nc",
    "title": "Finanz- und Wirtschaftsausschuss",
    "content": "",
    "plain_text": "",
    "contacts": [],
    "forms": [],
    "links": [
      {
        "title": "Finanz- und Wirtschaftsausschuss",
        "url": "https://oldenburg-kreis.ratsinfomanagement.net/gremien/?__=UGhVM0hpd2NXNFdFcExjZfteBffo6ilyS0V--d3P6nc"
      }
    ],
    "metadata": {
      "agent": "politik_landkreis",
      "type": "link",
      "source": "https://oldenburg-kreis.ratsinfomanagement.net/gremien/",
      "timestamp": "2025-10-29T07:49:51.291Z",
      "compressed": true,
      "compression_ratio": 1
    }
  },
  {
    "url": "https://oldenburg-kreis.ratsinfomanagement.net/gremien/?__=UGhVM0hpd2NXNFdFcExjZaLSK14H4gx2z5itqDxDJgc",
    "title": "Integrations- und Gleichstellungsausschuss",
    "content": "",
    "plain_text": "",
    "contacts": [],
    "forms": [],
    "links": [
      {
        "title": "Integrations- und Gleichstellungsausschuss",
        "url": "https://oldenburg-kreis.ratsinfomanagement.net/gremien/?__=UGhVM0hpd2NXNFdFcExjZaLSK14H4gx2z5itqDxDJgc"
      }
    ],
    "metadata": {
      "agent": "politik_landkreis",
      "type": "link",
      "source": "https://oldenburg-kreis.ratsinfomanagement.net/gremien/",
      "timestamp": "2025-10-29T07:49:51.291Z",
      "compressed": true,
      "compression_ratio": 1
    }
  },
  {
    "url": "https://oldenburg-kreis.ratsinfomanagement.net/gremien/?__=UGhVM0hpd2NXNFdFcExjZTPlM6T6ZP1jtSvvm6_EVPc",
    "title": "Jugendhilfeausschuss",
    "content": "",
    "plain_text": "",
    "contacts": [],
    "forms": [],
    "links": [
      {
        "title": "Jugendhilfeausschuss",
        "url": "https://oldenburg-kreis.ratsinfomanagement.net/gremien/?__=UGhVM0hpd2NXNFdFcExjZTPlM6T6ZP1jtSvvm6_EVPc"
      }
    ],
    "metadata": {
      "agent": "politik_landkreis",
      "type": "link",
      "source": "https://oldenburg-kreis.ratsinfomanagement.net/gremien/",
      "timestamp": "2025-10-29T07:49:51.291Z",
      "compressed": true,
      "compression_ratio": 1
    }
  },
  {
    "url": "https://oldenburg-kreis.ratsinfomanagement.net/gremien/?__=UGhVM0hpd2NXNFdFcExjZVgyR5cRX7YQt_4kmzbHoiA",
    "title": "Schul- und Kulturausschuss",
    "content": "",
    "plain_text": "",
    "contacts": [],
    "forms": [],
    "links": [
      {
        "title": "Schul- und Kulturausschuss",
        "url": "https://oldenburg-kreis.ratsinfomanagement.net/gremien/?__=UGhVM0hpd2NXNFdFcExjZVgyR5cRX7YQt_4kmzbHoiA"
      }
    ],
    "metadata": {
      "agent": "politik_landkreis",
      "type": "link",
      "source": "https://oldenburg-kreis.ratsinfomanagement.net/gremien/",
      "timestamp": "2025-10-29T07:49:51.291Z",
      "compressed": true,
      "compression_ratio": 1
    }
  },
  {
    "url": "https://oldenburg-kreis.ratsinfomanagement.net/gremien/?__=UGhVM0hpd2NXNFdFcExjZcRguwzgcCkpmAwz5O5G0C0",
    "title": "Sozial- und Gesundheitsausschuss",
    "content": "",
    "plain_text": "",
    "contacts": [],
    "forms": [],
    "links": [
      {
        "title": "Sozial- und Gesundheitsausschuss",
        "url": "https://oldenburg-kreis.ratsinfomanagement.net/gremien/?__=UGhVM0hpd2NXNFdFcExjZcRguwzgcCkpmAwz5O5G0C0"
      }
    ],
    "metadata": {
      "agent": "politik_landkreis",
      "type": "link",
      "source": "https://oldenburg-kreis.ratsinfomanagement.net/gremien/",
      "timestamp": "2025-10-29T07:49:51.291Z",
      "compressed": true,
      "compression_ratio": 1
    }
  },
  {
    "url": "https://oldenburg-kreis.ratsinfomanagement.net/gremien/?__=UGhVM0hpd2NXNFdFcExjZT_Nt3DbUuQa6CUWKl7PBYM",
    "title": "Struktur- und Klimaschutzausschuss",
    "content": "",
    "plain_text": "",
    "contacts": [],
    "forms": [],
    "links": [
      {
        "title": "Struktur- und Klimaschutzausschuss",
        "url": "https://oldenburg-kreis.ratsinfomanagement.net/gremien/?__=UGhVM0hpd2NXNFdFcExjZT_Nt3DbUuQa6CUWKl7PBYM"
      }
    ],
    "metadata": {
      "agent": "politik_landkreis",
      "type": "link",
      "source": "https://oldenburg-kreis.ratsinfomanagement.net/gremien/",
      "timestamp": "2025-10-29T07:49:51.291Z",
      "compressed": true,
      "compression_ratio": 1
    }
  },
  {
    "url": "https://oldenburg-kreis.ratsinfomanagement.net/gremien/?__=UGhVM0hpd2NXNFdFcExjZe_kr0vAGgx-RDGvrMig7Gg",
    "title": "Umwelt- und Abfallwirtschaftsausschuss",
    "content": "",
    "plain_text": "",
    "contacts": [],
    "forms": [],
    "links": [
      {
        "title": "Umwelt- und Abfallwirtschaftsausschuss",
        "url": "https://oldenburg-kreis.ratsinfomanagement.net/gremien/?__=UGhVM0hpd2NXNFdFcExjZe_kr0vAGgx-RDGvrMig7Gg"
      }
    ],
    "metadata": {
      "agent": "politik_landkreis",
      "type": "link",
      "source": "https://oldenburg-kreis.ratsinfomanagement.net/gremien/",
      "timestamp": "2025-10-29T07:49:51.291Z",
      "compressed": true,
      "compression_ratio": 1
    }
  },
  {
    "url": "https://oldenburg-kreis.ratsinfomanagement.net/gremien/",
    "title": "Gremien",
    "content": "Kreistagsinformationssystem Recherche für Bürger, Politik und Verwaltung. Bildmotiv in dieser Region: Bilck aus der Vogelperspektive auf das von Bäumen umgebene Kreishaus des Landkreises Oldenburg. Bild: © Landkreis Oldenburg Kreistagsinformationssystem » Gremien Startseite News Ämter/Dezernate Gremien Fraktionen Personen Vorlagen Sitzungen Recherche Dokumente Anmeldung Benutzername Kennwort Kennwort vergessen? Gremien Diese Übersicht enthält alle zurzeit aktiven Gremien.Über die markierten Titel der Überschrift können Sie die einzelnen Informationsspalten auf- und absteigend sortieren. Kreistag und KreisausschussGremiumMitglieder Kreistag 51 Kreisausschuss 11 FachausschüsseGremiumMitglieder Bau-, Straßen- und Brandschutzausschuss 20 Finanz- und Wirtschaftsausschuss 15 Integrations- und Gleichstellungsausschuss 17 Jugendhilfeausschuss 21 Schul- und Kulturausschuss 23 Sozial- und Gesundheitsausschuss 18 Struktur- und Klimaschutzausschuss 15 Umwelt- und Abfallwirtschaftsausschuss 19",
    "plain_text": "Kreistagsinformationssystem Recherche für Bürger, Politik und Verwaltung. Bildmotiv in dieser Region: Bilck aus der Vogelperspektive auf das von Bäumen umgebene Kreishaus des Landkreises Oldenburg. Bild: © Landkreis Oldenburg Kreistagsinformationssystem » Gremien Startseite News Ämter/Dezernate Gremien Fraktionen Personen Vorlagen Sitzungen Recherche Dokumente Anmeldung Benutzername Kennwort Kennwort vergessen? Gremien Diese Übersicht enthält alle zurzeit aktiven Gremien.Über die markierten Titel der Überschrift können Sie die einzelnen Informationsspalten auf- und absteigend sortieren. Kreistag und KreisausschussGremiumMitglieder Kreistag 51 Kreisausschuss 11 FachausschüsseGremiumMitglieder Bau-, Straßen- und Brandschutzausschuss 20 Finanz- und Wirtschaftsausschuss 15 Integrations- und Gleichstellungsausschuss 17 Jugendhilfeausschuss 21 Schul- und Kulturausschuss 23 Sozial- und Gesundheitsausschuss 18 Struktur- und Klimaschutzausschuss 15 Umwelt- und Abfallwirtschaftsausschuss 19",
    "contacts": [],
    "forms": [],
    "links": [],
    "metadata": {
      "agent": "politik_landkreis",
      "type": "content",
      "source": "https://oldenburg-kreis.ratsinfomanagement.net/gremien/",
      "timestamp": "2025-10-29T07:49:51.291Z",
      "compressed": true,
      "compression_ratio": 1
    }
  },
  {
    "url": "https://www.oldenburg-kreis.de/impressum/",
    "title": "Unbekannt",
    "content": "",
    "plain_text": "",
    "contacts": [
      {
        "type": "phone",
        "value": "15000"
      }
    ],
    "forms": [],
    "links": [],
    "metadata": {
      "agent": "politik_landkreis",
      "type": "contact",
      "source": "https://www.oldenburg-kreis.de/impressum/",
      "timestamp": "2025-10-29T07:49:51.291Z",
      "compressed": true,
      "compression_ratio": 1
    }
  },
  {
    "url": "https://www.oldenburg-kreis.de/impressum/",
    "title": "Landkreis Oldenburg",
    "content": "Landkreis Oldenburg Die Datei wurde nicht gefunden. Entschuldigung. Diese Datei wurde leider nicht gefunden. Dies kann folgende Gründe haben: Sie verwenden ein altes Lesezeichen / alte Adresse. Über eine Suchmaschine haben Sie ein veraltetes Ergebnis angeklickt. Wechseln Sie bitte zur Startseite oder zur Suche, um die gewünschten Informationen zu erhalten. window.setTimeout(function() { window.location.href='https://www.oldenburg-kreis.de/portal/startseite.html'; },15000);",
    "plain_text": "Landkreis Oldenburg Die Datei wurde nicht gefunden. Entschuldigung. Diese Datei wurde leider nicht gefunden. Dies kann folgende Gründe haben: Sie verwenden ein altes Lesezeichen / alte Adresse. Über eine Suchmaschine haben Sie ein veraltetes Ergebnis angeklickt. Wechseln Sie bitte zur Startseite oder zur Suche, um die gewünschten Informationen zu erhalten. window.setTimeout(function() { window.location.href='https://www.oldenburg-kreis.de/portal/startseite.html'; },15000);",
    "contacts": [],
    "forms": [],
    "links": [],
    "metadata": {
      "agent": "politik_landkreis",
      "type": "content",
      "source": "https://www.oldenburg-kreis.de/impressum/",
      "timestamp": "2025-10-29T07:49:51.291Z",
      "compressed": true,
      "compression_ratio": 1
    }
  }
]
