[
  {
    "url": "https://www.oldenburg-kreis.de/portal/sitemap.html?naviID=900000001&brotID=900000001&id=900000003&navi_id=900000001",
    "title": "Landkreis und Verwaltung",
    "content": "",
    "plain_text": "",
    "contacts": [],
    "forms": [],
    "links": [
      {
        "title": "Landkreis und Verwaltung",
        "url": "https://www.oldenburg-kreis.de/portal/sitemap.html?naviID=900000001&brotID=900000001&id=900000003&navi_id=900000001"
      }
    ],
    "metadata": {
      "agent": "ratsinfo",
      "type": "link",
      "source": "https://www.oldenburg-kreis.de/landkreis-und-verwaltung/kreistag/",
      "timestamp": "2025-10-29T07:49:51.269Z",
      "compressed": true,
      "compression_ratio": 1
    }
  },
  {
    "url": "https://www.oldenburg-kreis.de/portal/seiten/kreistag-900000042-21700.html?naviID=900000021&brotID=900000021&rubrik=900000002",
    "title": "Kreistag",
    "content": "",
    "plain_text": "",
    "contacts": [],
    "forms": [],
    "links": [
      {
        "title": "Kreistag",
        "url": "https://www.oldenburg-kreis.de/portal/seiten/kreistag-900000042-21700.html?naviID=900000021&brotID=900000021&rubrik=900000002"
      }
    ],
    "metadata": {
      "agent": "ratsinfo",
      "type": "link",
      "source": "https://www.oldenburg-kreis.de/landkreis-und-verwaltung/kreistag/",
      "timestamp": "2025-10-29T07:49:51.269Z",
      "compressed": true,
      "compression_ratio": 1
    }
  },
  {
    "url": "https://www.oldenburg-kreis.de/landkreis-und-verwaltung/kreistag/",
    "title": "Unbekannt",
    "content": "",
    "plain_text": "",
    "contacts": [
      {
        "type": "phone",
        "value": "900000001"
      }
    ],
    "forms": [],
    "links": [],
    "metadata": {
      "agent": "ratsinfo",
      "type": "contact",
      "source": "https://www.oldenburg-kreis.de/landkreis-und-verwaltung/kreistag/",
      "timestamp": "2025-10-29T07:49:51.269Z",
      "compressed": true,
      "compression_ratio": 1
    }
  },
  {
    "url": "https://www.oldenburg-kreis.de/landkreis-und-verwaltung/kreistag/",
    "title": "Der Kreistag",
    "content": "Sie sind hier: Landkreis und Verwaltung/Kreistag{\"@context\":\"https:\\/\\/schema.org\",\"@type\":\"BreadcrumbList\",\"itemListElement\":[{\"@type\":\"ListItem\",\"position\":1,\"item\":{\"@id\":\"https:\\/\\/www.oldenburg-kreis.de\\/portal\\/sitemap.html?naviID=900000001&amp;brotID=900000001&amp;id=900000003&amp;navi_id=900000001\",\"name\":\"Landkreis und Verwaltung\"}},{\"@type\":\"ListItem\",\"position\":2,\"item\":{\"@id\":\"https:\\/\\/www.oldenburg-kreis.de\\/portal\\/seiten\\/kreistag-900000042-21700.html?naviID=900000021&amp;brotID=900000021&amp;rubrik=900000002\",\"name\":\"Kreistag\"}}]} Inhalt vorlesen Seite merken Seite drucken Der Kreistag var nLightboxOptions_a_gallerygroup3b653cc7c26b6bc9ad91411c62bd38dc = {\"duration\":\"3000\",\"autostart\":false,\"loop\":false,\"thumbnails\":false,\"buttons\":true,\"download\":true,\"description\":true,\"close\":true,\"closeIn\":false,\"closeColor\":\"\",\"accessbilityId\":\"elm_3b653cc7c26b6bc9ad91411c62bd38dc\",\"eventOpen\":null,\"eventClose\":null}; nLightboxOptions_a_gallerygroup3b653cc7c26b6bc9ad91411c62bd38dc.eventOpen=function() { jQuery('a[data-id=\"elm_3b653cc7c26b6bc9ad91411c62bd38dc\"]').attr('aria-expanded', 'true'); }; nLightboxOptions_a_gallerygroup3b653cc7c26b6bc9ad91411c62bd38dc.eventClose=function() { jQuery('a[data-id=\"elm_3b653cc7c26b6bc9ad91411c62bd38dc\"]').attr('aria-expanded', 'false').focus(); }; jQuery(document).ready(function() { if(typeof(nLightboxOptionsMod)=='object') { nLightboxOptions_a_gallerygroup3b653cc7c26b6bc9ad91411c62bd38dc = jQuery.extend({}, nLightboxOptions_a_gallerygroup3b653cc7c26b6bc9ad91411c62bd38dc, nLightboxOptionsMod); } jQuery(\"a.gallerygroup3b653cc7c26b6bc9ad91411c62bd38dc\").NLightbox(nLightboxOptions_a_gallerygroup3b653cc7c26b6bc9ad91411c62bd38dc); }); Der Kreistag ist das Hauptorgan des Landkreises Oldenburg. Seine Aufgaben sind geregelt in § 58 des Nds. Kommunalverfassungsgesetzes (NKomVG). Er setzt sich zusammen aus 50 Kreistagsabgeordneten und dem Landrat und tagt in der Regel vierteljährlich. Seine Beratungen sind grundsätzlich öffentlich. Zur Zeit besteht er aus drei Fraktionen und zwei Gruppen: der CDU-Kreistagsfraktion (15 Mitglieder) der SPD-Kreistagsfraktion (14 Mitglieder) der Gruppe BÜNDNIS 90/DIE GRÜNEN - DIE LINKE (9 Mitglieder) der Gruppe FDP / FREIE WÄHLER / UWG (9 Mitglieder) der Kreistagsfraktion AfD Niedersachsen (2 Mitglieder) Zusätzlich gehört dem Kreistag ein fraktions-/gruppenloses Mitglied an. Zur Vorbereitung seiner Entscheidungen hat der Kreistag verschiedene Kreistagsausschüsse gebildet. Nähere Informationen zum Kreistag und den Ausschüssen, sowie zu den Fraktionen und Gruppen finden Sie im Kreistagsinformationssystem, der Link ist für Sie unter „Weiterführende Seiten“ hinterlegt. Landrat Dr. Christian Pundt Vertreter des Landrates KTA Marion Daniel KTA Hajo Suhr KTA Christel Zießler Kreistagsvorsitzender KTA Hartmut Post Vertreterin des Kreistagsvorsitzenden KTA Anke Paradies Zurück NOLISManager.LayoutTemplate.spaltenAngleichen();",
    "plain_text": "Sie sind hier: Landkreis und Verwaltung/Kreistag{\"@context\":\"https:\\/\\/schema.org\",\"@type\":\"BreadcrumbList\",\"itemListElement\":[{\"@type\":\"ListItem\",\"position\":1,\"item\":{\"@id\":\"https:\\/\\/www.oldenburg-kreis.de\\/portal\\/sitemap.html?naviID=900000001&amp;brotID=900000001&amp;id=900000003&amp;navi_id=900000001\",\"name\":\"Landkreis und Verwaltung\"}},{\"@type\":\"ListItem\",\"position\":2,\"item\":{\"@id\":\"https:\\/\\/www.oldenburg-kreis.de\\/portal\\/seiten\\/kreistag-900000042-21700.html?naviID=900000021&amp;brotID=900000021&amp;rubrik=900000002\",\"name\":\"Kreistag\"}}]} Inhalt vorlesen Seite merken Seite drucken Der Kreistag var nLightboxOptions_a_gallerygroup3b653cc7c26b6bc9ad91411c62bd38dc = {\"duration\":\"3000\",\"autostart\":false,\"loop\":false,\"thumbnails\":false,\"buttons\":true,\"download\":true,\"description\":true,\"close\":true,\"closeIn\":false,\"closeColor\":\"\",\"accessbilityId\":\"elm_3b653cc7c26b6bc9ad91411c62bd38dc\",\"eventOpen\":null,\"eventClose\":null}; nLightboxOptions_a_gallerygroup3b653cc7c26b6bc9ad91411c62bd38dc.eventOpen=function() { jQuery('a[data-id=\"elm_3b653cc7c26b6bc9ad91411c62bd38dc\"]').attr('aria-expanded', 'true'); }; nLightboxOptions_a_gallerygroup3b653cc7c26b6bc9ad91411c62bd38dc.eventClose=function() { jQuery('a[data-id=\"elm_3b653cc7c26b6bc9ad91411c62bd38dc\"]').attr('aria-expanded', 'false').focus(); }; jQuery(document).ready(function() { if(typeof(nLightboxOptionsMod)=='object') { nLightboxOptions_a_gallerygroup3b653cc7c26b6bc9ad91411c62bd38dc = jQuery.extend({}, nLightboxOptions_a_gallerygroup3b653cc7c26b6bc9ad91411c62bd38dc, nLightboxOptionsMod); } jQuery(\"a.gallerygroup3b653cc7c26b6bc9ad91411c62bd38dc\").NLightbox(nLightboxOptions_a_gallerygroup3b653cc7c26b6bc9ad91411c62bd38dc); }); Der Kreistag ist das Hauptorgan des Landkreises Oldenburg. Seine Aufgaben sind geregelt in § 58 des Nds. Kommunalverfassungsgesetzes (NKomVG). Er setzt sich zusammen aus 50 Kreistagsabgeordneten und dem Landrat und tagt in der Regel vierteljährlich. Seine Beratungen sind grundsätzlich öffentlich. Zur Zeit besteht er aus drei Fraktionen und zwei Gruppen: der CDU-Kreistagsfraktion (15 Mitglieder) der SPD-Kreistagsfraktion (14 Mitglieder) der Gruppe BÜNDNIS 90/DIE GRÜNEN - DIE LINKE (9 Mitglieder) der Gruppe FDP / FREIE WÄHLER / UWG (9 Mitglieder) der Kreistagsfraktion AfD Niedersachsen (2 Mitglieder) Zusätzlich gehört dem Kreistag ein fraktions-/gruppenloses Mitglied an. Zur Vorbereitung seiner Entscheidungen hat der Kreistag verschiedene Kreistagsausschüsse gebildet. Nähere Informationen zum Kreistag und den Ausschüssen, sowie zu den Fraktionen und Gruppen finden Sie im Kreistagsinformationssystem, der Link ist für Sie unter „Weiterführende Seiten“ hinterlegt. Landrat Dr. Christian Pundt Vertreter des Landrates KTA Marion Daniel KTA Hajo Suhr KTA Christel Zießler Kreistagsvorsitzender KTA Hartmut Post Vertreterin des Kreistagsvorsitzenden KTA Anke Paradies Zurück NOLISManager.LayoutTemplate.spaltenAngleichen();",
    "contacts": [],
    "forms": [],
    "links": [],
    "metadata": {
      "agent": "ratsinfo",
      "type": "content",
      "source": "https://www.oldenburg-kreis.de/landkreis-und-verwaltung/kreistag/",
      "timestamp": "2025-10-29T07:49:51.270Z",
      "compressed": true,
      "compression_ratio": 1
    }
  },
  {
    "url": "https://www.oldenburg-kreis.de/portal/seiten/kreisverwaltung-900000137-21700.html?naviID=900000040&brotID=900000040&rubrik=900000002",
    "title": "Kreisverwaltung",
    "content": "",
    "plain_text": "",
    "contacts": [],
    "forms": [],
    "links": [
      {
        "title": "Kreisverwaltung",
        "url": "https://www.oldenburg-kreis.de/portal/seiten/kreisverwaltung-900000137-21700.html?naviID=900000040&brotID=900000040&rubrik=900000002"
      }
    ],
    "metadata": {
      "agent": "ratsinfo",
      "type": "link",
      "source": "https://www.oldenburg-kreis.de/landkreis-und-verwaltung/kreisverwaltung/",
      "timestamp": "2025-10-29T07:49:51.270Z",
      "compressed": true,
      "compression_ratio": 1
    }
  },
  {
    "url": "https://www.oldenburg-kreis.de/landkreis-und-verwaltung/kreisverwaltung/kurzvorstellung-der-aemter/amt-fuer-teilhabe-und-soziale-sicherung/",
    "title": "Amt für Teilhabe und Soziale Sicherung",
    "content": "",
    "plain_text": "",
    "contacts": [],
    "forms": [],
    "links": [
      {
        "title": "Amt für Teilhabe und Soziale Sicherung",
        "url": "https://www.oldenburg-kreis.de/landkreis-und-verwaltung/kreisverwaltung/kurzvorstellung-der-aemter/amt-fuer-teilhabe-und-soziale-sicherung/"
      }
    ],
    "metadata": {
      "agent": "ratsinfo",
      "type": "link",
      "source": "https://www.oldenburg-kreis.de/landkreis-und-verwaltung/kreisverwaltung/",
      "timestamp": "2025-10-29T07:49:51.270Z",
      "compressed": true,
      "compression_ratio": 1
    }
  },
  {
    "url": "https://www.oldenburg-kreis.de/landkreis-und-verwaltung/kreisverwaltung/kurzvorstellung-der-aemter/amt-fuer-bodenschutz-und-abfallwirtschaft/",
    "title": "Amt für Bodenschutz und Abfallwirtschaft",
    "content": "",
    "plain_text": "",
    "contacts": [],
    "forms": [],
    "links": [
      {
        "title": "Amt für Bodenschutz und Abfallwirtschaft",
        "url": "https://www.oldenburg-kreis.de/landkreis-und-verwaltung/kreisverwaltung/kurzvorstellung-der-aemter/amt-fuer-bodenschutz-und-abfallwirtschaft/"
      }
    ],
    "metadata": {
      "agent": "ratsinfo",
      "type": "link",
      "source": "https://www.oldenburg-kreis.de/landkreis-und-verwaltung/kreisverwaltung/",
      "timestamp": "2025-10-29T07:49:51.270Z",
      "compressed": true,
      "compression_ratio": 1
    }
  },
  {
    "url": "https://www.oldenburg-kreis.de/landkreis-und-verwaltung/kreisverwaltung/kurzvorstellung-der-aemter/amt-fuer-brand-und-katastrophenschutz-rettungsdienst/",
    "title": "Amt für Brand- und Katastrophenschutz, Rettungsdienst",
    "content": "",
    "plain_text": "",
    "contacts": [],
    "forms": [],
    "links": [
      {
        "title": "Amt für Brand- und Katastrophenschutz, Rettungsdienst",
        "url": "https://www.oldenburg-kreis.de/landkreis-und-verwaltung/kreisverwaltung/kurzvorstellung-der-aemter/amt-fuer-brand-und-katastrophenschutz-rettungsdienst/"
      }
    ],
    "metadata": {
      "agent": "ratsinfo",
      "type": "link",
      "source": "https://www.oldenburg-kreis.de/landkreis-und-verwaltung/kreisverwaltung/",
      "timestamp": "2025-10-29T07:49:51.270Z",
      "compressed": true,
      "compression_ratio": 1
    }
  },
  {
    "url": "https://www.oldenburg-kreis.de/landkreis-und-verwaltung/kreisverwaltung/kurzvorstellung-der-aemter/amt-fuer-regionale-entwicklung-und-naturschutz/",
    "title": "Amt für regionale Entwicklung und Naturschutz",
    "content": "",
    "plain_text": "",
    "contacts": [],
    "forms": [],
    "links": [
      {
        "title": "Amt für regionale Entwicklung und Naturschutz",
        "url": "https://www.oldenburg-kreis.de/landkreis-und-verwaltung/kreisverwaltung/kurzvorstellung-der-aemter/amt-fuer-regionale-entwicklung-und-naturschutz/"
      }
    ],
    "metadata": {
      "agent": "ratsinfo",
      "type": "link",
      "source": "https://www.oldenburg-kreis.de/landkreis-und-verwaltung/kreisverwaltung/",
      "timestamp": "2025-10-29T07:49:51.270Z",
      "compressed": true,
      "compression_ratio": 1
    }
  },
  {
    "url": "https://www.oldenburg-kreis.de/landkreis-und-verwaltung/kreisverwaltung/kurzvorstellung-der-aemter/amt-fuer-zentrale-dienste/",
    "title": "Amt für Zentrale Dienste",
    "content": "",
    "plain_text": "",
    "contacts": [],
    "forms": [],
    "links": [
      {
        "title": "Amt für Zentrale Dienste",
        "url": "https://www.oldenburg-kreis.de/landkreis-und-verwaltung/kreisverwaltung/kurzvorstellung-der-aemter/amt-fuer-zentrale-dienste/"
      }
    ],
    "metadata": {
      "agent": "ratsinfo",
      "type": "link",
      "source": "https://www.oldenburg-kreis.de/landkreis-und-verwaltung/kreisverwaltung/",
      "timestamp": "2025-10-29T07:49:51.270Z",
      "compressed": true,
      "compression_ratio": 1
    }
  },
  {
    "url": "https://www.oldenburg-kreis.de/landkreis-und-verwaltung/kreisverwaltung/kurzvorstellung-der-aemter/bauordnungsamt/",
    "title": "Bauordnungsamt",
    "content": "",
    "plain_text": "",
    "contacts": [],
    "forms": [],
    "links": [
      {
        "title": "Bauordnungsamt",
        "url": "https://www.oldenburg-kreis.de/landkreis-und-verwaltung/kreisverwaltung/kurzvorstellung-der-aemter/bauordnungsamt/"
      }
    ],
    "metadata": {
      "agent": "ratsinfo",
      "type": "link",
      "source": "https://www.oldenburg-kreis.de/landkreis-und-verwaltung/kreisverwaltung/",
      "timestamp": "2025-10-29T07:49:51.270Z",
      "compressed": true,
      "compression_ratio": 1
    }
  },
  {
    "url": "https://www.oldenburg-kreis.de/landkreis-und-verwaltung/kreisverwaltung/kurzvorstellung-der-aemter/gesundheitsamt/",
    "title": "Gesundheitsamt",
    "content": "",
    "plain_text": "",
    "contacts": [],
    "forms": [],
    "links": [
      {
        "title": "Gesundheitsamt",
        "url": "https://www.oldenburg-kreis.de/landkreis-und-verwaltung/kreisverwaltung/kurzvorstellung-der-aemter/gesundheitsamt/"
      }
    ],
    "metadata": {
      "agent": "ratsinfo",
      "type": "link",
      "source": "https://www.oldenburg-kreis.de/landkreis-und-verwaltung/kreisverwaltung/",
      "timestamp": "2025-10-29T07:49:51.270Z",
      "compressed": true,
      "compression_ratio": 1
    }
  },
  {
    "url": "https://www.oldenburg-kreis.de/landkreis-und-verwaltung/kreisverwaltung/kurzvorstellung-der-aemter/jobcenter/",
    "title": "Jobcenter",
    "content": "",
    "plain_text": "",
    "contacts": [],
    "forms": [],
    "links": [
      {
        "title": "Jobcenter",
        "url": "https://www.oldenburg-kreis.de/landkreis-und-verwaltung/kreisverwaltung/kurzvorstellung-der-aemter/jobcenter/"
      }
    ],
    "metadata": {
      "agent": "ratsinfo",
      "type": "link",
      "source": "https://www.oldenburg-kreis.de/landkreis-und-verwaltung/kreisverwaltung/",
      "timestamp": "2025-10-29T07:49:51.270Z",
      "compressed": true,
      "compression_ratio": 1
    }
  },
  {
    "url": "https://www.oldenburg-kreis.de/landkreis-und-verwaltung/kreisverwaltung/kurzvorstellung-der-aemter/jugendamt/",
    "title": "Jugendamt",
    "content": "",
    "plain_text": "",
    "contacts": [],
    "forms": [],
    "links": [
      {
        "title": "Jugendamt",
        "url": "https://www.oldenburg-kreis.de/landkreis-und-verwaltung/kreisverwaltung/kurzvorstellung-der-aemter/jugendamt/"
      }
    ],
    "metadata": {
      "agent": "ratsinfo",
      "type": "link",
      "source": "https://www.oldenburg-kreis.de/landkreis-und-verwaltung/kreisverwaltung/",
      "timestamp": "2025-10-29T07:49:51.270Z",
      "compressed": true,
      "compression_ratio": 1
    }
  },
  {
    "url": "https://www.oldenburg-kreis.de/landkreis-und-verwaltung/kreisverwaltung/kurzvorstellung-der-aemter/kaemmerei-kreiskasse/",
    "title": "Kämmerei / Kreiskasse",
    "content": "",
    "plain_text": "",
    "contacts": [],
    "forms": [],
    "links": [
      {
        "title": "Kämmerei / Kreiskasse",
        "url": "https://www.oldenburg-kreis.de/landkreis-und-verwaltung/kreisverwaltung/kurzvorstellung-der-aemter/kaemmerei-kreiskasse/"
      }
    ],
    "metadata": {
      "agent": "ratsinfo",
      "type": "link",
      "source": "https://www.oldenburg-kreis.de/landkreis-und-verwaltung/kreisverwaltung/",
      "timestamp": "2025-10-29T07:49:51.270Z",
      "compressed": true,
      "compression_ratio": 1
    }
  },
  {
    "url": "https://www.oldenburg-kreis.de/landkreis-und-verwaltung/kreisverwaltung/kurzvorstellung-der-aemter/ordnungsamt/",
    "title": "Ordnungsamt",
    "content": "",
    "plain_text": "",
    "contacts": [],
    "forms": [],
    "links": [
      {
        "title": "Ordnungsamt",
        "url": "https://www.oldenburg-kreis.de/landkreis-und-verwaltung/kreisverwaltung/kurzvorstellung-der-aemter/ordnungsamt/"
      }
    ],
    "metadata": {
      "agent": "ratsinfo",
      "type": "link",
      "source": "https://www.oldenburg-kreis.de/landkreis-und-verwaltung/kreisverwaltung/",
      "timestamp": "2025-10-29T07:49:51.270Z",
      "compressed": true,
      "compression_ratio": 1
    }
  },
  {
    "url": "https://www.oldenburg-kreis.de/landkreis-und-verwaltung/kreisverwaltung/kurzvorstellung-der-aemter/rechnungspruefungsamt/",
    "title": "Rechnungsprüfungsamt",
    "content": "",
    "plain_text": "",
    "contacts": [],
    "forms": [],
    "links": [
      {
        "title": "Rechnungsprüfungsamt",
        "url": "https://www.oldenburg-kreis.de/landkreis-und-verwaltung/kreisverwaltung/kurzvorstellung-der-aemter/rechnungspruefungsamt/"
      }
    ],
    "metadata": {
      "agent": "ratsinfo",
      "type": "link",
      "source": "https://www.oldenburg-kreis.de/landkreis-und-verwaltung/kreisverwaltung/",
      "timestamp": "2025-10-29T07:49:51.270Z",
      "compressed": true,
      "compression_ratio": 1
    }
  },
  {
    "url": "https://www.oldenburg-kreis.de/landkreis-und-verwaltung/kreisverwaltung/kurzvorstellung-der-aemter/rechtsamt/",
    "title": "Rechtsamt",
    "content": "",
    "plain_text": "",
    "contacts": [],
    "forms": [],
    "links": [
      {
        "title": "Rechtsamt",
        "url": "https://www.oldenburg-kreis.de/landkreis-und-verwaltung/kreisverwaltung/kurzvorstellung-der-aemter/rechtsamt/"
      }
    ],
    "metadata": {
      "agent": "ratsinfo",
      "type": "link",
      "source": "https://www.oldenburg-kreis.de/landkreis-und-verwaltung/kreisverwaltung/",
      "timestamp": "2025-10-29T07:49:51.270Z",
      "compressed": true,
      "compression_ratio": 1
    }
  },
  {
    "url": "https://www.oldenburg-kreis.de/landkreis-und-verwaltung/kreisverwaltung/kurzvorstellung-der-aemter/schulamt-und-hochbau/",
    "title": "Schulamt und Hochbau",
    "content": "",
    "plain_text": "",
    "contacts": [],
    "forms": [],
    "links": [
      {
        "title": "Schulamt und Hochbau",
        "url": "https://www.oldenburg-kreis.de/landkreis-und-verwaltung/kreisverwaltung/kurzvorstellung-der-aemter/schulamt-und-hochbau/"
      }
    ],
    "metadata": {
      "agent": "ratsinfo",
      "type": "link",
      "source": "https://www.oldenburg-kreis.de/landkreis-und-verwaltung/kreisverwaltung/",
      "timestamp": "2025-10-29T07:49:51.270Z",
      "compressed": true,
      "compression_ratio": 1
    }
  },
  {
    "url": "https://www.oldenburg-kreis.de/landkreis-und-verwaltung/kreisverwaltung/kurzvorstellung-der-aemter/strassenverkehrsamt/",
    "title": "Straßenverkehrsamt",
    "content": "",
    "plain_text": "",
    "contacts": [],
    "forms": [],
    "links": [
      {
        "title": "Straßenverkehrsamt",
        "url": "https://www.oldenburg-kreis.de/landkreis-und-verwaltung/kreisverwaltung/kurzvorstellung-der-aemter/strassenverkehrsamt/"
      }
    ],
    "metadata": {
      "agent": "ratsinfo",
      "type": "link",
      "source": "https://www.oldenburg-kreis.de/landkreis-und-verwaltung/kreisverwaltung/",
      "timestamp": "2025-10-29T07:49:51.270Z",
      "compressed": true,
      "compression_ratio": 1
    }
  },
  {
    "url": "https://www.oldenburg-kreis.de/landkreis-und-verwaltung/kreisverwaltung/kurzvorstellung-der-aemter/veterinaeramt/",
    "title": "Veterinäramt",
    "content": "",
    "plain_text": "",
    "contacts": [],
    "forms": [],
    "links": [
      {
        "title": "Veterinäramt",
        "url": "https://www.oldenburg-kreis.de/landkreis-und-verwaltung/kreisverwaltung/kurzvorstellung-der-aemter/veterinaeramt/"
      }
    ],
    "metadata": {
      "agent": "ratsinfo",
      "type": "link",
      "source": "https://www.oldenburg-kreis.de/landkreis-und-verwaltung/kreisverwaltung/",
      "timestamp": "2025-10-29T07:49:51.270Z",
      "compressed": true,
      "compression_ratio": 1
    }
  },
  {
    "url": "https://www.oldenburg-kreis.de/buergerservice/verwaltung/landrat-900000478-21700.html?titel=Landrat",
    "title": "Landrat",
    "content": "",
    "plain_text": "",
    "contacts": [],
    "forms": [],
    "links": [
      {
        "title": "Landrat",
        "url": "https://www.oldenburg-kreis.de/buergerservice/verwaltung/landrat-900000478-21700.html?titel=Landrat"
      }
    ],
    "metadata": {
      "agent": "ratsinfo",
      "type": "link",
      "source": "https://www.oldenburg-kreis.de/landkreis-und-verwaltung/kreisverwaltung/",
      "timestamp": "2025-10-29T07:49:51.270Z",
      "compressed": true,
      "compression_ratio": 1
    }
  },
  {
    "url": "https://www.oldenburg-kreis.de/buergerservice/verwaltung/fachstelle-integration-900001176-21700.html?titel=Fachstelle+Integration",
    "title": "Fachstelle Integration",
    "content": "",
    "plain_text": "",
    "contacts": [],
    "forms": [],
    "links": [
      {
        "title": "Fachstelle Integration",
        "url": "https://www.oldenburg-kreis.de/buergerservice/verwaltung/fachstelle-integration-900001176-21700.html?titel=Fachstelle+Integration"
      }
    ],
    "metadata": {
      "agent": "ratsinfo",
      "type": "link",
      "source": "https://www.oldenburg-kreis.de/landkreis-und-verwaltung/kreisverwaltung/",
      "timestamp": "2025-10-29T07:49:51.270Z",
      "compressed": true,
      "compression_ratio": 1
    }
  },
  {
    "url": "https://www.oldenburg-kreis.de/buergerservice/verwaltung/gleichstellungsbeauftragte-900000005-21700.html?titel=Gleichstellungsbeauftragte",
    "title": "Gleichstellungsbeauftragte",
    "content": "",
    "plain_text": "",
    "contacts": [],
    "forms": [],
    "links": [
      {
        "title": "Gleichstellungsbeauftragte",
        "url": "https://www.oldenburg-kreis.de/buergerservice/verwaltung/gleichstellungsbeauftragte-900000005-21700.html?titel=Gleichstellungsbeauftragte"
      }
    ],
    "metadata": {
      "agent": "ratsinfo",
      "type": "link",
      "source": "https://www.oldenburg-kreis.de/landkreis-und-verwaltung/kreisverwaltung/",
      "timestamp": "2025-10-29T07:49:51.270Z",
      "compressed": true,
      "compression_ratio": 1
    }
  },
  {
    "url": "https://www.oldenburg-kreis.de/buergerservice/verwaltung/klimaschutz-900001177-21700.html?titel=Klimaschutz",
    "title": "Klimaschutz",
    "content": "",
    "plain_text": "",
    "contacts": [],
    "forms": [],
    "links": [
      {
        "title": "Klimaschutz",
        "url": "https://www.oldenburg-kreis.de/buergerservice/verwaltung/klimaschutz-900001177-21700.html?titel=Klimaschutz"
      }
    ],
    "metadata": {
      "agent": "ratsinfo",
      "type": "link",
      "source": "https://www.oldenburg-kreis.de/landkreis-und-verwaltung/kreisverwaltung/",
      "timestamp": "2025-10-29T07:49:51.270Z",
      "compressed": true,
      "compression_ratio": 1
    }
  },
  {
    "url": "https://www.oldenburg-kreis.de/buergerservice/verwaltung/rechnungspruefungsamt-900000006-21700.html?titel=Rechnungspr%C3%BCfungsamt",
    "title": "Rechnungsprüfungsamt",
    "content": "",
    "plain_text": "",
    "contacts": [],
    "forms": [],
    "links": [
      {
        "title": "Rechnungsprüfungsamt",
        "url": "https://www.oldenburg-kreis.de/buergerservice/verwaltung/rechnungspruefungsamt-900000006-21700.html?titel=Rechnungspr%C3%BCfungsamt"
      }
    ],
    "metadata": {
      "agent": "ratsinfo",
      "type": "link",
      "source": "https://www.oldenburg-kreis.de/landkreis-und-verwaltung/kreisverwaltung/",
      "timestamp": "2025-10-29T07:49:51.270Z",
      "compressed": true,
      "compression_ratio": 1
    }
  },
  {
    "url": "https://www.oldenburg-kreis.de/buergerservice/verwaltung/dezernat-i-bau-900000001-21700.html?titel=Dezernat+I+%22Bau%22",
    "title": "Dezernat I \"Bau\"",
    "content": "",
    "plain_text": "",
    "contacts": [],
    "forms": [],
    "links": [
      {
        "title": "Dezernat I \"Bau\"",
        "url": "https://www.oldenburg-kreis.de/buergerservice/verwaltung/dezernat-i-bau-900000001-21700.html?titel=Dezernat+I+%22Bau%22"
      }
    ],
    "metadata": {
      "agent": "ratsinfo",
      "type": "link",
      "source": "https://www.oldenburg-kreis.de/landkreis-und-verwaltung/kreisverwaltung/",
      "timestamp": "2025-10-29T07:49:51.270Z",
      "compressed": true,
      "compression_ratio": 1
    }
  },
  {
    "url": "https://www.oldenburg-kreis.de/buergerservice/verwaltung/bauordnungsamt-900000007-21700.html?titel=Bauordnungsamt",
    "title": "Bauordnungsamt",
    "content": "",
    "plain_text": "",
    "contacts": [],
    "forms": [],
    "links": [
      {
        "title": "Bauordnungsamt",
        "url": "https://www.oldenburg-kreis.de/buergerservice/verwaltung/bauordnungsamt-900000007-21700.html?titel=Bauordnungsamt"
      }
    ],
    "metadata": {
      "agent": "ratsinfo",
      "type": "link",
      "source": "https://www.oldenburg-kreis.de/landkreis-und-verwaltung/kreisverwaltung/",
      "timestamp": "2025-10-29T07:49:51.270Z",
      "compressed": true,
      "compression_ratio": 1
    }
  },
  {
    "url": "https://www.oldenburg-kreis.de/buergerservice/verwaltung/amt-fuer-regionale-entwicklung-und-naturschutz-900000009-21700.html?titel=Amt+f%C3%BCr+regionale+Entwicklung+und+Naturschutz",
    "title": "Amt für regionale Entwicklung und Naturschutz",
    "content": "",
    "plain_text": "",
    "contacts": [],
    "forms": [],
    "links": [
      {
        "title": "Amt für regionale Entwicklung und Naturschutz",
        "url": "https://www.oldenburg-kreis.de/buergerservice/verwaltung/amt-fuer-regionale-entwicklung-und-naturschutz-900000009-21700.html?titel=Amt+f%C3%BCr+regionale+Entwicklung+und+Naturschutz"
      }
    ],
    "metadata": {
      "agent": "ratsinfo",
      "type": "link",
      "source": "https://www.oldenburg-kreis.de/landkreis-und-verwaltung/kreisverwaltung/",
      "timestamp": "2025-10-29T07:49:51.270Z",
      "compressed": true,
      "compression_ratio": 1
    }
  },
  {
    "url": "https://www.oldenburg-kreis.de/buergerservice/verwaltung/amt-fuer-bodenschutz-und-abfallwirtschaft-900000008-21700.html?titel=Amt+f%C3%BCr+Bodenschutz+und+Abfallwirtschaft",
    "title": "Amt für Bodenschutz und Abfallwirtschaft",
    "content": "",
    "plain_text": "",
    "contacts": [],
    "forms": [],
    "links": [
      {
        "title": "Amt für Bodenschutz und Abfallwirtschaft",
        "url": "https://www.oldenburg-kreis.de/buergerservice/verwaltung/amt-fuer-bodenschutz-und-abfallwirtschaft-900000008-21700.html?titel=Amt+f%C3%BCr+Bodenschutz+und+Abfallwirtschaft"
      }
    ],
    "metadata": {
      "agent": "ratsinfo",
      "type": "link",
      "source": "https://www.oldenburg-kreis.de/landkreis-und-verwaltung/kreisverwaltung/",
      "timestamp": "2025-10-29T07:49:51.270Z",
      "compressed": true,
      "compression_ratio": 1
    }
  },
  {
    "url": "https://www.oldenburg-kreis.de/buergerservice/verwaltung/dezernat-ii-innere-verwaltung-und-schulen-900000002-21700.html?titel=Dezernat+II+%22Innere+Verwaltung+und+Schulen%22",
    "title": "Dezernat II \"Innere Verwaltung und Schulen\"",
    "content": "",
    "plain_text": "",
    "contacts": [],
    "forms": [],
    "links": [
      {
        "title": "Dezernat II \"Innere Verwaltung und Schulen\"",
        "url": "https://www.oldenburg-kreis.de/buergerservice/verwaltung/dezernat-ii-innere-verwaltung-und-schulen-900000002-21700.html?titel=Dezernat+II+%22Innere+Verwaltung+und+Schulen%22"
      }
    ],
    "metadata": {
      "agent": "ratsinfo",
      "type": "link",
      "source": "https://www.oldenburg-kreis.de/landkreis-und-verwaltung/kreisverwaltung/",
      "timestamp": "2025-10-29T07:49:51.270Z",
      "compressed": true,
      "compression_ratio": 1
    }
  },
  {
    "url": "https://www.oldenburg-kreis.de/buergerservice/verwaltung/amt-fuer-zentrale-dienste-900000010-21700.html?titel=Amt+f%C3%BCr+Zentrale+Dienste",
    "title": "Amt für Zentrale Dienste",
    "content": "",
    "plain_text": "",
    "contacts": [],
    "forms": [],
    "links": [
      {
        "title": "Amt für Zentrale Dienste",
        "url": "https://www.oldenburg-kreis.de/buergerservice/verwaltung/amt-fuer-zentrale-dienste-900000010-21700.html?titel=Amt+f%C3%BCr+Zentrale+Dienste"
      }
    ],
    "metadata": {
      "agent": "ratsinfo",
      "type": "link",
      "source": "https://www.oldenburg-kreis.de/landkreis-und-verwaltung/kreisverwaltung/",
      "timestamp": "2025-10-29T07:49:51.270Z",
      "compressed": true,
      "compression_ratio": 1
    }
  },
  {
    "url": "https://www.oldenburg-kreis.de/buergerservice/verwaltung/kaemmerei-kreiskasse-900000011-21700.html?titel=K%C3%A4mmerei+%2F+Kreiskasse",
    "title": "Kämmerei / Kreiskasse",
    "content": "",
    "plain_text": "",
    "contacts": [],
    "forms": [],
    "links": [
      {
        "title": "Kämmerei / Kreiskasse",
        "url": "https://www.oldenburg-kreis.de/buergerservice/verwaltung/kaemmerei-kreiskasse-900000011-21700.html?titel=K%C3%A4mmerei+%2F+Kreiskasse"
      }
    ],
    "metadata": {
      "agent": "ratsinfo",
      "type": "link",
      "source": "https://www.oldenburg-kreis.de/landkreis-und-verwaltung/kreisverwaltung/",
      "timestamp": "2025-10-29T07:49:51.270Z",
      "compressed": true,
      "compression_ratio": 1
    }
  },
  {
    "url": "https://www.oldenburg-kreis.de/buergerservice/verwaltung/schulamt-hochbau-900000013-21700.html?titel=Schulamt%2C+Hochbau",
    "title": "Schulamt, Hochbau",
    "content": "",
    "plain_text": "",
    "contacts": [],
    "forms": [],
    "links": [
      {
        "title": "Schulamt, Hochbau",
        "url": "https://www.oldenburg-kreis.de/buergerservice/verwaltung/schulamt-hochbau-900000013-21700.html?titel=Schulamt%2C+Hochbau"
      }
    ],
    "metadata": {
      "agent": "ratsinfo",
      "type": "link",
      "source": "https://www.oldenburg-kreis.de/landkreis-und-verwaltung/kreisverwaltung/",
      "timestamp": "2025-10-29T07:49:51.270Z",
      "compressed": true,
      "compression_ratio": 1
    }
  },
  {
    "url": "https://www.oldenburg-kreis.de/buergerservice/verwaltung/dezernat-iii-ordnung-und-recht-900000003-21700.html?titel=Dezernat+III+%22Ordnung+und+Recht%22",
    "title": "Dezernat III \"Ordnung und Recht\"",
    "content": "",
    "plain_text": "",
    "contacts": [],
    "forms": [],
    "links": [
      {
        "title": "Dezernat III \"Ordnung und Recht\"",
        "url": "https://www.oldenburg-kreis.de/buergerservice/verwaltung/dezernat-iii-ordnung-und-recht-900000003-21700.html?titel=Dezernat+III+%22Ordnung+und+Recht%22"
      }
    ],
    "metadata": {
      "agent": "ratsinfo",
      "type": "link",
      "source": "https://www.oldenburg-kreis.de/landkreis-und-verwaltung/kreisverwaltung/",
      "timestamp": "2025-10-29T07:49:51.270Z",
      "compressed": true,
      "compression_ratio": 1
    }
  },
  {
    "url": "https://www.oldenburg-kreis.de/buergerservice/verwaltung/ordnungsamt-900000015-21700.html?titel=Ordnungsamt",
    "title": "Ordnungsamt",
    "content": "",
    "plain_text": "",
    "contacts": [],
    "forms": [],
    "links": [
      {
        "title": "Ordnungsamt",
        "url": "https://www.oldenburg-kreis.de/buergerservice/verwaltung/ordnungsamt-900000015-21700.html?titel=Ordnungsamt"
      }
    ],
    "metadata": {
      "agent": "ratsinfo",
      "type": "link",
      "source": "https://www.oldenburg-kreis.de/landkreis-und-verwaltung/kreisverwaltung/",
      "timestamp": "2025-10-29T07:49:51.270Z",
      "compressed": true,
      "compression_ratio": 1
    }
  },
  {
    "url": "https://www.oldenburg-kreis.de/buergerservice/verwaltung/rechtsamt-900000014-21700.html?titel=Rechtsamt",
    "title": "Rechtsamt",
    "content": "",
    "plain_text": "",
    "contacts": [],
    "forms": [],
    "links": [
      {
        "title": "Rechtsamt",
        "url": "https://www.oldenburg-kreis.de/buergerservice/verwaltung/rechtsamt-900000014-21700.html?titel=Rechtsamt"
      }
    ],
    "metadata": {
      "agent": "ratsinfo",
      "type": "link",
      "source": "https://www.oldenburg-kreis.de/landkreis-und-verwaltung/kreisverwaltung/",
      "timestamp": "2025-10-29T07:49:51.270Z",
      "compressed": true,
      "compression_ratio": 1
    }
  },
  {
    "url": "https://www.oldenburg-kreis.de/buergerservice/verwaltung/amt-fuer-brand-und-katastrophenschutz-rettungsdienst-900001018-21700.html?titel=Amt+f%C3%BCr+Brand-++und+Katastrophenschutz%2C+Rettungsdienst",
    "title": "Amt für Brand-  und Katastrophenschutz, Rettungsdienst",
    "content": "",
    "plain_text": "",
    "contacts": [],
    "forms": [],
    "links": [
      {
        "title": "Amt für Brand-  und Katastrophenschutz, Rettungsdienst",
        "url": "https://www.oldenburg-kreis.de/buergerservice/verwaltung/amt-fuer-brand-und-katastrophenschutz-rettungsdienst-900001018-21700.html?titel=Amt+f%C3%BCr+Brand-++und+Katastrophenschutz%2C+Rettungsdienst"
      }
    ],
    "metadata": {
      "agent": "ratsinfo",
      "type": "link",
      "source": "https://www.oldenburg-kreis.de/landkreis-und-verwaltung/kreisverwaltung/",
      "timestamp": "2025-10-29T07:49:51.270Z",
      "compressed": true,
      "compression_ratio": 1
    }
  },
  {
    "url": "https://www.oldenburg-kreis.de/buergerservice/verwaltung/strassenverkehrsamt-900000016-21700.html?titel=Stra%C3%9Fenverkehrsamt",
    "title": "Straßenverkehrsamt",
    "content": "",
    "plain_text": "",
    "contacts": [],
    "forms": [],
    "links": [
      {
        "title": "Straßenverkehrsamt",
        "url": "https://www.oldenburg-kreis.de/buergerservice/verwaltung/strassenverkehrsamt-900000016-21700.html?titel=Stra%C3%9Fenverkehrsamt"
      }
    ],
    "metadata": {
      "agent": "ratsinfo",
      "type": "link",
      "source": "https://www.oldenburg-kreis.de/landkreis-und-verwaltung/kreisverwaltung/",
      "timestamp": "2025-10-29T07:49:51.270Z",
      "compressed": true,
      "compression_ratio": 1
    }
  },
  {
    "url": "https://www.oldenburg-kreis.de/buergerservice/verwaltung/fuehrerscheinstelle-900001209-21700.html?titel=F%C3%BChrerscheinstelle",
    "title": "Führerscheinstelle",
    "content": "",
    "plain_text": "",
    "contacts": [],
    "forms": [],
    "links": [
      {
        "title": "Führerscheinstelle",
        "url": "https://www.oldenburg-kreis.de/buergerservice/verwaltung/fuehrerscheinstelle-900001209-21700.html?titel=F%C3%BChrerscheinstelle"
      }
    ],
    "metadata": {
      "agent": "ratsinfo",
      "type": "link",
      "source": "https://www.oldenburg-kreis.de/landkreis-und-verwaltung/kreisverwaltung/",
      "timestamp": "2025-10-29T07:49:51.270Z",
      "compressed": true,
      "compression_ratio": 1
    }
  },
  {
    "url": "https://www.oldenburg-kreis.de/buergerservice/verwaltung/kfz-zulassungsstelle-900001210-21700.html?titel=Kfz-Zulassungsstelle",
    "title": "Kfz-Zulassungsstelle",
    "content": "",
    "plain_text": "",
    "contacts": [],
    "forms": [],
    "links": [
      {
        "title": "Kfz-Zulassungsstelle",
        "url": "https://www.oldenburg-kreis.de/buergerservice/verwaltung/kfz-zulassungsstelle-900001210-21700.html?titel=Kfz-Zulassungsstelle"
      }
    ],
    "metadata": {
      "agent": "ratsinfo",
      "type": "link",
      "source": "https://www.oldenburg-kreis.de/landkreis-und-verwaltung/kreisverwaltung/",
      "timestamp": "2025-10-29T07:49:51.270Z",
      "compressed": true,
      "compression_ratio": 1
    }
  },
  {
    "url": "https://www.oldenburg-kreis.de/buergerservice/verwaltung/veterinaeramt-900000017-21700.html?titel=Veterin%C3%A4ramt",
    "title": "Veterinäramt",
    "content": "",
    "plain_text": "",
    "contacts": [],
    "forms": [],
    "links": [
      {
        "title": "Veterinäramt",
        "url": "https://www.oldenburg-kreis.de/buergerservice/verwaltung/veterinaeramt-900000017-21700.html?titel=Veterin%C3%A4ramt"
      }
    ],
    "metadata": {
      "agent": "ratsinfo",
      "type": "link",
      "source": "https://www.oldenburg-kreis.de/landkreis-und-verwaltung/kreisverwaltung/",
      "timestamp": "2025-10-29T07:49:51.270Z",
      "compressed": true,
      "compression_ratio": 1
    }
  },
  {
    "url": "https://www.oldenburg-kreis.de/buergerservice/verwaltung/dezernat-iv-soziales-900000004-21700.html?titel=Dezernat+IV+%22Soziales%22",
    "title": "Dezernat IV \"Soziales\"",
    "content": "",
    "plain_text": "",
    "contacts": [],
    "forms": [],
    "links": [
      {
        "title": "Dezernat IV \"Soziales\"",
        "url": "https://www.oldenburg-kreis.de/buergerservice/verwaltung/dezernat-iv-soziales-900000004-21700.html?titel=Dezernat+IV+%22Soziales%22"
      }
    ],
    "metadata": {
      "agent": "ratsinfo",
      "type": "link",
      "source": "https://www.oldenburg-kreis.de/landkreis-und-verwaltung/kreisverwaltung/",
      "timestamp": "2025-10-29T07:49:51.270Z",
      "compressed": true,
      "compression_ratio": 1
    }
  },
  {
    "url": "https://www.oldenburg-kreis.de/buergerservice/verwaltung/amt-fuer-teilhabe-und-soziale-sicherung-900000018-21700.html?titel=Amt+f%C3%BCr+Teilhabe+und+Soziale+Sicherung",
    "title": "Amt für Teilhabe und Soziale Sicherung",
    "content": "",
    "plain_text": "",
    "contacts": [],
    "forms": [],
    "links": [
      {
        "title": "Amt für Teilhabe und Soziale Sicherung",
        "url": "https://www.oldenburg-kreis.de/buergerservice/verwaltung/amt-fuer-teilhabe-und-soziale-sicherung-900000018-21700.html?titel=Amt+f%C3%BCr+Teilhabe+und+Soziale+Sicherung"
      }
    ],
    "metadata": {
      "agent": "ratsinfo",
      "type": "link",
      "source": "https://www.oldenburg-kreis.de/landkreis-und-verwaltung/kreisverwaltung/",
      "timestamp": "2025-10-29T07:49:51.270Z",
      "compressed": true,
      "compression_ratio": 1
    }
  },
  {
    "url": "https://www.oldenburg-kreis.de/buergerservice/verwaltung/gesundheitsamt-900000019-21700.html?titel=Gesundheitsamt",
    "title": "Gesundheitsamt",
    "content": "",
    "plain_text": "",
    "contacts": [],
    "forms": [],
    "links": [
      {
        "title": "Gesundheitsamt",
        "url": "https://www.oldenburg-kreis.de/buergerservice/verwaltung/gesundheitsamt-900000019-21700.html?titel=Gesundheitsamt"
      }
    ],
    "metadata": {
      "agent": "ratsinfo",
      "type": "link",
      "source": "https://www.oldenburg-kreis.de/landkreis-und-verwaltung/kreisverwaltung/",
      "timestamp": "2025-10-29T07:49:51.270Z",
      "compressed": true,
      "compression_ratio": 1
    }
  },
  {
    "url": "https://www.oldenburg-kreis.de/buergerservice/verwaltung/landkreis-oldenburg-jugendamt-900000020-21700.html?titel=Landkreis+Oldenburg+-+Jugendamt",
    "title": "Landkreis Oldenburg - Jugendamt",
    "content": "",
    "plain_text": "",
    "contacts": [],
    "forms": [],
    "links": [
      {
        "title": "Landkreis Oldenburg - Jugendamt",
        "url": "https://www.oldenburg-kreis.de/buergerservice/verwaltung/landkreis-oldenburg-jugendamt-900000020-21700.html?titel=Landkreis+Oldenburg+-+Jugendamt"
      }
    ],
    "metadata": {
      "agent": "ratsinfo",
      "type": "link",
      "source": "https://www.oldenburg-kreis.de/landkreis-und-verwaltung/kreisverwaltung/",
      "timestamp": "2025-10-29T07:49:51.270Z",
      "compressed": true,
      "compression_ratio": 1
    }
  },
  {
    "url": "https://www.oldenburg-kreis.de/buergerservice/verwaltung/jobcenter-900000516-21700.html?titel=Jobcenter",
    "title": "Jobcenter",
    "content": "",
    "plain_text": "",
    "contacts": [],
    "forms": [],
    "links": [
      {
        "title": "Jobcenter",
        "url": "https://www.oldenburg-kreis.de/buergerservice/verwaltung/jobcenter-900000516-21700.html?titel=Jobcenter"
      }
    ],
    "metadata": {
      "agent": "ratsinfo",
      "type": "link",
      "source": "https://www.oldenburg-kreis.de/landkreis-und-verwaltung/kreisverwaltung/",
      "timestamp": "2025-10-29T07:49:51.270Z",
      "compressed": true,
      "compression_ratio": 1
    }
  },
  {
    "url": "https://www.oldenburg-kreis.de/buergerservice/verwaltung/einheitlicher-ansprechpartner-900000690-21700.html?titel=Einheitlicher+Ansprechpartner",
    "title": "Einheitlicher Ansprechpartner",
    "content": "",
    "plain_text": "",
    "contacts": [],
    "forms": [],
    "links": [
      {
        "title": "Einheitlicher Ansprechpartner",
        "url": "https://www.oldenburg-kreis.de/buergerservice/verwaltung/einheitlicher-ansprechpartner-900000690-21700.html?titel=Einheitlicher+Ansprechpartner"
      }
    ],
    "metadata": {
      "agent": "ratsinfo",
      "type": "link",
      "source": "https://www.oldenburg-kreis.de/landkreis-und-verwaltung/kreisverwaltung/",
      "timestamp": "2025-10-29T07:49:51.270Z",
      "compressed": true,
      "compression_ratio": 1
    }
  },
  {
    "url": "https://www.oldenburg-kreis.de/buergerservice/verwaltung/kdo-it-service-900001237-21700.html?titel=KDO-IT-Service",
    "title": "KDO-IT-Service",
    "content": "",
    "plain_text": "",
    "contacts": [],
    "forms": [],
    "links": [
      {
        "title": "KDO-IT-Service",
        "url": "https://www.oldenburg-kreis.de/buergerservice/verwaltung/kdo-it-service-900001237-21700.html?titel=KDO-IT-Service"
      }
    ],
    "metadata": {
      "agent": "ratsinfo",
      "type": "link",
      "source": "https://www.oldenburg-kreis.de/landkreis-und-verwaltung/kreisverwaltung/",
      "timestamp": "2025-10-29T07:49:51.270Z",
      "compressed": true,
      "compression_ratio": 1
    }
  },
  {
    "url": "https://www.oldenburg-kreis.de/landkreis-und-verwaltung/kreisverwaltung/",
    "title": "Unbekannt",
    "content": "",
    "plain_text": "",
    "contacts": [
      {
        "type": "phone",
        "value": "900000001"
      }
    ],
    "forms": [],
    "links": [],
    "metadata": {
      "agent": "ratsinfo",
      "type": "contact",
      "source": "https://www.oldenburg-kreis.de/landkreis-und-verwaltung/kreisverwaltung/",
      "timestamp": "2025-10-29T07:49:51.270Z",
      "compressed": true,
      "compression_ratio": 1
    }
  },
  {
    "url": "https://www.oldenburg-kreis.de/landkreis-und-verwaltung/kreisverwaltung/",
    "title": "Die Kreisverwaltung",
    "content": "Sie sind hier: Landkreis und Verwaltung/Kreisverwaltung{\"@context\":\"https:\\/\\/schema.org\",\"@type\":\"BreadcrumbList\",\"itemListElement\":[{\"@type\":\"ListItem\",\"position\":1,\"item\":{\"@id\":\"https:\\/\\/www.oldenburg-kreis.de\\/portal\\/sitemap.html?naviID=900000001&amp;brotID=900000001&amp;id=900000003&amp;navi_id=900000001\",\"name\":\"Landkreis und Verwaltung\"}},{\"@type\":\"ListItem\",\"position\":2,\"item\":{\"@id\":\"https:\\/\\/www.oldenburg-kreis.de\\/portal\\/seiten\\/kreisverwaltung-900000137-21700.html?naviID=900000040&amp;brotID=900000040&amp;rubrik=900000002\",\"name\":\"Kreisverwaltung\"}}]} Inhalt vorlesen Seite merken Seite drucken Die Kreisverwaltung Die Kreisverwaltung des Landkreises Oldenburg hat seit dem 01. Juli 1988 ihren Sitz in der Stadt Wildeshausen. Amt für Teilhabe und Soziale SicherungAmt für Bodenschutz und AbfallwirtschaftAmt für Brand- und Katastrophenschutz, RettungsdienstAmt für regionale Entwicklung und NaturschutzAmt für Zentrale DiensteBauordnungsamtGesundheitsamtJobcenterJugendamtKämmerei / KreiskasseOrdnungsamtRechnungsprüfungsamtRechtsamtSchulamt und HochbauStraßenverkehrsamtVeterinäramt LandratFachstelle IntegrationGleichstellungsbeauftragteKlimaschutzRechnungsprüfungsamtDezernat I \"Bau\"BauordnungsamtAmt für regionale Entwicklung und NaturschutzAmt für Bodenschutz und AbfallwirtschaftDezernat II \"Innere Verwaltung und Schulen\"Amt für Zentrale DiensteKämmerei / KreiskasseSchulamt, HochbauDezernat III \"Ordnung und Recht\"OrdnungsamtRechtsamtAmt für Brand- und Katastrophenschutz, RettungsdienstStraßenverkehrsamtFührerscheinstelleKfz-ZulassungsstelleVeterinäramtDezernat IV \"Soziales\"Amt für Teilhabe und Soziale SicherungGesundheitsamtLandkreis Oldenburg - JugendamtJobcenterEinheitlicher AnsprechpartnerKDO-IT-Service Zurück NOLISManager.LayoutTemplate.spaltenAngleichen();",
    "plain_text": "Sie sind hier: Landkreis und Verwaltung/Kreisverwaltung{\"@context\":\"https:\\/\\/schema.org\",\"@type\":\"BreadcrumbList\",\"itemListElement\":[{\"@type\":\"ListItem\",\"position\":1,\"item\":{\"@id\":\"https:\\/\\/www.oldenburg-kreis.de\\/portal\\/sitemap.html?naviID=900000001&amp;brotID=900000001&amp;id=900000003&amp;navi_id=900000001\",\"name\":\"Landkreis und Verwaltung\"}},{\"@type\":\"ListItem\",\"position\":2,\"item\":{\"@id\":\"https:\\/\\/www.oldenburg-kreis.de\\/portal\\/seiten\\/kreisverwaltung-900000137-21700.html?naviID=900000040&amp;brotID=900000040&amp;rubrik=900000002\",\"name\":\"Kreisverwaltung\"}}]} Inhalt vorlesen Seite merken Seite drucken Die Kreisverwaltung Die Kreisverwaltung des Landkreises Oldenburg hat seit dem 01. Juli 1988 ihren Sitz in der Stadt Wildeshausen. Amt für Teilhabe und Soziale SicherungAmt für Bodenschutz und AbfallwirtschaftAmt für Brand- und Katastrophenschutz, RettungsdienstAmt für regionale Entwicklung und NaturschutzAmt für Zentrale DiensteBauordnungsamtGesundheitsamtJobcenterJugendamtKämmerei / KreiskasseOrdnungsamtRechnungsprüfungsamtRechtsamtSchulamt und HochbauStraßenverkehrsamtVeterinäramt LandratFachstelle IntegrationGleichstellungsbeauftragteKlimaschutzRechnungsprüfungsamtDezernat I \"Bau\"BauordnungsamtAmt für regionale Entwicklung und NaturschutzAmt für Bodenschutz und AbfallwirtschaftDezernat II \"Innere Verwaltung und Schulen\"Amt für Zentrale DiensteKämmerei / KreiskasseSchulamt, HochbauDezernat III \"Ordnung und Recht\"OrdnungsamtRechtsamtAmt für Brand- und Katastrophenschutz, RettungsdienstStraßenverkehrsamtFührerscheinstelleKfz-ZulassungsstelleVeterinäramtDezernat IV \"Soziales\"Amt für Teilhabe und Soziale SicherungGesundheitsamtLandkreis Oldenburg - JugendamtJobcenterEinheitlicher AnsprechpartnerKDO-IT-Service Zurück NOLISManager.LayoutTemplate.spaltenAngleichen();",
    "contacts": [],
    "forms": [],
    "links": [],
    "metadata": {
      "agent": "ratsinfo",
      "type": "content",
      "source": "https://www.oldenburg-kreis.de/landkreis-und-verwaltung/kreisverwaltung/",
      "timestamp": "2025-10-29T07:49:51.270Z",
      "compressed": true,
      "compression_ratio": 1
    }
  }
]
