[
  {
    "url": "https://www.oldenburg-kreis.de/portal/sitemap.html?naviID=900000003&brotID=900000003&id=900000003&navi_id=900000003",
    "title": "Jugend und Familie",
    "content": "",
    "plain_text": "",
    "contacts": [],
    "forms": [],
    "links": [
      {
        "title": "Jugend und Familie",
        "url": "https://www.oldenburg-kreis.de/portal/sitemap.html?naviID=900000003&brotID=900000003&id=900000003&navi_id=900000003"
      }
    ],
    "metadata": {
      "agent": "jugend",
      "type": "link",
      "source": "https://www.oldenburg-kreis.de/jugend-und-familie/",
      "timestamp": "2025-10-29T07:49:51.270Z"
    }
  },
  {
    "url": "https://www.oldenburg-kreis.de/jugend-und-familie/kinderschutz/",
    "title": "Kinderschutz",
    "content": "",
    "plain_text": "",
    "contacts": [],
    "forms": [],
    "links": [
      {
        "title": "Kinderschutz",
        "url": "https://www.oldenburg-kreis.de/jugend-und-familie/kinderschutz/"
      }
    ],
    "metadata": {
      "agent": "jugend",
      "type": "link",
      "source": "https://www.oldenburg-kreis.de/jugend-und-familie/",
      "timestamp": "2025-10-29T07:49:51.270Z"
    }
  },
  {
    "url": "https://www.oldenburg-kreis.de/jugend-und-familie/kinderschutz/schutz-und-klaerungsstelle/",
    "title": "Schutz- und Klärungsstelle",
    "content": "",
    "plain_text": "",
    "contacts": [],
    "forms": [],
    "links": [
      {
        "title": "Schutz- und Klärungsstelle",
        "url": "https://www.oldenburg-kreis.de/jugend-und-familie/kinderschutz/schutz-und-klaerungsstelle/"
      }
    ],
    "metadata": {
      "agent": "jugend",
      "type": "link",
      "source": "https://www.oldenburg-kreis.de/jugend-und-familie/",
      "timestamp": "2025-10-29T07:49:51.270Z"
    }
  },
  {
    "url": "https://www.oldenburg-kreis.de/jugend-und-familie/kinderschutz/gesetzlicher-jugendschutz/",
    "title": "Gesetzlicher Jugendschutz",
    "content": "",
    "plain_text": "",
    "contacts": [],
    "forms": [],
    "links": [
      {
        "title": "Gesetzlicher Jugendschutz",
        "url": "https://www.oldenburg-kreis.de/jugend-und-familie/kinderschutz/gesetzlicher-jugendschutz/"
      }
    ],
    "metadata": {
      "agent": "jugend",
      "type": "link",
      "source": "https://www.oldenburg-kreis.de/jugend-und-familie/",
      "timestamp": "2025-10-29T07:49:51.271Z"
    }
  },
  {
    "url": "https://www.oldenburg-kreis.de/jugend-und-familie/kinderschutz/fuehrungszeugnisse/",
    "title": "Führungszeugnisse",
    "content": "",
    "plain_text": "",
    "contacts": [],
    "forms": [],
    "links": [
      {
        "title": "Führungszeugnisse",
        "url": "https://www.oldenburg-kreis.de/jugend-und-familie/kinderschutz/fuehrungszeugnisse/"
      }
    ],
    "metadata": {
      "agent": "jugend",
      "type": "link",
      "source": "https://www.oldenburg-kreis.de/jugend-und-familie/",
      "timestamp": "2025-10-29T07:49:51.271Z"
    }
  },
  {
    "url": "https://www.oldenburg-kreis.de/jugend-und-familie/kinderschutz/kinderschutz-beratung/",
    "title": "Kinderschutz-Beratung",
    "content": "",
    "plain_text": "",
    "contacts": [],
    "forms": [],
    "links": [
      {
        "title": "Kinderschutz-Beratung",
        "url": "https://www.oldenburg-kreis.de/jugend-und-familie/kinderschutz/kinderschutz-beratung/"
      }
    ],
    "metadata": {
      "agent": "jugend",
      "type": "link",
      "source": "https://www.oldenburg-kreis.de/jugend-und-familie/",
      "timestamp": "2025-10-29T07:49:51.271Z"
    }
  },
  {
    "url": "https://www.oldenburg-kreis.de/jugend-und-familie/allg-sozialer-dienst/",
    "title": "Allg. Sozialer Dienst",
    "content": "",
    "plain_text": "",
    "contacts": [],
    "forms": [],
    "links": [
      {
        "title": "Allg. Sozialer Dienst",
        "url": "https://www.oldenburg-kreis.de/jugend-und-familie/allg-sozialer-dienst/"
      }
    ],
    "metadata": {
      "agent": "jugend",
      "type": "link",
      "source": "https://www.oldenburg-kreis.de/jugend-und-familie/",
      "timestamp": "2025-10-29T07:49:51.271Z"
    }
  },
  {
    "url": "https://www.oldenburg-kreis.de/jugend-und-familie/allg-sozialer-dienst/bezirkssozialarbeit/",
    "title": "Bezirkssozialarbeit",
    "content": "",
    "plain_text": "",
    "contacts": [],
    "forms": [],
    "links": [
      {
        "title": "Bezirkssozialarbeit",
        "url": "https://www.oldenburg-kreis.de/jugend-und-familie/allg-sozialer-dienst/bezirkssozialarbeit/"
      }
    ],
    "metadata": {
      "agent": "jugend",
      "type": "link",
      "source": "https://www.oldenburg-kreis.de/jugend-und-familie/",
      "timestamp": "2025-10-29T07:49:51.271Z"
    }
  },
  {
    "url": "https://www.oldenburg-kreis.de/jugend-und-familie/allg-sozialer-dienst/stationaere-jugendhilfe/",
    "title": "Stationäre Jugendhilfe",
    "content": "",
    "plain_text": "",
    "contacts": [],
    "forms": [],
    "links": [
      {
        "title": "Stationäre Jugendhilfe",
        "url": "https://www.oldenburg-kreis.de/jugend-und-familie/allg-sozialer-dienst/stationaere-jugendhilfe/"
      }
    ],
    "metadata": {
      "agent": "jugend",
      "type": "link",
      "source": "https://www.oldenburg-kreis.de/jugend-und-familie/",
      "timestamp": "2025-10-29T07:49:51.271Z"
    }
  },
  {
    "url": "https://www.oldenburg-kreis.de/jugend-und-familie/allg-sozialer-dienst/adoptionsvermittlung-pflegekinderdienst/",
    "title": "Adoptionsvermittlung & Pflegekinderdienst",
    "content": "",
    "plain_text": "",
    "contacts": [],
    "forms": [],
    "links": [
      {
        "title": "Adoptionsvermittlung & Pflegekinderdienst",
        "url": "https://www.oldenburg-kreis.de/jugend-und-familie/allg-sozialer-dienst/adoptionsvermittlung-pflegekinderdienst/"
      }
    ],
    "metadata": {
      "agent": "jugend",
      "type": "link",
      "source": "https://www.oldenburg-kreis.de/jugend-und-familie/",
      "timestamp": "2025-10-29T07:49:51.271Z"
    }
  },
  {
    "url": "https://www.oldenburg-kreis.de/jugend-und-familie/allg-sozialer-dienst/jugendhilfe-im-strafverfahren/",
    "title": "Jugendhilfe im Strafverfahren",
    "content": "",
    "plain_text": "",
    "contacts": [],
    "forms": [],
    "links": [
      {
        "title": "Jugendhilfe im Strafverfahren",
        "url": "https://www.oldenburg-kreis.de/jugend-und-familie/allg-sozialer-dienst/jugendhilfe-im-strafverfahren/"
      }
    ],
    "metadata": {
      "agent": "jugend",
      "type": "link",
      "source": "https://www.oldenburg-kreis.de/jugend-und-familie/",
      "timestamp": "2025-10-29T07:49:51.271Z"
    }
  },
  {
    "url": "https://www.oldenburg-kreis.de/jugend-und-familie/allg-sozialer-dienst/schutz-und-klaerungsstelle/",
    "title": "Schutz- und Klärungsstelle",
    "content": "",
    "plain_text": "",
    "contacts": [],
    "forms": [],
    "links": [
      {
        "title": "Schutz- und Klärungsstelle",
        "url": "https://www.oldenburg-kreis.de/jugend-und-familie/allg-sozialer-dienst/schutz-und-klaerungsstelle/"
      }
    ],
    "metadata": {
      "agent": "jugend",
      "type": "link",
      "source": "https://www.oldenburg-kreis.de/jugend-und-familie/",
      "timestamp": "2025-10-29T07:49:51.271Z"
    }
  },
  {
    "url": "https://www.oldenburg-kreis.de/jugend-und-familie/eingliederungshilfe/",
    "title": "Eingliederungshilfe",
    "content": "",
    "plain_text": "",
    "contacts": [],
    "forms": [],
    "links": [
      {
        "title": "Eingliederungshilfe",
        "url": "https://www.oldenburg-kreis.de/jugend-und-familie/eingliederungshilfe/"
      }
    ],
    "metadata": {
      "agent": "jugend",
      "type": "link",
      "source": "https://www.oldenburg-kreis.de/jugend-und-familie/",
      "timestamp": "2025-10-29T07:49:51.271Z"
    }
  },
  {
    "url": "https://www.oldenburg-kreis.de/jugend-und-familie/jugendamt/",
    "title": "Jugendamt",
    "content": "",
    "plain_text": "",
    "contacts": [],
    "forms": [],
    "links": [
      {
        "title": "Jugendamt",
        "url": "https://www.oldenburg-kreis.de/jugend-und-familie/jugendamt/"
      }
    ],
    "metadata": {
      "agent": "jugend",
      "type": "link",
      "source": "https://www.oldenburg-kreis.de/jugend-und-familie/",
      "timestamp": "2025-10-29T07:49:51.271Z"
    }
  },
  {
    "url": "https://www.oldenburg-kreis.de/jugend-und-familie/jugendamt/wirtschaftliche-jugendhilfe/",
    "title": "Wirtschaftliche Jugendhilfe",
    "content": "",
    "plain_text": "",
    "contacts": [],
    "forms": [],
    "links": [
      {
        "title": "Wirtschaftliche Jugendhilfe",
        "url": "https://www.oldenburg-kreis.de/jugend-und-familie/jugendamt/wirtschaftliche-jugendhilfe/"
      }
    ],
    "metadata": {
      "agent": "jugend",
      "type": "link",
      "source": "https://www.oldenburg-kreis.de/jugend-und-familie/",
      "timestamp": "2025-10-29T07:49:51.271Z"
    }
  },
  {
    "url": "https://www.oldenburg-kreis.de/jugend-und-familie/jugendamt/jugendhilfeplanung/",
    "title": "Jugendhilfeplanung",
    "content": "",
    "plain_text": "",
    "contacts": [],
    "forms": [],
    "links": [
      {
        "title": "Jugendhilfeplanung",
        "url": "https://www.oldenburg-kreis.de/jugend-und-familie/jugendamt/jugendhilfeplanung/"
      }
    ],
    "metadata": {
      "agent": "jugend",
      "type": "link",
      "source": "https://www.oldenburg-kreis.de/jugend-und-familie/",
      "timestamp": "2025-10-29T07:49:51.271Z"
    }
  },
  {
    "url": "https://www.oldenburg-kreis.de/jugend-und-familie/jugendamt/ausbildungsfoerderung/",
    "title": "Ausbildungsförderung",
    "content": "",
    "plain_text": "",
    "contacts": [],
    "forms": [],
    "links": [
      {
        "title": "Ausbildungsförderung",
        "url": "https://www.oldenburg-kreis.de/jugend-und-familie/jugendamt/ausbildungsfoerderung/"
      }
    ],
    "metadata": {
      "agent": "jugend",
      "type": "link",
      "source": "https://www.oldenburg-kreis.de/jugend-und-familie/",
      "timestamp": "2025-10-29T07:49:51.271Z"
    }
  },
  {
    "url": "https://www.oldenburg-kreis.de/jugend-und-familie/beratungsangebote/",
    "title": "Beratungsangebote",
    "content": "",
    "plain_text": "",
    "contacts": [],
    "forms": [],
    "links": [
      {
        "title": "Beratungsangebote",
        "url": "https://www.oldenburg-kreis.de/jugend-und-familie/beratungsangebote/"
      }
    ],
    "metadata": {
      "agent": "jugend",
      "type": "link",
      "source": "https://www.oldenburg-kreis.de/jugend-und-familie/",
      "timestamp": "2025-10-29T07:49:51.271Z"
    }
  },
  {
    "url": "https://www.oldenburg-kreis.de/jugend-und-familie/beratungsangebote/beratungsstellen/",
    "title": "Beratungsstellen",
    "content": "",
    "plain_text": "",
    "contacts": [],
    "forms": [],
    "links": [
      {
        "title": "Beratungsstellen",
        "url": "https://www.oldenburg-kreis.de/jugend-und-familie/beratungsangebote/beratungsstellen/"
      }
    ],
    "metadata": {
      "agent": "jugend",
      "type": "link",
      "source": "https://www.oldenburg-kreis.de/jugend-und-familie/",
      "timestamp": "2025-10-29T07:49:51.271Z"
    }
  },
  {
    "url": "https://www.oldenburg-kreis.de/jugend-und-familie/jugendarbeit/",
    "title": "Jugendarbeit",
    "content": "",
    "plain_text": "",
    "contacts": [],
    "forms": [],
    "links": [
      {
        "title": "Jugendarbeit",
        "url": "https://www.oldenburg-kreis.de/jugend-und-familie/jugendarbeit/"
      }
    ],
    "metadata": {
      "agent": "jugend",
      "type": "link",
      "source": "https://www.oldenburg-kreis.de/jugend-und-familie/",
      "timestamp": "2025-10-29T07:49:51.271Z"
    }
  },
  {
    "url": "https://www.oldenburg-kreis.de/jugend-und-familie/jugendarbeit/jugendzentren/",
    "title": "Jugendzentren",
    "content": "",
    "plain_text": "",
    "contacts": [],
    "forms": [],
    "links": [
      {
        "title": "Jugendzentren",
        "url": "https://www.oldenburg-kreis.de/jugend-und-familie/jugendarbeit/jugendzentren/"
      }
    ],
    "metadata": {
      "agent": "jugend",
      "type": "link",
      "source": "https://www.oldenburg-kreis.de/jugend-und-familie/",
      "timestamp": "2025-10-29T07:49:51.271Z"
    }
  },
  {
    "url": "https://www.oldenburg-kreis.de/jugend-und-familie/jugendarbeit/kreisjugendring/",
    "title": "Kreisjugendring",
    "content": "",
    "plain_text": "",
    "contacts": [],
    "forms": [],
    "links": [
      {
        "title": "Kreisjugendring",
        "url": "https://www.oldenburg-kreis.de/jugend-und-familie/jugendarbeit/kreisjugendring/"
      }
    ],
    "metadata": {
      "agent": "jugend",
      "type": "link",
      "source": "https://www.oldenburg-kreis.de/jugend-und-familie/",
      "timestamp": "2025-10-29T07:49:51.271Z"
    }
  },
  {
    "url": "https://www.oldenburg-kreis.de/jugend-und-familie/jugendsozialarbeit/",
    "title": "Jugendsozialarbeit",
    "content": "",
    "plain_text": "",
    "contacts": [],
    "forms": [],
    "links": [
      {
        "title": "Jugendsozialarbeit",
        "url": "https://www.oldenburg-kreis.de/jugend-und-familie/jugendsozialarbeit/"
      }
    ],
    "metadata": {
      "agent": "jugend",
      "type": "link",
      "source": "https://www.oldenburg-kreis.de/jugend-und-familie/",
      "timestamp": "2025-10-29T07:49:51.271Z"
    }
  },
  {
    "url": "https://www.oldenburg-kreis.de/jugend-und-familie/jugendsozialarbeit/koordinierungsstelle-schulverweigerung/",
    "title": "Koordinierungsstelle Schulverweigerung",
    "content": "",
    "plain_text": "",
    "contacts": [],
    "forms": [],
    "links": [
      {
        "title": "Koordinierungsstelle Schulverweigerung",
        "url": "https://www.oldenburg-kreis.de/jugend-und-familie/jugendsozialarbeit/koordinierungsstelle-schulverweigerung/"
      }
    ],
    "metadata": {
      "agent": "jugend",
      "type": "link",
      "source": "https://www.oldenburg-kreis.de/jugend-und-familie/",
      "timestamp": "2025-10-29T07:49:51.271Z"
    }
  },
  {
    "url": "https://www.oldenburg-kreis.de/jugend-und-familie/jugendsozialarbeit/schulpflichterfuellung-in-jugendwerkstaetten/",
    "title": "Schulpflichterfüllung in Jugendwerkstätten",
    "content": "",
    "plain_text": "",
    "contacts": [],
    "forms": [],
    "links": [
      {
        "title": "Schulpflichterfüllung in Jugendwerkstätten",
        "url": "https://www.oldenburg-kreis.de/jugend-und-familie/jugendsozialarbeit/schulpflichterfuellung-in-jugendwerkstaetten/"
      }
    ],
    "metadata": {
      "agent": "jugend",
      "type": "link",
      "source": "https://www.oldenburg-kreis.de/jugend-und-familie/",
      "timestamp": "2025-10-29T07:49:51.271Z"
    }
  },
  {
    "url": "https://www.oldenburg-kreis.de/jugend-und-familie/jugendsozialarbeit/mobiler-dienst-schulsozialarbeit/",
    "title": "Mobiler Dienst - Schulsozialarbeit",
    "content": "",
    "plain_text": "",
    "contacts": [],
    "forms": [],
    "links": [
      {
        "title": "Mobiler Dienst - Schulsozialarbeit",
        "url": "https://www.oldenburg-kreis.de/jugend-und-familie/jugendsozialarbeit/mobiler-dienst-schulsozialarbeit/"
      }
    ],
    "metadata": {
      "agent": "jugend",
      "type": "link",
      "source": "https://www.oldenburg-kreis.de/jugend-und-familie/",
      "timestamp": "2025-10-29T07:49:51.271Z"
    }
  },
  {
    "url": "https://www.oldenburg-kreis.de/jugend-und-familie/jugendsozialarbeit/pace/",
    "title": "PACE",
    "content": "",
    "plain_text": "",
    "contacts": [],
    "forms": [],
    "links": [
      {
        "title": "PACE",
        "url": "https://www.oldenburg-kreis.de/jugend-und-familie/jugendsozialarbeit/pace/"
      }
    ],
    "metadata": {
      "agent": "jugend",
      "type": "link",
      "source": "https://www.oldenburg-kreis.de/jugend-und-familie/",
      "timestamp": "2025-10-29T07:49:51.271Z"
    }
  },
  {
    "url": "https://www.oldenburg-kreis.de/jugend-und-familie/jugendsozialarbeit/jugendwerkstatt-lupo/",
    "title": "Jugendwerkstatt LUPO",
    "content": "",
    "plain_text": "",
    "contacts": [],
    "forms": [],
    "links": [
      {
        "title": "Jugendwerkstatt LUPO",
        "url": "https://www.oldenburg-kreis.de/jugend-und-familie/jugendsozialarbeit/jugendwerkstatt-lupo/"
      }
    ],
    "metadata": {
      "agent": "jugend",
      "type": "link",
      "source": "https://www.oldenburg-kreis.de/jugend-und-familie/",
      "timestamp": "2025-10-29T07:49:51.271Z"
    }
  },
  {
    "url": "https://www.oldenburg-kreis.de/jugend-und-familie/kinderbetreuung/",
    "title": "Kinderbetreuung",
    "content": "",
    "plain_text": "",
    "contacts": [],
    "forms": [],
    "links": [
      {
        "title": "Kinderbetreuung",
        "url": "https://www.oldenburg-kreis.de/jugend-und-familie/kinderbetreuung/"
      }
    ],
    "metadata": {
      "agent": "jugend",
      "type": "link",
      "source": "https://www.oldenburg-kreis.de/jugend-und-familie/",
      "timestamp": "2025-10-29T07:49:51.271Z"
    }
  },
  {
    "url": "https://www.oldenburg-kreis.de/jugend-und-familie/kinderbetreuung/kindertagespflege/",
    "title": "Kindertagespflege",
    "content": "",
    "plain_text": "",
    "contacts": [],
    "forms": [],
    "links": [
      {
        "title": "Kindertagespflege",
        "url": "https://www.oldenburg-kreis.de/jugend-und-familie/kinderbetreuung/kindertagespflege/"
      }
    ],
    "metadata": {
      "agent": "jugend",
      "type": "link",
      "source": "https://www.oldenburg-kreis.de/jugend-und-familie/",
      "timestamp": "2025-10-29T07:49:51.271Z"
    }
  },
  {
    "url": "https://www.oldenburg-kreis.de/jugend-und-familie/kinderbetreuung/kindertagesstaetten/",
    "title": "Kindertagesstätten",
    "content": "",
    "plain_text": "",
    "contacts": [],
    "forms": [],
    "links": [
      {
        "title": "Kindertagesstätten",
        "url": "https://www.oldenburg-kreis.de/jugend-und-familie/kinderbetreuung/kindertagesstaetten/"
      }
    ],
    "metadata": {
      "agent": "jugend",
      "type": "link",
      "source": "https://www.oldenburg-kreis.de/jugend-und-familie/",
      "timestamp": "2025-10-29T07:49:51.271Z"
    }
  },
  {
    "url": "https://www.oldenburg-kreis.de/jugend-und-familie/kinderbetreuung/weitere-angebote-fuer-familien/",
    "title": "Weitere Angebote für Familien",
    "content": "",
    "plain_text": "",
    "contacts": [],
    "forms": [],
    "links": [
      {
        "title": "Weitere Angebote für Familien",
        "url": "https://www.oldenburg-kreis.de/jugend-und-familie/kinderbetreuung/weitere-angebote-fuer-familien/"
      }
    ],
    "metadata": {
      "agent": "jugend",
      "type": "link",
      "source": "https://www.oldenburg-kreis.de/jugend-und-familie/",
      "timestamp": "2025-10-29T07:49:51.271Z"
    }
  },
  {
    "url": "https://www.oldenburg-kreis.de/jugend-und-familie/fruehe-hilfen-angebote-fuer-kinder-von-0-3/",
    "title": "Frühe Hilfen - Angebote für Kinder von 0-3",
    "content": "",
    "plain_text": "",
    "contacts": [],
    "forms": [],
    "links": [
      {
        "title": "Frühe Hilfen - Angebote für Kinder von 0-3",
        "url": "https://www.oldenburg-kreis.de/jugend-und-familie/fruehe-hilfen-angebote-fuer-kinder-von-0-3/"
      }
    ],
    "metadata": {
      "agent": "jugend",
      "type": "link",
      "source": "https://www.oldenburg-kreis.de/jugend-und-familie/",
      "timestamp": "2025-10-29T07:49:51.271Z"
    }
  },
  {
    "url": "https://www.oldenburg-kreis.de/jugend-und-familie/fruehe-hilfen-angebote-fuer-kinder-von-0-3/caf-kinderwagen-bobbycar/",
    "title": "Café Kinderwagen / Bobbycar",
    "content": "",
    "plain_text": "",
    "contacts": [],
    "forms": [],
    "links": [
      {
        "title": "Café Kinderwagen / Bobbycar",
        "url": "https://www.oldenburg-kreis.de/jugend-und-familie/fruehe-hilfen-angebote-fuer-kinder-von-0-3/caf-kinderwagen-bobbycar/"
      }
    ],
    "metadata": {
      "agent": "jugend",
      "type": "link",
      "source": "https://www.oldenburg-kreis.de/jugend-und-familie/",
      "timestamp": "2025-10-29T07:49:51.271Z"
    }
  },
  {
    "url": "https://www.oldenburg-kreis.de/jugend-und-familie/fruehe-hilfen-angebote-fuer-kinder-von-0-3/caf-kinderwagen-bobbycar-unterwegs/",
    "title": "Café Kinderwagen/Bobbycar unterwegs",
    "content": "",
    "plain_text": "",
    "contacts": [],
    "forms": [],
    "links": [
      {
        "title": "Café Kinderwagen/Bobbycar unterwegs",
        "url": "https://www.oldenburg-kreis.de/jugend-und-familie/fruehe-hilfen-angebote-fuer-kinder-von-0-3/caf-kinderwagen-bobbycar-unterwegs/"
      }
    ],
    "metadata": {
      "agent": "jugend",
      "type": "link",
      "source": "https://www.oldenburg-kreis.de/jugend-und-familie/",
      "timestamp": "2025-10-29T07:49:51.271Z"
    }
  },
  {
    "url": "https://www.oldenburg-kreis.de/jugend-und-familie/fruehe-hilfen-angebote-fuer-kinder-von-0-3/familienhebammen/",
    "title": "Familienhebammen",
    "content": "",
    "plain_text": "",
    "contacts": [],
    "forms": [],
    "links": [
      {
        "title": "Familienhebammen",
        "url": "https://www.oldenburg-kreis.de/jugend-und-familie/fruehe-hilfen-angebote-fuer-kinder-von-0-3/familienhebammen/"
      }
    ],
    "metadata": {
      "agent": "jugend",
      "type": "link",
      "source": "https://www.oldenburg-kreis.de/jugend-und-familie/",
      "timestamp": "2025-10-29T07:49:51.271Z"
    }
  },
  {
    "url": "https://www.oldenburg-kreis.de/jugend-und-familie/fruehe-hilfen-angebote-fuer-kinder-von-0-3/zuwachs-kommt/",
    "title": "Zuwachs kommt",
    "content": "",
    "plain_text": "",
    "contacts": [],
    "forms": [],
    "links": [
      {
        "title": "Zuwachs kommt",
        "url": "https://www.oldenburg-kreis.de/jugend-und-familie/fruehe-hilfen-angebote-fuer-kinder-von-0-3/zuwachs-kommt/"
      }
    ],
    "metadata": {
      "agent": "jugend",
      "type": "link",
      "source": "https://www.oldenburg-kreis.de/jugend-und-familie/",
      "timestamp": "2025-10-29T07:49:51.271Z"
    }
  },
  {
    "url": "https://www.oldenburg-kreis.de/jugend-und-familie/fruehe-hilfen-angebote-fuer-kinder-von-0-3/eltern-coaching/",
    "title": "Eltern-Coaching",
    "content": "",
    "plain_text": "",
    "contacts": [],
    "forms": [],
    "links": [
      {
        "title": "Eltern-Coaching",
        "url": "https://www.oldenburg-kreis.de/jugend-und-familie/fruehe-hilfen-angebote-fuer-kinder-von-0-3/eltern-coaching/"
      }
    ],
    "metadata": {
      "agent": "jugend",
      "type": "link",
      "source": "https://www.oldenburg-kreis.de/jugend-und-familie/",
      "timestamp": "2025-10-29T07:49:51.271Z"
    }
  },
  {
    "url": "https://www.oldenburg-kreis.de/jugend-und-familie/fruehe-hilfen-angebote-fuer-kinder-von-0-3/familienlotsen/",
    "title": "Familienlotsen",
    "content": "",
    "plain_text": "",
    "contacts": [],
    "forms": [],
    "links": [
      {
        "title": "Familienlotsen",
        "url": "https://www.oldenburg-kreis.de/jugend-und-familie/fruehe-hilfen-angebote-fuer-kinder-von-0-3/familienlotsen/"
      }
    ],
    "metadata": {
      "agent": "jugend",
      "type": "link",
      "source": "https://www.oldenburg-kreis.de/jugend-und-familie/",
      "timestamp": "2025-10-29T07:49:51.271Z"
    }
  },
  {
    "url": "https://www.oldenburg-kreis.de/jugend-und-familie/fruehe-hilfen-angebote-fuer-kinder-von-0-3/elternkurse/",
    "title": "Elternkurse",
    "content": "",
    "plain_text": "",
    "contacts": [],
    "forms": [],
    "links": [
      {
        "title": "Elternkurse",
        "url": "https://www.oldenburg-kreis.de/jugend-und-familie/fruehe-hilfen-angebote-fuer-kinder-von-0-3/elternkurse/"
      }
    ],
    "metadata": {
      "agent": "jugend",
      "type": "link",
      "source": "https://www.oldenburg-kreis.de/jugend-und-familie/",
      "timestamp": "2025-10-29T07:49:51.271Z"
    }
  },
  {
    "url": "https://www.oldenburg-kreis.de/jugend-und-familie/fruehe-hilfen-angebote-fuer-kinder-von-0-3/waldgruppe/",
    "title": "Waldgruppe",
    "content": "",
    "plain_text": "",
    "contacts": [],
    "forms": [],
    "links": [
      {
        "title": "Waldgruppe",
        "url": "https://www.oldenburg-kreis.de/jugend-und-familie/fruehe-hilfen-angebote-fuer-kinder-von-0-3/waldgruppe/"
      }
    ],
    "metadata": {
      "agent": "jugend",
      "type": "link",
      "source": "https://www.oldenburg-kreis.de/jugend-und-familie/",
      "timestamp": "2025-10-29T07:49:51.271Z"
    }
  },
  {
    "url": "https://www.oldenburg-kreis.de/jugend-und-familie/sozialzentrum/",
    "title": "Sozialzentrum",
    "content": "",
    "plain_text": "",
    "contacts": [],
    "forms": [],
    "links": [
      {
        "title": "Sozialzentrum",
        "url": "https://www.oldenburg-kreis.de/jugend-und-familie/sozialzentrum/"
      }
    ],
    "metadata": {
      "agent": "jugend",
      "type": "link",
      "source": "https://www.oldenburg-kreis.de/jugend-und-familie/",
      "timestamp": "2025-10-29T07:49:51.271Z"
    }
  },
  {
    "url": "https://www.oldenburg-kreis.de/jugend-und-familie/sozialzentrum/unterhaltsvorschuss/",
    "title": "Unterhaltsvorschuss",
    "content": "",
    "plain_text": "",
    "contacts": [],
    "forms": [],
    "links": [
      {
        "title": "Unterhaltsvorschuss",
        "url": "https://www.oldenburg-kreis.de/jugend-und-familie/sozialzentrum/unterhaltsvorschuss/"
      }
    ],
    "metadata": {
      "agent": "jugend",
      "type": "link",
      "source": "https://www.oldenburg-kreis.de/jugend-und-familie/",
      "timestamp": "2025-10-29T07:49:51.271Z"
    }
  },
  {
    "url": "https://www.oldenburg-kreis.de/jugend-und-familie/sozialzentrum/bafoeg/",
    "title": "BAföG",
    "content": "",
    "plain_text": "",
    "contacts": [],
    "forms": [],
    "links": [
      {
        "title": "BAföG",
        "url": "https://www.oldenburg-kreis.de/jugend-und-familie/sozialzentrum/bafoeg/"
      }
    ],
    "metadata": {
      "agent": "jugend",
      "type": "link",
      "source": "https://www.oldenburg-kreis.de/jugend-und-familie/",
      "timestamp": "2025-10-29T07:49:51.271Z"
    }
  },
  {
    "url": "https://www.oldenburg-kreis.de/jugend-und-familie/sozialzentrum/elterngeld/",
    "title": "Elterngeld",
    "content": "",
    "plain_text": "",
    "contacts": [],
    "forms": [],
    "links": [
      {
        "title": "Elterngeld",
        "url": "https://www.oldenburg-kreis.de/jugend-und-familie/sozialzentrum/elterngeld/"
      }
    ],
    "metadata": {
      "agent": "jugend",
      "type": "link",
      "source": "https://www.oldenburg-kreis.de/jugend-und-familie/",
      "timestamp": "2025-10-29T07:49:51.271Z"
    }
  },
  {
    "url": "https://www.oldenburg-kreis.de/jugend-und-familie/sozialzentrum/infopunkt/",
    "title": "Infopunkt",
    "content": "",
    "plain_text": "",
    "contacts": [],
    "forms": [],
    "links": [
      {
        "title": "Infopunkt",
        "url": "https://www.oldenburg-kreis.de/jugend-und-familie/sozialzentrum/infopunkt/"
      }
    ],
    "metadata": {
      "agent": "jugend",
      "type": "link",
      "source": "https://www.oldenburg-kreis.de/jugend-und-familie/",
      "timestamp": "2025-10-29T07:49:51.271Z"
    }
  },
  {
    "url": "https://www.oldenburg-kreis.de/jugend-und-familie/unterhalt-sorgerecht/",
    "title": "Unterhalt & Sorgerecht",
    "content": "",
    "plain_text": "",
    "contacts": [],
    "forms": [],
    "links": [
      {
        "title": "Unterhalt & Sorgerecht",
        "url": "https://www.oldenburg-kreis.de/jugend-und-familie/unterhalt-sorgerecht/"
      }
    ],
    "metadata": {
      "agent": "jugend",
      "type": "link",
      "source": "https://www.oldenburg-kreis.de/jugend-und-familie/",
      "timestamp": "2025-10-29T07:49:51.271Z"
    }
  },
  {
    "url": "https://www.oldenburg-kreis.de/jugend-und-familie/unterhalt-sorgerecht/amtspflegschaften-amtsvormundschaften/",
    "title": "Amtspflegschaften / Amtsvormundschaften",
    "content": "",
    "plain_text": "",
    "contacts": [],
    "forms": [],
    "links": [
      {
        "title": "Amtspflegschaften / Amtsvormundschaften",
        "url": "https://www.oldenburg-kreis.de/jugend-und-familie/unterhalt-sorgerecht/amtspflegschaften-amtsvormundschaften/"
      }
    ],
    "metadata": {
      "agent": "jugend",
      "type": "link",
      "source": "https://www.oldenburg-kreis.de/jugend-und-familie/",
      "timestamp": "2025-10-29T07:49:51.271Z"
    }
  },
  {
    "url": "https://www.oldenburg-kreis.de/jugend-und-familie/unterhalt-sorgerecht/beistandschaften/",
    "title": "Beistandschaften",
    "content": "",
    "plain_text": "",
    "contacts": [],
    "forms": [],
    "links": [
      {
        "title": "Beistandschaften",
        "url": "https://www.oldenburg-kreis.de/jugend-und-familie/unterhalt-sorgerecht/beistandschaften/"
      }
    ],
    "metadata": {
      "agent": "jugend",
      "type": "link",
      "source": "https://www.oldenburg-kreis.de/jugend-und-familie/",
      "timestamp": "2025-10-29T07:49:51.271Z"
    }
  },
  {
    "url": "https://www.oldenburg-kreis.de/jugend-und-familie/unterhalt-sorgerecht/elterliche-sorge/",
    "title": "Elterliche Sorge",
    "content": "",
    "plain_text": "",
    "contacts": [],
    "forms": [],
    "links": [
      {
        "title": "Elterliche Sorge",
        "url": "https://www.oldenburg-kreis.de/jugend-und-familie/unterhalt-sorgerecht/elterliche-sorge/"
      }
    ],
    "metadata": {
      "agent": "jugend",
      "type": "link",
      "source": "https://www.oldenburg-kreis.de/jugend-und-familie/",
      "timestamp": "2025-10-29T07:49:51.271Z"
    }
  },
  {
    "url": "https://www.oldenburg-kreis.de/jugend-und-familie/unterhalt-sorgerecht/vaterschaftsfeststellung/",
    "title": "Vaterschaftsfeststellung",
    "content": "",
    "plain_text": "",
    "contacts": [],
    "forms": [],
    "links": [
      {
        "title": "Vaterschaftsfeststellung",
        "url": "https://www.oldenburg-kreis.de/jugend-und-familie/unterhalt-sorgerecht/vaterschaftsfeststellung/"
      }
    ],
    "metadata": {
      "agent": "jugend",
      "type": "link",
      "source": "https://www.oldenburg-kreis.de/jugend-und-familie/",
      "timestamp": "2025-10-29T07:49:51.271Z"
    }
  },
  {
    "url": "https://www.oldenburg-kreis.de/jugend-und-familie/unterhalt-sorgerecht/unterhaltsbeurkundungen/",
    "title": "Unterhaltsbeurkundungen",
    "content": "",
    "plain_text": "",
    "contacts": [],
    "forms": [],
    "links": [
      {
        "title": "Unterhaltsbeurkundungen",
        "url": "https://www.oldenburg-kreis.de/jugend-und-familie/unterhalt-sorgerecht/unterhaltsbeurkundungen/"
      }
    ],
    "metadata": {
      "agent": "jugend",
      "type": "link",
      "source": "https://www.oldenburg-kreis.de/jugend-und-familie/",
      "timestamp": "2025-10-29T07:49:51.271Z"
    }
  },
  {
    "url": "https://www.oldenburg-kreis.de/jugend-und-familie/",
    "title": "Unbekannt",
    "content": "",
    "plain_text": "",
    "contacts": [
      {
        "type": "phone",
        "value": "900000003"
      }
    ],
    "forms": [],
    "links": [],
    "metadata": {
      "agent": "jugend",
      "type": "contact",
      "source": "https://www.oldenburg-kreis.de/jugend-und-familie/",
      "timestamp": "2025-10-29T07:49:51.271Z"
    }
  },
  {
    "url": "https://www.oldenburg-kreis.de/jugend-und-familie/",
    "title": "Jugend und Familie",
    "content": "Sie sind hier: Jugend und Familie{\"@context\":\"https:\\/\\/schema.org\",\"@type\":\"BreadcrumbList\",\"itemListElement\":[{\"@type\":\"ListItem\",\"position\":1,\"item\":{\"@id\":\"https:\\/\\/www.oldenburg-kreis.de\\/portal\\/sitemap.html?naviID=900000003&amp;brotID=900000003&amp;id=900000003&amp;navi_id=900000003\",\"name\":\"Jugend und Familie\"}}]} Inhalt vorlesen Seite merken Seite drucken Jugend und FamilieKinderschutzSchutz- und KlärungsstelleGesetzlicher JugendschutzFührungszeugnisseKinderschutz-BeratungAllg. Sozialer DienstBezirkssozialarbeitStationäre JugendhilfeAdoptionsvermittlung & PflegekinderdienstJugendhilfe im StrafverfahrenSchutz- und KlärungsstelleEingliederungshilfeJugendamtWirtschaftliche JugendhilfeJugendhilfeplanungAusbildungsförderungBeratungsangeboteBeratungsstellenJugendarbeitJugendzentrenKreisjugendringJugendsozialarbeitKoordinierungsstelle SchulverweigerungSchulpflichterfüllung in JugendwerkstättenMobiler Dienst - SchulsozialarbeitPACEJugendwerkstatt LUPOKinderbetreuungKindertagespflegeKindertagesstättenWeitere Angebote für FamilienFrühe Hilfen - Angebote für Kinder von 0-3Café Kinderwagen / BobbycarCafé Kinderwagen/Bobbycar unterwegsFamilienhebammenZuwachs kommtEltern-CoachingFamilienlotsenElternkurseWaldgruppeSozialzentrumUnterhaltsvorschussBAföGElterngeldInfopunktUnterhalt & SorgerechtAmtspflegschaften / AmtsvormundschaftenBeistandschaftenElterliche SorgeVaterschaftsfeststellungUnterhaltsbeurkundungenZurück",
    "plain_text": "Sie sind hier: Jugend und Familie{\"@context\":\"https:\\/\\/schema.org\",\"@type\":\"BreadcrumbList\",\"itemListElement\":[{\"@type\":\"ListItem\",\"position\":1,\"item\":{\"@id\":\"https:\\/\\/www.oldenburg-kreis.de\\/portal\\/sitemap.html?naviID=900000003&amp;brotID=900000003&amp;id=900000003&amp;navi_id=900000003\",\"name\":\"Jugend und Familie\"}}]} Inhalt vorlesen Seite merken Seite drucken Jugend und FamilieKinderschutzSchutz- und KlärungsstelleGesetzlicher JugendschutzFührungszeugnisseKinderschutz-BeratungAllg. Sozialer DienstBezirkssozialarbeitStationäre JugendhilfeAdoptionsvermittlung & PflegekinderdienstJugendhilfe im StrafverfahrenSchutz- und KlärungsstelleEingliederungshilfeJugendamtWirtschaftliche JugendhilfeJugendhilfeplanungAusbildungsförderungBeratungsangeboteBeratungsstellenJugendarbeitJugendzentrenKreisjugendringJugendsozialarbeitKoordinierungsstelle SchulverweigerungSchulpflichterfüllung in JugendwerkstättenMobiler Dienst - SchulsozialarbeitPACEJugendwerkstatt LUPOKinderbetreuungKindertagespflegeKindertagesstättenWeitere Angebote für FamilienFrühe Hilfen - Angebote für Kinder von 0-3Café Kinderwagen / BobbycarCafé Kinderwagen/Bobbycar unterwegsFamilienhebammenZuwachs kommtEltern-CoachingFamilienlotsenElternkurseWaldgruppeSozialzentrumUnterhaltsvorschussBAföGElterngeldInfopunktUnterhalt & SorgerechtAmtspflegschaften / AmtsvormundschaftenBeistandschaftenElterliche SorgeVaterschaftsfeststellungUnterhaltsbeurkundungenZurück",
    "contacts": [],
    "forms": [],
    "links": [],
    "metadata": {
      "agent": "jugend",
      "type": "content",
      "source": "https://www.oldenburg-kreis.de/jugend-und-familie/",
      "timestamp": "2025-10-29T07:49:51.271Z"
    }
  },
  {
    "url": "https://www.oldenburg-kreis.de/portal/seiten/jugendamt-900000147-21700.html?naviID=900000033&brotID=900000033&rubrik=900000004",
    "title": "Jugendamt",
    "content": "",
    "plain_text": "",
    "contacts": [],
    "forms": [],
    "links": [
      {
        "title": "Jugendamt",
        "url": "https://www.oldenburg-kreis.de/portal/seiten/jugendamt-900000147-21700.html?naviID=900000033&brotID=900000033&rubrik=900000004"
      }
    ],
    "metadata": {
      "agent": "jugend",
      "type": "link",
      "source": "https://www.oldenburg-kreis.de/jugend-und-familie/jugendamt/",
      "timestamp": "2025-10-29T07:49:51.271Z"
    }
  },
  {
    "url": "https://ratsinfo.oldenburg-kreis.de/ratsinfo/lkoldenburg/person/details/231",
    "title": "Personendetails - Provox IIP (oldenburg-kreis.de)",
    "content": "",
    "plain_text": "",
    "contacts": [],
    "forms": [],
    "links": [
      {
        "title": "Personendetails - Provox IIP (oldenburg-kreis.de)",
        "url": "https://ratsinfo.oldenburg-kreis.de/ratsinfo/lkoldenburg/person/details/231"
      }
    ],
    "metadata": {
      "agent": "jugend",
      "type": "link",
      "source": "https://www.oldenburg-kreis.de/jugend-und-familie/jugendamt/",
      "timestamp": "2025-10-29T07:49:51.271Z"
    }
  },
  {
    "url": "http://ratsinfo.oldenburg-kreis.de/ratsinfo/lkoldenburg/organization/details/14",
    "title": "https://ratsinfo.oldenburg-kreis.de/ratsinfo/lkoldenburg/organization/details/14",
    "content": "",
    "plain_text": "",
    "contacts": [],
    "forms": [],
    "links": [
      {
        "title": "https://ratsinfo.oldenburg-kreis.de/ratsinfo/lkoldenburg/organization/details/14",
        "url": "http://ratsinfo.oldenburg-kreis.de/ratsinfo/lkoldenburg/organization/details/14"
      }
    ],
    "metadata": {
      "agent": "jugend",
      "type": "link",
      "source": "https://www.oldenburg-kreis.de/jugend-und-familie/jugendamt/",
      "timestamp": "2025-10-29T07:49:51.271Z"
    }
  },
  {
    "url": "https://www.oldenburg-kreis.de/jugend-und-familie/jugendamt/",
    "title": "Unbekannt",
    "content": "",
    "plain_text": "",
    "contacts": [
      {
        "type": "phone",
        "value": "900000003"
      }
    ],
    "forms": [],
    "links": [],
    "metadata": {
      "agent": "jugend",
      "type": "contact",
      "source": "https://www.oldenburg-kreis.de/jugend-und-familie/jugendamt/",
      "timestamp": "2025-10-29T07:49:51.271Z"
    }
  }
]
