[
  {
    "url": "https://www.oldenburg-kreis.de/portal/sitemap.html?naviID=900000001&brotID=900000001&id=900000003&navi_id=900000001",
    "title": "Landkreis und Verwaltung",
    "content": "Landkreis und Verwaltung/Kreistag",
    "plain_text": "Landkreis und Verwaltung/Kreistag",
    "contacts": [],
    "forms": [],
    "links": [
      {
        "title": "Landkreis und Verwaltung",
        "url": "https://www.oldenburg-kreis.de/portal/sitemap.html?naviID=900000001&brotID=900000001&id=900000003&navi_id=900000001",
        "valid": true
      }
    ],
    "metadata": {
      "agent": "ratsinfo",
      "type": "link",
      "source": "https://www.oldenburg-kreis.de/landkreis-und-verwaltung/kreistag/",
      "timestamp": "2025-10-29T11:07:42.006Z"
    }
  },
  {
    "url": "https://www.oldenburg-kreis.de/portal/seiten/kreistag-900000042-21700.html?naviID=900000021&brotID=900000021&rubrik=900000002",
    "title": "Kreistag",
    "content": "Kreistag",
    "plain_text": "Kreistag",
    "contacts": [],
    "forms": [],
    "links": [
      {
        "title": "Kreistag",
        "url": "https://www.oldenburg-kreis.de/portal/seiten/kreistag-900000042-21700.html?naviID=900000021&brotID=900000021&rubrik=900000002",
        "valid": true
      }
    ],
    "metadata": {
      "agent": "ratsinfo",
      "type": "link",
      "source": "https://www.oldenburg-kreis.de/landkreis-und-verwaltung/kreistag/",
      "timestamp": "2025-10-29T11:07:42.006Z"
    }
  },
  {
    "url": "https://www.oldenburg-kreis.de/landkreis-und-verwaltung/kreistag/",
    "title": "Unbekannt",
    "content": "Unbekannt",
    "plain_text": "Unbekannt",
    "contacts": [
      {
        "type": "phone",
        "value": "900000001"
      }
    ],
    "forms": [],
    "links": [],
    "metadata": {
      "agent": "ratsinfo",
      "type": "contact",
      "source": "https://www.oldenburg-kreis.de/landkreis-und-verwaltung/kreistag/",
      "timestamp": "2025-10-29T11:07:42.006Z"
    }
  },
  {
    "url": "https://www.oldenburg-kreis.de/landkreis-und-verwaltung/kreistag/",
    "title": "Der Kreistag",
    "content": "Der Kreistag ist das Hauptorgan des Landkreises Oldenburg. Seine Aufgaben sind geregelt in § 58 des Nds. Kommunalverfassungsgesetzes (NKomVG). Er setzt sich zusammen aus 50 Kreistagsabgeordneten und dem Landrat und tagt in der Regel vierteljährlich. Seine Beratungen sind grundsätzlich öffentlich. Zur Zeit besteht er aus drei Fraktionen und zwei Gruppen: Zusätzlich gehört dem Kreistag ein fraktions-/gruppenloses Mitglied an. Zur Vorbereitung seiner Entscheidungen hat der Kreistag verschiedene Kreistagsausschüsse gebildet. Nähere Informationen zum Kreistag und den Ausschüssen, sowie zu den Fraktionen und Gruppen finden Sie im Kreistagsinformationssystem, der Link ist für Sie unter „Weiterführende Seiten“ hinterlegt. Vertreterin des Kreistagsvorsitzenden • der CDU-Kreistagsfraktion (15 Mitglieder) • der SPD-Kreistagsfraktion (14 Mitglieder) • der Gruppe BÜNDNIS 90/DIE GRÜNEN - DIE LINKE (9 Mitglieder) • der Gruppe FDP / FREIE WÄHLER / UWG (9 Mitglieder) • der Kreistagsfraktion AfD Niedersachsen (2 Mitglieder)",
    "plain_text": "Der Kreistag ist das Hauptorgan des Landkreises Oldenburg. Seine Aufgaben sind geregelt in § 58 des Nds. Kommunalverfassungsgesetzes (NKomVG). Er setzt sich zusammen aus 50 Kreistagsabgeordneten und dem Landrat und tagt in der Regel vierteljährlich. Seine Beratungen sind grundsätzlich öffentlich. Zur Zeit besteht er aus drei Fraktionen und zwei Gruppen: Zusätzlich gehört dem Kreistag ein fraktions-/gruppenloses Mitglied an. Zur Vorbereitung seiner Entscheidungen hat der Kreistag verschiedene Kreistagsausschüsse gebildet. Nähere Informationen zum Kreistag und den Ausschüssen, sowie zu den Fraktionen und Gruppen finden Sie im Kreistagsinformationssystem, der Link ist für Sie unter „Weiterführende Seiten“ hinterlegt. Vertreterin des Kreistagsvorsitzenden • der CDU-Kreistagsfraktion (15 Mitglieder) • der SPD-Kreistagsfraktion (14 Mitglieder) • der Gruppe BÜNDNIS 90/DIE GRÜNEN - DIE LINKE (9 Mitglieder) • der Gruppe FDP / FREIE WÄHLER / UWG (9 Mitglieder) • der Kreistagsfraktion AfD Niedersachsen (2 Mitglieder)",
    "contacts": [],
    "forms": [],
    "links": [],
    "metadata": {
      "agent": "ratsinfo",
      "type": "content",
      "source": "https://www.oldenburg-kreis.de/landkreis-und-verwaltung/kreistag/",
      "timestamp": "2025-10-29T11:07:42.007Z",
      "sectionType": "main"
    }
  },
  {
    "url": "https://www.oldenburg-kreis.de/landkreis-und-verwaltung/kreistag/",
    "title": "Inhaltsbereich",
    "content": "Volltextsuche Suchen Sie sind hier: Landkreis und Verwaltung/Kreistag Inhalt vorlesen Seite merken Seite drucken Der Kreistag Der Kreistag ist das Hauptorgan des Landkreises Oldenburg. Seine Aufgaben sind geregelt in § 58 des Nds. Kommunalverfassungsgesetzes (NKomVG). Er setzt sich zusammen aus 50 Kreistagsabgeordneten und dem Landrat und tagt in der Regel vierteljährlich. Seine Beratungen sind grundsätzlich öffentlich. Zur Zeit besteht er aus drei Fraktionen und zwei Gruppen: der CDU-Kreistagsfraktion (15 Mitglieder) der SPD-Kreistagsfraktion (14 Mitglieder) der Gruppe BÜNDNIS 90/DIE GRÜNEN - DIE LINKE (9 Mitglieder) der Gruppe FDP / FREIE WÄHLER / UWG (9 Mitglieder) der Kreistagsfraktion AfD Niedersachsen (2 Mitglieder) Zusätzlich gehört dem Kreistag ein fraktions-/gruppenloses Mitglied an. Zur Vorbereitung seiner Entscheidungen hat der Kreistag verschiedene Kreistagsausschüsse gebildet. Nähere Informationen zum Kreistag und den Ausschüssen, sowie zu den Fraktionen und Gruppen finden Sie im Kreistagsinformationssystem, der Link ist für Sie unter „Weiterführende Seiten“ hinterlegt. Landrat Dr. Christian Pundt Vertreter des Landrates KTA Marion Daniel KTA Hajo Suhr KTA Christel Zießler Kreistagsvorsitzender KTA Hartmut Post Vertreterin des Kreistagsvorsitzenden KTA Anke Paradies Zurück",
    "plain_text": "Volltextsuche Suchen Sie sind hier: Landkreis und Verwaltung/Kreistag Inhalt vorlesen Seite merken Seite drucken Der Kreistag Der Kreistag ist das Hauptorgan des Landkreises Oldenburg. Seine Aufgaben sind geregelt in § 58 des Nds. Kommunalverfassungsgesetzes (NKomVG). Er setzt sich zusammen aus 50 Kreistagsabgeordneten und dem Landrat und tagt in der Regel vierteljährlich. Seine Beratungen sind grundsätzlich öffentlich. Zur Zeit besteht er aus drei Fraktionen und zwei Gruppen: der CDU-Kreistagsfraktion (15 Mitglieder) der SPD-Kreistagsfraktion (14 Mitglieder) der Gruppe BÜNDNIS 90/DIE GRÜNEN - DIE LINKE (9 Mitglieder) der Gruppe FDP / FREIE WÄHLER / UWG (9 Mitglieder) der Kreistagsfraktion AfD Niedersachsen (2 Mitglieder) Zusätzlich gehört dem Kreistag ein fraktions-/gruppenloses Mitglied an. Zur Vorbereitung seiner Entscheidungen hat der Kreistag verschiedene Kreistagsausschüsse gebildet. Nähere Informationen zum Kreistag und den Ausschüssen, sowie zu den Fraktionen und Gruppen finden Sie im Kreistagsinformationssystem, der Link ist für Sie unter „Weiterführende Seiten“ hinterlegt. Landrat Dr. Christian Pundt Vertreter des Landrates KTA Marion Daniel KTA Hajo Suhr KTA Christel Zießler Kreistagsvorsitzender KTA Hartmut Post Vertreterin des Kreistagsvorsitzenden KTA Anke Paradies Zurück",
    "contacts": [],
    "forms": [],
    "links": [],
    "metadata": {
      "agent": "ratsinfo",
      "type": "content",
      "source": "https://www.oldenburg-kreis.de/landkreis-und-verwaltung/kreistag/",
      "timestamp": "2025-10-29T11:07:42.007Z",
      "sectionType": "heading"
    }
  },
  {
    "url": "https://www.oldenburg-kreis.de/portal/seiten/kreisverwaltung-900000137-21700.html?naviID=900000040&brotID=900000040&rubrik=900000002",
    "title": "Kreisverwaltung",
    "content": "Kreisverwaltung",
    "plain_text": "Kreisverwaltung",
    "contacts": [],
    "forms": [],
    "links": [
      {
        "title": "Kreisverwaltung",
        "url": "https://www.oldenburg-kreis.de/portal/seiten/kreisverwaltung-900000137-21700.html?naviID=900000040&brotID=900000040&rubrik=900000002",
        "valid": true
      }
    ],
    "metadata": {
      "agent": "ratsinfo",
      "type": "link",
      "source": "https://www.oldenburg-kreis.de/landkreis-und-verwaltung/kreisverwaltung/",
      "timestamp": "2025-10-29T11:07:42.007Z"
    }
  },
  {
    "url": "https://www.oldenburg-kreis.de/landkreis-und-verwaltung/kreisverwaltung/kurzvorstellung-der-aemter/amt-fuer-teilhabe-und-soziale-sicherung/",
    "title": "Amt für Teilhabe und Soziale Sicherung",
    "content": "Amt für Teilhabe und Soziale Sicherung",
    "plain_text": "Amt für Teilhabe und Soziale Sicherung",
    "contacts": [],
    "forms": [],
    "links": [
      {
        "title": "Amt für Teilhabe und Soziale Sicherung",
        "url": "https://www.oldenburg-kreis.de/landkreis-und-verwaltung/kreisverwaltung/kurzvorstellung-der-aemter/amt-fuer-teilhabe-und-soziale-sicherung/",
        "valid": false
      }
    ],
    "metadata": {
      "agent": "ratsinfo",
      "type": "link",
      "source": "https://www.oldenburg-kreis.de/landkreis-und-verwaltung/kreisverwaltung/",
      "timestamp": "2025-10-29T11:07:42.007Z"
    }
  },
  {
    "url": "https://www.oldenburg-kreis.de/landkreis-und-verwaltung/kreisverwaltung/kurzvorstellung-der-aemter/amt-fuer-bodenschutz-und-abfallwirtschaft/",
    "title": "Amt für Bodenschutz und Abfallwirtschaft",
    "content": "Amt für Bodenschutz und Abfallwirtschaft",
    "plain_text": "Amt für Bodenschutz und Abfallwirtschaft",
    "contacts": [],
    "forms": [],
    "links": [
      {
        "title": "Amt für Bodenschutz und Abfallwirtschaft",
        "url": "https://www.oldenburg-kreis.de/landkreis-und-verwaltung/kreisverwaltung/kurzvorstellung-der-aemter/amt-fuer-bodenschutz-und-abfallwirtschaft/",
        "valid": true
      }
    ],
    "metadata": {
      "agent": "ratsinfo",
      "type": "link",
      "source": "https://www.oldenburg-kreis.de/landkreis-und-verwaltung/kreisverwaltung/",
      "timestamp": "2025-10-29T11:07:42.007Z"
    }
  },
  {
    "url": "https://www.oldenburg-kreis.de/landkreis-und-verwaltung/kreisverwaltung/kurzvorstellung-der-aemter/amt-fuer-brand-und-katastrophenschutz-rettungsdienst/",
    "title": "Amt für Brand- und Katastrophenschutz, Rettungsdienst",
    "content": "Amt für Brand- und Katastrophenschutz, Rettungsdienst",
    "plain_text": "Amt für Brand- und Katastrophenschutz, Rettungsdienst",
    "contacts": [],
    "forms": [],
    "links": [
      {
        "title": "Amt für Brand- und Katastrophenschutz, Rettungsdienst",
        "url": "https://www.oldenburg-kreis.de/landkreis-und-verwaltung/kreisverwaltung/kurzvorstellung-der-aemter/amt-fuer-brand-und-katastrophenschutz-rettungsdienst/",
        "valid": true
      }
    ],
    "metadata": {
      "agent": "ratsinfo",
      "type": "link",
      "source": "https://www.oldenburg-kreis.de/landkreis-und-verwaltung/kreisverwaltung/",
      "timestamp": "2025-10-29T11:07:42.007Z"
    }
  },
  {
    "url": "https://www.oldenburg-kreis.de/landkreis-und-verwaltung/kreisverwaltung/kurzvorstellung-der-aemter/amt-fuer-regionale-entwicklung-und-naturschutz/",
    "title": "Amt für regionale Entwicklung und Naturschutz",
    "content": "Amt für regionale Entwicklung und Naturschutz",
    "plain_text": "Amt für regionale Entwicklung und Naturschutz",
    "contacts": [],
    "forms": [],
    "links": [
      {
        "title": "Amt für regionale Entwicklung und Naturschutz",
        "url": "https://www.oldenburg-kreis.de/landkreis-und-verwaltung/kreisverwaltung/kurzvorstellung-der-aemter/amt-fuer-regionale-entwicklung-und-naturschutz/",
        "valid": true
      }
    ],
    "metadata": {
      "agent": "ratsinfo",
      "type": "link",
      "source": "https://www.oldenburg-kreis.de/landkreis-und-verwaltung/kreisverwaltung/",
      "timestamp": "2025-10-29T11:07:42.007Z"
    }
  },
  {
    "url": "https://www.oldenburg-kreis.de/landkreis-und-verwaltung/kreisverwaltung/kurzvorstellung-der-aemter/amt-fuer-zentrale-dienste/",
    "title": "Amt für Zentrale Dienste",
    "content": "Amt für Zentrale Dienste",
    "plain_text": "Amt für Zentrale Dienste",
    "contacts": [],
    "forms": [],
    "links": [
      {
        "title": "Amt für Zentrale Dienste",
        "url": "https://www.oldenburg-kreis.de/landkreis-und-verwaltung/kreisverwaltung/kurzvorstellung-der-aemter/amt-fuer-zentrale-dienste/",
        "valid": true
      }
    ],
    "metadata": {
      "agent": "ratsinfo",
      "type": "link",
      "source": "https://www.oldenburg-kreis.de/landkreis-und-verwaltung/kreisverwaltung/",
      "timestamp": "2025-10-29T11:07:42.007Z"
    }
  },
  {
    "url": "https://www.oldenburg-kreis.de/landkreis-und-verwaltung/kreisverwaltung/kurzvorstellung-der-aemter/bauordnungsamt/",
    "title": "Bauordnungsamt",
    "content": "Bauordnungsamt",
    "plain_text": "Bauordnungsamt",
    "contacts": [],
    "forms": [],
    "links": [
      {
        "title": "Bauordnungsamt",
        "url": "https://www.oldenburg-kreis.de/landkreis-und-verwaltung/kreisverwaltung/kurzvorstellung-der-aemter/bauordnungsamt/",
        "valid": true
      }
    ],
    "metadata": {
      "agent": "ratsinfo",
      "type": "link",
      "source": "https://www.oldenburg-kreis.de/landkreis-und-verwaltung/kreisverwaltung/",
      "timestamp": "2025-10-29T11:07:42.007Z"
    }
  },
  {
    "url": "https://www.oldenburg-kreis.de/landkreis-und-verwaltung/kreisverwaltung/kurzvorstellung-der-aemter/gesundheitsamt/",
    "title": "Gesundheitsamt",
    "content": "Gesundheitsamt",
    "plain_text": "Gesundheitsamt",
    "contacts": [],
    "forms": [],
    "links": [
      {
        "title": "Gesundheitsamt",
        "url": "https://www.oldenburg-kreis.de/landkreis-und-verwaltung/kreisverwaltung/kurzvorstellung-der-aemter/gesundheitsamt/",
        "valid": true
      }
    ],
    "metadata": {
      "agent": "ratsinfo",
      "type": "link",
      "source": "https://www.oldenburg-kreis.de/landkreis-und-verwaltung/kreisverwaltung/",
      "timestamp": "2025-10-29T11:07:42.007Z"
    }
  },
  {
    "url": "https://www.oldenburg-kreis.de/landkreis-und-verwaltung/kreisverwaltung/kurzvorstellung-der-aemter/jobcenter/",
    "title": "Jobcenter",
    "content": "Jobcenter",
    "plain_text": "Jobcenter",
    "contacts": [],
    "forms": [],
    "links": [
      {
        "title": "Jobcenter",
        "url": "https://www.oldenburg-kreis.de/landkreis-und-verwaltung/kreisverwaltung/kurzvorstellung-der-aemter/jobcenter/",
        "valid": true
      }
    ],
    "metadata": {
      "agent": "ratsinfo",
      "type": "link",
      "source": "https://www.oldenburg-kreis.de/landkreis-und-verwaltung/kreisverwaltung/",
      "timestamp": "2025-10-29T11:07:42.007Z"
    }
  },
  {
    "url": "https://www.oldenburg-kreis.de/landkreis-und-verwaltung/kreisverwaltung/kurzvorstellung-der-aemter/jugendamt/",
    "title": "Jugendamt",
    "content": "Jugendamt",
    "plain_text": "Jugendamt",
    "contacts": [],
    "forms": [],
    "links": [
      {
        "title": "Jugendamt",
        "url": "https://www.oldenburg-kreis.de/landkreis-und-verwaltung/kreisverwaltung/kurzvorstellung-der-aemter/jugendamt/",
        "valid": true
      }
    ],
    "metadata": {
      "agent": "ratsinfo",
      "type": "link",
      "source": "https://www.oldenburg-kreis.de/landkreis-und-verwaltung/kreisverwaltung/",
      "timestamp": "2025-10-29T11:07:42.007Z"
    }
  },
  {
    "url": "https://www.oldenburg-kreis.de/landkreis-und-verwaltung/kreisverwaltung/kurzvorstellung-der-aemter/kaemmerei-kreiskasse/",
    "title": "Kämmerei / Kreiskasse",
    "content": "Kämmerei / Kreiskasse",
    "plain_text": "Kämmerei / Kreiskasse",
    "contacts": [],
    "forms": [],
    "links": [
      {
        "title": "Kämmerei / Kreiskasse",
        "url": "https://www.oldenburg-kreis.de/landkreis-und-verwaltung/kreisverwaltung/kurzvorstellung-der-aemter/kaemmerei-kreiskasse/",
        "valid": true
      }
    ],
    "metadata": {
      "agent": "ratsinfo",
      "type": "link",
      "source": "https://www.oldenburg-kreis.de/landkreis-und-verwaltung/kreisverwaltung/",
      "timestamp": "2025-10-29T11:07:42.007Z"
    }
  },
  {
    "url": "https://www.oldenburg-kreis.de/landkreis-und-verwaltung/kreisverwaltung/kurzvorstellung-der-aemter/ordnungsamt/",
    "title": "Ordnungsamt",
    "content": "Ordnungsamt",
    "plain_text": "Ordnungsamt",
    "contacts": [],
    "forms": [],
    "links": [
      {
        "title": "Ordnungsamt",
        "url": "https://www.oldenburg-kreis.de/landkreis-und-verwaltung/kreisverwaltung/kurzvorstellung-der-aemter/ordnungsamt/",
        "valid": true
      }
    ],
    "metadata": {
      "agent": "ratsinfo",
      "type": "link",
      "source": "https://www.oldenburg-kreis.de/landkreis-und-verwaltung/kreisverwaltung/",
      "timestamp": "2025-10-29T11:07:42.007Z"
    }
  },
  {
    "url": "https://www.oldenburg-kreis.de/landkreis-und-verwaltung/kreisverwaltung/kurzvorstellung-der-aemter/rechnungspruefungsamt/",
    "title": "Rechnungsprüfungsamt",
    "content": "Rechnungsprüfungsamt",
    "plain_text": "Rechnungsprüfungsamt",
    "contacts": [],
    "forms": [],
    "links": [
      {
        "title": "Rechnungsprüfungsamt",
        "url": "https://www.oldenburg-kreis.de/landkreis-und-verwaltung/kreisverwaltung/kurzvorstellung-der-aemter/rechnungspruefungsamt/",
        "valid": true
      }
    ],
    "metadata": {
      "agent": "ratsinfo",
      "type": "link",
      "source": "https://www.oldenburg-kreis.de/landkreis-und-verwaltung/kreisverwaltung/",
      "timestamp": "2025-10-29T11:07:42.007Z"
    }
  },
  {
    "url": "https://www.oldenburg-kreis.de/landkreis-und-verwaltung/kreisverwaltung/kurzvorstellung-der-aemter/rechtsamt/",
    "title": "Rechtsamt",
    "content": "Rechtsamt",
    "plain_text": "Rechtsamt",
    "contacts": [],
    "forms": [],
    "links": [
      {
        "title": "Rechtsamt",
        "url": "https://www.oldenburg-kreis.de/landkreis-und-verwaltung/kreisverwaltung/kurzvorstellung-der-aemter/rechtsamt/",
        "valid": true
      }
    ],
    "metadata": {
      "agent": "ratsinfo",
      "type": "link",
      "source": "https://www.oldenburg-kreis.de/landkreis-und-verwaltung/kreisverwaltung/",
      "timestamp": "2025-10-29T11:07:42.007Z"
    }
  },
  {
    "url": "https://www.oldenburg-kreis.de/landkreis-und-verwaltung/kreisverwaltung/kurzvorstellung-der-aemter/schulamt-und-hochbau/",
    "title": "Schulamt und Hochbau",
    "content": "Schulamt und Hochbau",
    "plain_text": "Schulamt und Hochbau",
    "contacts": [],
    "forms": [],
    "links": [
      {
        "title": "Schulamt und Hochbau",
        "url": "https://www.oldenburg-kreis.de/landkreis-und-verwaltung/kreisverwaltung/kurzvorstellung-der-aemter/schulamt-und-hochbau/",
        "valid": true
      }
    ],
    "metadata": {
      "agent": "ratsinfo",
      "type": "link",
      "source": "https://www.oldenburg-kreis.de/landkreis-und-verwaltung/kreisverwaltung/",
      "timestamp": "2025-10-29T11:07:42.007Z"
    }
  },
  {
    "url": "https://www.oldenburg-kreis.de/landkreis-und-verwaltung/kreisverwaltung/kurzvorstellung-der-aemter/strassenverkehrsamt/",
    "title": "Straßenverkehrsamt",
    "content": "Straßenverkehrsamt",
    "plain_text": "Straßenverkehrsamt",
    "contacts": [],
    "forms": [],
    "links": [
      {
        "title": "Straßenverkehrsamt",
        "url": "https://www.oldenburg-kreis.de/landkreis-und-verwaltung/kreisverwaltung/kurzvorstellung-der-aemter/strassenverkehrsamt/",
        "valid": true
      }
    ],
    "metadata": {
      "agent": "ratsinfo",
      "type": "link",
      "source": "https://www.oldenburg-kreis.de/landkreis-und-verwaltung/kreisverwaltung/",
      "timestamp": "2025-10-29T11:07:42.007Z"
    }
  },
  {
    "url": "https://www.oldenburg-kreis.de/landkreis-und-verwaltung/kreisverwaltung/kurzvorstellung-der-aemter/veterinaeramt/",
    "title": "Veterinäramt",
    "content": "Veterinäramt",
    "plain_text": "Veterinäramt",
    "contacts": [],
    "forms": [],
    "links": [
      {
        "title": "Veterinäramt",
        "url": "https://www.oldenburg-kreis.de/landkreis-und-verwaltung/kreisverwaltung/kurzvorstellung-der-aemter/veterinaeramt/",
        "valid": true
      }
    ],
    "metadata": {
      "agent": "ratsinfo",
      "type": "link",
      "source": "https://www.oldenburg-kreis.de/landkreis-und-verwaltung/kreisverwaltung/",
      "timestamp": "2025-10-29T11:07:42.007Z"
    }
  },
  {
    "url": "https://www.oldenburg-kreis.de/buergerservice/verwaltung/landrat-900000478-21700.html?titel=Landrat",
    "title": "Landrat",
    "content": "LandratFachstelle IntegrationGleichstellungsbeauftragteKlimaschutzRechnungsprüfungsamtDezernat I \"Bau\"BauordnungsamtAmt für regionale Entwicklung und NaturschutzAmt für Bodenschutz und AbfallwirtschaftDezernat II \"Innere Verwaltung und Schulen\"Amt für Zentrale DiensteKämmerei / KreiskasseSchulamt, HochbauDezernat III \"Ordnung und Recht\"OrdnungsamtRechtsamtAmt für Brand- und Katastrophenschutz, Ret",
    "plain_text": "LandratFachstelle IntegrationGleichstellungsbeauftragteKlimaschutzRechnungsprüfungsamtDezernat I \"Bau\"BauordnungsamtAmt für regionale Entwicklung und NaturschutzAmt für Bodenschutz und AbfallwirtschaftDezernat II \"Innere Verwaltung und Schulen\"Amt für Zentrale DiensteKämmerei / KreiskasseSchulamt, HochbauDezernat III \"Ordnung und Recht\"OrdnungsamtRechtsamtAmt für Brand- und Katastrophenschutz, Ret",
    "contacts": [],
    "forms": [],
    "links": [
      {
        "title": "Landrat",
        "url": "https://www.oldenburg-kreis.de/buergerservice/verwaltung/landrat-900000478-21700.html?titel=Landrat",
        "valid": true
      }
    ],
    "metadata": {
      "agent": "ratsinfo",
      "type": "link",
      "source": "https://www.oldenburg-kreis.de/landkreis-und-verwaltung/kreisverwaltung/",
      "timestamp": "2025-10-29T11:07:42.007Z"
    }
  },
  {
    "url": "https://www.oldenburg-kreis.de/buergerservice/verwaltung/fachstelle-integration-900001176-21700.html?titel=Fachstelle+Integration",
    "title": "Fachstelle Integration",
    "content": "LandratFachstelle IntegrationGleichstellungsbeauftragteKlimaschutzRechnungsprüfungsamtDezernat I \"Bau\"BauordnungsamtAmt für regionale Entwicklung und NaturschutzAmt für Bodenschutz und AbfallwirtschaftDezernat II \"Innere Verwaltung und Schulen\"Amt für Zentrale DiensteKämmerei / KreiskasseSchulamt, HochbauDezernat III \"Ordnung und Recht\"OrdnungsamtRechtsamtAmt für Brand- und Katastrophenschutz, Ret",
    "plain_text": "LandratFachstelle IntegrationGleichstellungsbeauftragteKlimaschutzRechnungsprüfungsamtDezernat I \"Bau\"BauordnungsamtAmt für regionale Entwicklung und NaturschutzAmt für Bodenschutz und AbfallwirtschaftDezernat II \"Innere Verwaltung und Schulen\"Amt für Zentrale DiensteKämmerei / KreiskasseSchulamt, HochbauDezernat III \"Ordnung und Recht\"OrdnungsamtRechtsamtAmt für Brand- und Katastrophenschutz, Ret",
    "contacts": [],
    "forms": [],
    "links": [
      {
        "title": "Fachstelle Integration",
        "url": "https://www.oldenburg-kreis.de/buergerservice/verwaltung/fachstelle-integration-900001176-21700.html?titel=Fachstelle+Integration",
        "valid": false
      }
    ],
    "metadata": {
      "agent": "ratsinfo",
      "type": "link",
      "source": "https://www.oldenburg-kreis.de/landkreis-und-verwaltung/kreisverwaltung/",
      "timestamp": "2025-10-29T11:07:42.007Z"
    }
  },
  {
    "url": "https://www.oldenburg-kreis.de/buergerservice/verwaltung/gleichstellungsbeauftragte-900000005-21700.html?titel=Gleichstellungsbeauftragte",
    "title": "Gleichstellungsbeauftragte",
    "content": "LandratFachstelle IntegrationGleichstellungsbeauftragteKlimaschutzRechnungsprüfungsamtDezernat I \"Bau\"BauordnungsamtAmt für regionale Entwicklung und NaturschutzAmt für Bodenschutz und AbfallwirtschaftDezernat II \"Innere Verwaltung und Schulen\"Amt für Zentrale DiensteKämmerei / KreiskasseSchulamt, HochbauDezernat III \"Ordnung und Recht\"OrdnungsamtRechtsamtAmt für Brand- und Katastrophenschutz, Ret",
    "plain_text": "LandratFachstelle IntegrationGleichstellungsbeauftragteKlimaschutzRechnungsprüfungsamtDezernat I \"Bau\"BauordnungsamtAmt für regionale Entwicklung und NaturschutzAmt für Bodenschutz und AbfallwirtschaftDezernat II \"Innere Verwaltung und Schulen\"Amt für Zentrale DiensteKämmerei / KreiskasseSchulamt, HochbauDezernat III \"Ordnung und Recht\"OrdnungsamtRechtsamtAmt für Brand- und Katastrophenschutz, Ret",
    "contacts": [],
    "forms": [],
    "links": [
      {
        "title": "Gleichstellungsbeauftragte",
        "url": "https://www.oldenburg-kreis.de/buergerservice/verwaltung/gleichstellungsbeauftragte-900000005-21700.html?titel=Gleichstellungsbeauftragte",
        "valid": true
      }
    ],
    "metadata": {
      "agent": "ratsinfo",
      "type": "link",
      "source": "https://www.oldenburg-kreis.de/landkreis-und-verwaltung/kreisverwaltung/",
      "timestamp": "2025-10-29T11:07:42.007Z"
    }
  },
  {
    "url": "https://www.oldenburg-kreis.de/buergerservice/verwaltung/klimaschutz-900001177-21700.html?titel=Klimaschutz",
    "title": "Klimaschutz",
    "content": "LandratFachstelle IntegrationGleichstellungsbeauftragteKlimaschutzRechnungsprüfungsamtDezernat I \"Bau\"BauordnungsamtAmt für regionale Entwicklung und NaturschutzAmt für Bodenschutz und AbfallwirtschaftDezernat II \"Innere Verwaltung und Schulen\"Amt für Zentrale DiensteKämmerei / KreiskasseSchulamt, HochbauDezernat III \"Ordnung und Recht\"OrdnungsamtRechtsamtAmt für Brand- und Katastrophenschutz, Ret",
    "plain_text": "LandratFachstelle IntegrationGleichstellungsbeauftragteKlimaschutzRechnungsprüfungsamtDezernat I \"Bau\"BauordnungsamtAmt für regionale Entwicklung und NaturschutzAmt für Bodenschutz und AbfallwirtschaftDezernat II \"Innere Verwaltung und Schulen\"Amt für Zentrale DiensteKämmerei / KreiskasseSchulamt, HochbauDezernat III \"Ordnung und Recht\"OrdnungsamtRechtsamtAmt für Brand- und Katastrophenschutz, Ret",
    "contacts": [],
    "forms": [],
    "links": [
      {
        "title": "Klimaschutz",
        "url": "https://www.oldenburg-kreis.de/buergerservice/verwaltung/klimaschutz-900001177-21700.html?titel=Klimaschutz",
        "valid": true
      }
    ],
    "metadata": {
      "agent": "ratsinfo",
      "type": "link",
      "source": "https://www.oldenburg-kreis.de/landkreis-und-verwaltung/kreisverwaltung/",
      "timestamp": "2025-10-29T11:07:42.007Z"
    }
  },
  {
    "url": "https://www.oldenburg-kreis.de/buergerservice/verwaltung/rechnungspruefungsamt-900000006-21700.html?titel=Rechnungspr%C3%BCfungsamt",
    "title": "Rechnungsprüfungsamt",
    "content": "LandratFachstelle IntegrationGleichstellungsbeauftragteKlimaschutzRechnungsprüfungsamtDezernat I \"Bau\"BauordnungsamtAmt für regionale Entwicklung und NaturschutzAmt für Bodenschutz und AbfallwirtschaftDezernat II \"Innere Verwaltung und Schulen\"Amt für Zentrale DiensteKämmerei / KreiskasseSchulamt, HochbauDezernat III \"Ordnung und Recht\"OrdnungsamtRechtsamtAmt für Brand- und Katastrophenschutz, Ret",
    "plain_text": "LandratFachstelle IntegrationGleichstellungsbeauftragteKlimaschutzRechnungsprüfungsamtDezernat I \"Bau\"BauordnungsamtAmt für regionale Entwicklung und NaturschutzAmt für Bodenschutz und AbfallwirtschaftDezernat II \"Innere Verwaltung und Schulen\"Amt für Zentrale DiensteKämmerei / KreiskasseSchulamt, HochbauDezernat III \"Ordnung und Recht\"OrdnungsamtRechtsamtAmt für Brand- und Katastrophenschutz, Ret",
    "contacts": [],
    "forms": [],
    "links": [
      {
        "title": "Rechnungsprüfungsamt",
        "url": "https://www.oldenburg-kreis.de/buergerservice/verwaltung/rechnungspruefungsamt-900000006-21700.html?titel=Rechnungspr%C3%BCfungsamt",
        "valid": true
      }
    ],
    "metadata": {
      "agent": "ratsinfo",
      "type": "link",
      "source": "https://www.oldenburg-kreis.de/landkreis-und-verwaltung/kreisverwaltung/",
      "timestamp": "2025-10-29T11:07:42.007Z"
    }
  },
  {
    "url": "https://www.oldenburg-kreis.de/buergerservice/verwaltung/dezernat-i-bau-900000001-21700.html?titel=Dezernat+I+%22Bau%22",
    "title": "Dezernat I \"Bau\"",
    "content": "BauordnungsamtAmt für regionale Entwicklung und NaturschutzAmt für Bodenschutz und Abfallwirtschaft",
    "plain_text": "BauordnungsamtAmt für regionale Entwicklung und NaturschutzAmt für Bodenschutz und Abfallwirtschaft",
    "contacts": [],
    "forms": [],
    "links": [
      {
        "title": "Dezernat I \"Bau\"",
        "url": "https://www.oldenburg-kreis.de/buergerservice/verwaltung/dezernat-i-bau-900000001-21700.html?titel=Dezernat+I+%22Bau%22",
        "valid": true
      }
    ],
    "metadata": {
      "agent": "ratsinfo",
      "type": "link",
      "source": "https://www.oldenburg-kreis.de/landkreis-und-verwaltung/kreisverwaltung/",
      "timestamp": "2025-10-29T11:07:42.007Z"
    }
  },
  {
    "url": "https://www.oldenburg-kreis.de/buergerservice/verwaltung/bauordnungsamt-900000007-21700.html?titel=Bauordnungsamt",
    "title": "Bauordnungsamt",
    "content": "BauordnungsamtAmt für regionale Entwicklung und NaturschutzAmt für Bodenschutz und Abfallwirtschaft",
    "plain_text": "BauordnungsamtAmt für regionale Entwicklung und NaturschutzAmt für Bodenschutz und Abfallwirtschaft",
    "contacts": [],
    "forms": [],
    "links": [
      {
        "title": "Bauordnungsamt",
        "url": "https://www.oldenburg-kreis.de/buergerservice/verwaltung/bauordnungsamt-900000007-21700.html?titel=Bauordnungsamt",
        "valid": true
      }
    ],
    "metadata": {
      "agent": "ratsinfo",
      "type": "link",
      "source": "https://www.oldenburg-kreis.de/landkreis-und-verwaltung/kreisverwaltung/",
      "timestamp": "2025-10-29T11:07:42.007Z"
    }
  },
  {
    "url": "https://www.oldenburg-kreis.de/buergerservice/verwaltung/amt-fuer-regionale-entwicklung-und-naturschutz-900000009-21700.html?titel=Amt+f%C3%BCr+regionale+Entwicklung+und+Naturschutz",
    "title": "Amt für regionale Entwicklung und Naturschutz",
    "content": "Amt für regionale Entwicklung und Naturschutz",
    "plain_text": "Amt für regionale Entwicklung und Naturschutz",
    "contacts": [],
    "forms": [],
    "links": [
      {
        "title": "Amt für regionale Entwicklung und Naturschutz",
        "url": "https://www.oldenburg-kreis.de/buergerservice/verwaltung/amt-fuer-regionale-entwicklung-und-naturschutz-900000009-21700.html?titel=Amt+f%C3%BCr+regionale+Entwicklung+und+Naturschutz",
        "valid": true
      }
    ],
    "metadata": {
      "agent": "ratsinfo",
      "type": "link",
      "source": "https://www.oldenburg-kreis.de/landkreis-und-verwaltung/kreisverwaltung/",
      "timestamp": "2025-10-29T11:07:42.007Z"
    }
  },
  {
    "url": "https://www.oldenburg-kreis.de/buergerservice/verwaltung/amt-fuer-bodenschutz-und-abfallwirtschaft-900000008-21700.html?titel=Amt+f%C3%BCr+Bodenschutz+und+Abfallwirtschaft",
    "title": "Amt für Bodenschutz und Abfallwirtschaft",
    "content": "Amt für Bodenschutz und Abfallwirtschaft",
    "plain_text": "Amt für Bodenschutz und Abfallwirtschaft",
    "contacts": [],
    "forms": [],
    "links": [
      {
        "title": "Amt für Bodenschutz und Abfallwirtschaft",
        "url": "https://www.oldenburg-kreis.de/buergerservice/verwaltung/amt-fuer-bodenschutz-und-abfallwirtschaft-900000008-21700.html?titel=Amt+f%C3%BCr+Bodenschutz+und+Abfallwirtschaft",
        "valid": true
      }
    ],
    "metadata": {
      "agent": "ratsinfo",
      "type": "link",
      "source": "https://www.oldenburg-kreis.de/landkreis-und-verwaltung/kreisverwaltung/",
      "timestamp": "2025-10-29T11:07:42.007Z"
    }
  },
  {
    "url": "https://www.oldenburg-kreis.de/buergerservice/verwaltung/dezernat-ii-innere-verwaltung-und-schulen-900000002-21700.html?titel=Dezernat+II+%22Innere+Verwaltung+und+Schulen%22",
    "title": "Dezernat II \"Innere Verwaltung und Schulen\"",
    "content": "Amt für Zentrale DiensteKämmerei / KreiskasseSchulamt, Hochbau",
    "plain_text": "Amt für Zentrale DiensteKämmerei / KreiskasseSchulamt, Hochbau",
    "contacts": [],
    "forms": [],
    "links": [
      {
        "title": "Dezernat II \"Innere Verwaltung und Schulen\"",
        "url": "https://www.oldenburg-kreis.de/buergerservice/verwaltung/dezernat-ii-innere-verwaltung-und-schulen-900000002-21700.html?titel=Dezernat+II+%22Innere+Verwaltung+und+Schulen%22",
        "valid": true
      }
    ],
    "metadata": {
      "agent": "ratsinfo",
      "type": "link",
      "source": "https://www.oldenburg-kreis.de/landkreis-und-verwaltung/kreisverwaltung/",
      "timestamp": "2025-10-29T11:07:42.007Z"
    }
  },
  {
    "url": "https://www.oldenburg-kreis.de/buergerservice/verwaltung/amt-fuer-zentrale-dienste-900000010-21700.html?titel=Amt+f%C3%BCr+Zentrale+Dienste",
    "title": "Amt für Zentrale Dienste",
    "content": "Amt für Zentrale DiensteKämmerei / KreiskasseSchulamt, Hochbau",
    "plain_text": "Amt für Zentrale DiensteKämmerei / KreiskasseSchulamt, Hochbau",
    "contacts": [],
    "forms": [],
    "links": [
      {
        "title": "Amt für Zentrale Dienste",
        "url": "https://www.oldenburg-kreis.de/buergerservice/verwaltung/amt-fuer-zentrale-dienste-900000010-21700.html?titel=Amt+f%C3%BCr+Zentrale+Dienste",
        "valid": true
      }
    ],
    "metadata": {
      "agent": "ratsinfo",
      "type": "link",
      "source": "https://www.oldenburg-kreis.de/landkreis-und-verwaltung/kreisverwaltung/",
      "timestamp": "2025-10-29T11:07:42.007Z"
    }
  },
  {
    "url": "https://www.oldenburg-kreis.de/buergerservice/verwaltung/kaemmerei-kreiskasse-900000011-21700.html?titel=K%C3%A4mmerei+%2F+Kreiskasse",
    "title": "Kämmerei / Kreiskasse",
    "content": "Amt für Zentrale DiensteKämmerei / KreiskasseSchulamt, Hochbau",
    "plain_text": "Amt für Zentrale DiensteKämmerei / KreiskasseSchulamt, Hochbau",
    "contacts": [],
    "forms": [],
    "links": [
      {
        "title": "Kämmerei / Kreiskasse",
        "url": "https://www.oldenburg-kreis.de/buergerservice/verwaltung/kaemmerei-kreiskasse-900000011-21700.html?titel=K%C3%A4mmerei+%2F+Kreiskasse",
        "valid": true
      }
    ],
    "metadata": {
      "agent": "ratsinfo",
      "type": "link",
      "source": "https://www.oldenburg-kreis.de/landkreis-und-verwaltung/kreisverwaltung/",
      "timestamp": "2025-10-29T11:07:42.007Z"
    }
  },
  {
    "url": "https://www.oldenburg-kreis.de/buergerservice/verwaltung/schulamt-hochbau-900000013-21700.html?titel=Schulamt%2C+Hochbau",
    "title": "Schulamt, Hochbau",
    "content": "Amt für Zentrale DiensteKämmerei / KreiskasseSchulamt, Hochbau",
    "plain_text": "Amt für Zentrale DiensteKämmerei / KreiskasseSchulamt, Hochbau",
    "contacts": [],
    "forms": [],
    "links": [
      {
        "title": "Schulamt, Hochbau",
        "url": "https://www.oldenburg-kreis.de/buergerservice/verwaltung/schulamt-hochbau-900000013-21700.html?titel=Schulamt%2C+Hochbau",
        "valid": true
      }
    ],
    "metadata": {
      "agent": "ratsinfo",
      "type": "link",
      "source": "https://www.oldenburg-kreis.de/landkreis-und-verwaltung/kreisverwaltung/",
      "timestamp": "2025-10-29T11:07:42.007Z"
    }
  },
  {
    "url": "https://www.oldenburg-kreis.de/buergerservice/verwaltung/dezernat-iii-ordnung-und-recht-900000003-21700.html?titel=Dezernat+III+%22Ordnung+und+Recht%22",
    "title": "Dezernat III \"Ordnung und Recht\"",
    "content": "OrdnungsamtRechtsamtAmt für Brand- und Katastrophenschutz, RettungsdienstStraßenverkehrsamtFührerscheinstelleKfz-ZulassungsstelleVeterinäramt",
    "plain_text": "OrdnungsamtRechtsamtAmt für Brand- und Katastrophenschutz, RettungsdienstStraßenverkehrsamtFührerscheinstelleKfz-ZulassungsstelleVeterinäramt",
    "contacts": [],
    "forms": [],
    "links": [
      {
        "title": "Dezernat III \"Ordnung und Recht\"",
        "url": "https://www.oldenburg-kreis.de/buergerservice/verwaltung/dezernat-iii-ordnung-und-recht-900000003-21700.html?titel=Dezernat+III+%22Ordnung+und+Recht%22",
        "valid": true
      }
    ],
    "metadata": {
      "agent": "ratsinfo",
      "type": "link",
      "source": "https://www.oldenburg-kreis.de/landkreis-und-verwaltung/kreisverwaltung/",
      "timestamp": "2025-10-29T11:07:42.007Z"
    }
  },
  {
    "url": "https://www.oldenburg-kreis.de/buergerservice/verwaltung/ordnungsamt-900000015-21700.html?titel=Ordnungsamt",
    "title": "Ordnungsamt",
    "content": "OrdnungsamtRechtsamtAmt für Brand- und Katastrophenschutz, RettungsdienstStraßenverkehrsamtFührerscheinstelleKfz-ZulassungsstelleVeterinäramt",
    "plain_text": "OrdnungsamtRechtsamtAmt für Brand- und Katastrophenschutz, RettungsdienstStraßenverkehrsamtFührerscheinstelleKfz-ZulassungsstelleVeterinäramt",
    "contacts": [],
    "forms": [],
    "links": [
      {
        "title": "Ordnungsamt",
        "url": "https://www.oldenburg-kreis.de/buergerservice/verwaltung/ordnungsamt-900000015-21700.html?titel=Ordnungsamt",
        "valid": true
      }
    ],
    "metadata": {
      "agent": "ratsinfo",
      "type": "link",
      "source": "https://www.oldenburg-kreis.de/landkreis-und-verwaltung/kreisverwaltung/",
      "timestamp": "2025-10-29T11:07:42.007Z"
    }
  },
  {
    "url": "https://www.oldenburg-kreis.de/buergerservice/verwaltung/rechtsamt-900000014-21700.html?titel=Rechtsamt",
    "title": "Rechtsamt",
    "content": "OrdnungsamtRechtsamtAmt für Brand- und Katastrophenschutz, RettungsdienstStraßenverkehrsamtFührerscheinstelleKfz-ZulassungsstelleVeterinäramt",
    "plain_text": "OrdnungsamtRechtsamtAmt für Brand- und Katastrophenschutz, RettungsdienstStraßenverkehrsamtFührerscheinstelleKfz-ZulassungsstelleVeterinäramt",
    "contacts": [],
    "forms": [],
    "links": [
      {
        "title": "Rechtsamt",
        "url": "https://www.oldenburg-kreis.de/buergerservice/verwaltung/rechtsamt-900000014-21700.html?titel=Rechtsamt",
        "valid": true
      }
    ],
    "metadata": {
      "agent": "ratsinfo",
      "type": "link",
      "source": "https://www.oldenburg-kreis.de/landkreis-und-verwaltung/kreisverwaltung/",
      "timestamp": "2025-10-29T11:07:42.007Z"
    }
  },
  {
    "url": "https://www.oldenburg-kreis.de/buergerservice/verwaltung/amt-fuer-brand-und-katastrophenschutz-rettungsdienst-900001018-21700.html?titel=Amt+f%C3%BCr+Brand-++und+Katastrophenschutz%2C+Rettungsdienst",
    "title": "Amt für Brand-  und Katastrophenschutz, Rettungsdienst",
    "content": "Amt für Brand- und Katastrophenschutz, Rettungsdienst",
    "plain_text": "Amt für Brand- und Katastrophenschutz, Rettungsdienst",
    "contacts": [],
    "forms": [],
    "links": [
      {
        "title": "Amt für Brand-  und Katastrophenschutz, Rettungsdienst",
        "url": "https://www.oldenburg-kreis.de/buergerservice/verwaltung/amt-fuer-brand-und-katastrophenschutz-rettungsdienst-900001018-21700.html?titel=Amt+f%C3%BCr+Brand-++und+Katastrophenschutz%2C+Rettungsdienst",
        "valid": true
      }
    ],
    "metadata": {
      "agent": "ratsinfo",
      "type": "link",
      "source": "https://www.oldenburg-kreis.de/landkreis-und-verwaltung/kreisverwaltung/",
      "timestamp": "2025-10-29T11:07:42.007Z"
    }
  },
  {
    "url": "https://www.oldenburg-kreis.de/buergerservice/verwaltung/strassenverkehrsamt-900000016-21700.html?titel=Stra%C3%9Fenverkehrsamt",
    "title": "Straßenverkehrsamt",
    "content": "FührerscheinstelleKfz-Zulassungsstelle",
    "plain_text": "FührerscheinstelleKfz-Zulassungsstelle",
    "contacts": [],
    "forms": [],
    "links": [
      {
        "title": "Straßenverkehrsamt",
        "url": "https://www.oldenburg-kreis.de/buergerservice/verwaltung/strassenverkehrsamt-900000016-21700.html?titel=Stra%C3%9Fenverkehrsamt",
        "valid": true
      }
    ],
    "metadata": {
      "agent": "ratsinfo",
      "type": "link",
      "source": "https://www.oldenburg-kreis.de/landkreis-und-verwaltung/kreisverwaltung/",
      "timestamp": "2025-10-29T11:07:42.007Z"
    }
  },
  {
    "url": "https://www.oldenburg-kreis.de/buergerservice/verwaltung/fuehrerscheinstelle-900001209-21700.html?titel=F%C3%BChrerscheinstelle",
    "title": "Führerscheinstelle",
    "content": "Führerscheinstelle",
    "plain_text": "Führerscheinstelle",
    "contacts": [],
    "forms": [],
    "links": [
      {
        "title": "Führerscheinstelle",
        "url": "https://www.oldenburg-kreis.de/buergerservice/verwaltung/fuehrerscheinstelle-900001209-21700.html?titel=F%C3%BChrerscheinstelle",
        "valid": true
      }
    ],
    "metadata": {
      "agent": "ratsinfo",
      "type": "link",
      "source": "https://www.oldenburg-kreis.de/landkreis-und-verwaltung/kreisverwaltung/",
      "timestamp": "2025-10-29T11:07:42.007Z"
    }
  },
  {
    "url": "https://www.oldenburg-kreis.de/buergerservice/verwaltung/kfz-zulassungsstelle-900001210-21700.html?titel=Kfz-Zulassungsstelle",
    "title": "Kfz-Zulassungsstelle",
    "content": "Kfz-Zulassungsstelle",
    "plain_text": "Kfz-Zulassungsstelle",
    "contacts": [],
    "forms": [],
    "links": [
      {
        "title": "Kfz-Zulassungsstelle",
        "url": "https://www.oldenburg-kreis.de/buergerservice/verwaltung/kfz-zulassungsstelle-900001210-21700.html?titel=Kfz-Zulassungsstelle",
        "valid": true
      }
    ],
    "metadata": {
      "agent": "ratsinfo",
      "type": "link",
      "source": "https://www.oldenburg-kreis.de/landkreis-und-verwaltung/kreisverwaltung/",
      "timestamp": "2025-10-29T11:07:42.007Z"
    }
  },
  {
    "url": "https://www.oldenburg-kreis.de/buergerservice/verwaltung/veterinaeramt-900000017-21700.html?titel=Veterin%C3%A4ramt",
    "title": "Veterinäramt",
    "content": "OrdnungsamtRechtsamtAmt für Brand- und Katastrophenschutz, RettungsdienstStraßenverkehrsamtFührerscheinstelleKfz-ZulassungsstelleVeterinäramt",
    "plain_text": "OrdnungsamtRechtsamtAmt für Brand- und Katastrophenschutz, RettungsdienstStraßenverkehrsamtFührerscheinstelleKfz-ZulassungsstelleVeterinäramt",
    "contacts": [],
    "forms": [],
    "links": [
      {
        "title": "Veterinäramt",
        "url": "https://www.oldenburg-kreis.de/buergerservice/verwaltung/veterinaeramt-900000017-21700.html?titel=Veterin%C3%A4ramt",
        "valid": true
      }
    ],
    "metadata": {
      "agent": "ratsinfo",
      "type": "link",
      "source": "https://www.oldenburg-kreis.de/landkreis-und-verwaltung/kreisverwaltung/",
      "timestamp": "2025-10-29T11:07:42.007Z"
    }
  },
  {
    "url": "https://www.oldenburg-kreis.de/buergerservice/verwaltung/dezernat-iv-soziales-900000004-21700.html?titel=Dezernat+IV+%22Soziales%22",
    "title": "Dezernat IV \"Soziales\"",
    "content": "Amt für Teilhabe und Soziale SicherungGesundheitsamtLandkreis Oldenburg - JugendamtJobcenter",
    "plain_text": "Amt für Teilhabe und Soziale SicherungGesundheitsamtLandkreis Oldenburg - JugendamtJobcenter",
    "contacts": [],
    "forms": [],
    "links": [
      {
        "title": "Dezernat IV \"Soziales\"",
        "url": "https://www.oldenburg-kreis.de/buergerservice/verwaltung/dezernat-iv-soziales-900000004-21700.html?titel=Dezernat+IV+%22Soziales%22",
        "valid": true
      }
    ],
    "metadata": {
      "agent": "ratsinfo",
      "type": "link",
      "source": "https://www.oldenburg-kreis.de/landkreis-und-verwaltung/kreisverwaltung/",
      "timestamp": "2025-10-29T11:07:42.007Z"
    }
  },
  {
    "url": "https://www.oldenburg-kreis.de/buergerservice/verwaltung/amt-fuer-teilhabe-und-soziale-sicherung-900000018-21700.html?titel=Amt+f%C3%BCr+Teilhabe+und+Soziale+Sicherung",
    "title": "Amt für Teilhabe und Soziale Sicherung",
    "content": "Amt für Teilhabe und Soziale Sicherung",
    "plain_text": "Amt für Teilhabe und Soziale Sicherung",
    "contacts": [],
    "forms": [],
    "links": [
      {
        "title": "Amt für Teilhabe und Soziale Sicherung",
        "url": "https://www.oldenburg-kreis.de/buergerservice/verwaltung/amt-fuer-teilhabe-und-soziale-sicherung-900000018-21700.html?titel=Amt+f%C3%BCr+Teilhabe+und+Soziale+Sicherung",
        "valid": true
      }
    ],
    "metadata": {
      "agent": "ratsinfo",
      "type": "link",
      "source": "https://www.oldenburg-kreis.de/landkreis-und-verwaltung/kreisverwaltung/",
      "timestamp": "2025-10-29T11:07:42.007Z"
    }
  },
  {
    "url": "https://www.oldenburg-kreis.de/buergerservice/verwaltung/gesundheitsamt-900000019-21700.html?titel=Gesundheitsamt",
    "title": "Gesundheitsamt",
    "content": "Amt für Teilhabe und Soziale SicherungGesundheitsamtLandkreis Oldenburg - JugendamtJobcenter",
    "plain_text": "Amt für Teilhabe und Soziale SicherungGesundheitsamtLandkreis Oldenburg - JugendamtJobcenter",
    "contacts": [],
    "forms": [],
    "links": [
      {
        "title": "Gesundheitsamt",
        "url": "https://www.oldenburg-kreis.de/buergerservice/verwaltung/gesundheitsamt-900000019-21700.html?titel=Gesundheitsamt",
        "valid": true
      }
    ],
    "metadata": {
      "agent": "ratsinfo",
      "type": "link",
      "source": "https://www.oldenburg-kreis.de/landkreis-und-verwaltung/kreisverwaltung/",
      "timestamp": "2025-10-29T11:07:42.007Z"
    }
  },
  {
    "url": "https://www.oldenburg-kreis.de/buergerservice/verwaltung/landkreis-oldenburg-jugendamt-900000020-21700.html?titel=Landkreis+Oldenburg+-+Jugendamt",
    "title": "Landkreis Oldenburg - Jugendamt",
    "content": "Landkreis Oldenburg - Jugendamt",
    "plain_text": "Landkreis Oldenburg - Jugendamt",
    "contacts": [],
    "forms": [],
    "links": [
      {
        "title": "Landkreis Oldenburg - Jugendamt",
        "url": "https://www.oldenburg-kreis.de/buergerservice/verwaltung/landkreis-oldenburg-jugendamt-900000020-21700.html?titel=Landkreis+Oldenburg+-+Jugendamt",
        "valid": true
      }
    ],
    "metadata": {
      "agent": "ratsinfo",
      "type": "link",
      "source": "https://www.oldenburg-kreis.de/landkreis-und-verwaltung/kreisverwaltung/",
      "timestamp": "2025-10-29T11:07:42.007Z"
    }
  },
  {
    "url": "https://www.oldenburg-kreis.de/buergerservice/verwaltung/jobcenter-900000516-21700.html?titel=Jobcenter",
    "title": "Jobcenter",
    "content": "Amt für Teilhabe und Soziale SicherungGesundheitsamtLandkreis Oldenburg - JugendamtJobcenter",
    "plain_text": "Amt für Teilhabe und Soziale SicherungGesundheitsamtLandkreis Oldenburg - JugendamtJobcenter",
    "contacts": [],
    "forms": [],
    "links": [
      {
        "title": "Jobcenter",
        "url": "https://www.oldenburg-kreis.de/buergerservice/verwaltung/jobcenter-900000516-21700.html?titel=Jobcenter",
        "valid": true
      }
    ],
    "metadata": {
      "agent": "ratsinfo",
      "type": "link",
      "source": "https://www.oldenburg-kreis.de/landkreis-und-verwaltung/kreisverwaltung/",
      "timestamp": "2025-10-29T11:07:42.007Z"
    }
  },
  {
    "url": "https://www.oldenburg-kreis.de/buergerservice/verwaltung/einheitlicher-ansprechpartner-900000690-21700.html?titel=Einheitlicher+Ansprechpartner",
    "title": "Einheitlicher Ansprechpartner",
    "content": "LandratFachstelle IntegrationGleichstellungsbeauftragteKlimaschutzRechnungsprüfungsamtDezernat I \"Bau\"BauordnungsamtAmt für regionale Entwicklung und NaturschutzAmt für Bodenschutz und AbfallwirtschaftDezernat II \"Innere Verwaltung und Schulen\"Amt für Zentrale DiensteKämmerei / KreiskasseSchulamt, HochbauDezernat III \"Ordnung und Recht\"OrdnungsamtRechtsamtAmt für Brand- und Katastrophenschutz, Ret",
    "plain_text": "LandratFachstelle IntegrationGleichstellungsbeauftragteKlimaschutzRechnungsprüfungsamtDezernat I \"Bau\"BauordnungsamtAmt für regionale Entwicklung und NaturschutzAmt für Bodenschutz und AbfallwirtschaftDezernat II \"Innere Verwaltung und Schulen\"Amt für Zentrale DiensteKämmerei / KreiskasseSchulamt, HochbauDezernat III \"Ordnung und Recht\"OrdnungsamtRechtsamtAmt für Brand- und Katastrophenschutz, Ret",
    "contacts": [],
    "forms": [],
    "links": [
      {
        "title": "Einheitlicher Ansprechpartner",
        "url": "https://www.oldenburg-kreis.de/buergerservice/verwaltung/einheitlicher-ansprechpartner-900000690-21700.html?titel=Einheitlicher+Ansprechpartner",
        "valid": true
      }
    ],
    "metadata": {
      "agent": "ratsinfo",
      "type": "link",
      "source": "https://www.oldenburg-kreis.de/landkreis-und-verwaltung/kreisverwaltung/",
      "timestamp": "2025-10-29T11:07:42.007Z"
    }
  },
  {
    "url": "https://www.oldenburg-kreis.de/buergerservice/verwaltung/kdo-it-service-900001237-21700.html?titel=KDO-IT-Service",
    "title": "KDO-IT-Service",
    "content": "LandratFachstelle IntegrationGleichstellungsbeauftragteKlimaschutzRechnungsprüfungsamtDezernat I \"Bau\"BauordnungsamtAmt für regionale Entwicklung und NaturschutzAmt für Bodenschutz und AbfallwirtschaftDezernat II \"Innere Verwaltung und Schulen\"Amt für Zentrale DiensteKämmerei / KreiskasseSchulamt, HochbauDezernat III \"Ordnung und Recht\"OrdnungsamtRechtsamtAmt für Brand- und Katastrophenschutz, Ret",
    "plain_text": "LandratFachstelle IntegrationGleichstellungsbeauftragteKlimaschutzRechnungsprüfungsamtDezernat I \"Bau\"BauordnungsamtAmt für regionale Entwicklung und NaturschutzAmt für Bodenschutz und AbfallwirtschaftDezernat II \"Innere Verwaltung und Schulen\"Amt für Zentrale DiensteKämmerei / KreiskasseSchulamt, HochbauDezernat III \"Ordnung und Recht\"OrdnungsamtRechtsamtAmt für Brand- und Katastrophenschutz, Ret",
    "contacts": [],
    "forms": [],
    "links": [
      {
        "title": "KDO-IT-Service",
        "url": "https://www.oldenburg-kreis.de/buergerservice/verwaltung/kdo-it-service-900001237-21700.html?titel=KDO-IT-Service",
        "valid": true
      }
    ],
    "metadata": {
      "agent": "ratsinfo",
      "type": "link",
      "source": "https://www.oldenburg-kreis.de/landkreis-und-verwaltung/kreisverwaltung/",
      "timestamp": "2025-10-29T11:07:42.007Z"
    }
  },
  {
    "url": "https://www.oldenburg-kreis.de/landkreis-und-verwaltung/kreisverwaltung/",
    "title": "Unbekannt",
    "content": "Unbekannt",
    "plain_text": "Unbekannt",
    "contacts": [
      {
        "type": "phone",
        "value": "900000001"
      }
    ],
    "forms": [],
    "links": [],
    "metadata": {
      "agent": "ratsinfo",
      "type": "contact",
      "source": "https://www.oldenburg-kreis.de/landkreis-und-verwaltung/kreisverwaltung/",
      "timestamp": "2025-10-29T11:07:42.007Z"
    }
  },
  {
    "url": "https://www.oldenburg-kreis.de/landkreis-und-verwaltung/kreisverwaltung/",
    "title": "Die Kreisverwaltung",
    "content": "Die Kreisverwaltung des Landkreises Oldenburg hat seit dem 01. Juli 1988 ihren Sitz in der Stadt Wildeshausen. Amt für Teilhabe und Soziale Sicherung Amt für Bodenschutz und Abfallwirtschaft Amt für Brand- und Katastrophenschutz, Rettungsdienst Amt für regionale Entwicklung und Naturschutz • Amt für Teilhabe und Soziale Sicherung • Amt für Bodenschutz und Abfallwirtschaft • Amt für Brand- und Katastrophenschutz, Rettungsdienst • Amt für regionale Entwicklung und Naturschutz • Dezernat I \"Bau\"BauordnungsamtAmt für regionale Entwicklung und NaturschutzAmt für Bodenschutz und Abfallwirtschaft • Amt für regionale Entwicklung und Naturschutz • Amt für Bodenschutz und Abfallwirtschaft • Dezernat II \"Innere Verwaltung und Schulen\"Amt für Zentrale DiensteKämmerei / KreiskasseSchulamt, Hochbau • Dezernat III \"Ordnung und Recht\"OrdnungsamtRechtsamtAmt für Brand- und Katastrophenschutz, RettungsdienstStraßenverkehrsamtFührerscheinstelleKfz-ZulassungsstelleVeterinäramt • Amt für Brand- und Katastrophenschutz, Rettungsdienst • StraßenverkehrsamtFührerscheinstelleKfz-Zulassungsstelle • Dezernat IV \"Soziales\"Amt für Teilhabe und Soziale SicherungGesundheitsamtLandkreis Oldenburg - JugendamtJobcenter • Amt für Teilhabe und Soziale Sicherung • Landkreis Oldenburg - Jugendamt",
    "plain_text": "Die Kreisverwaltung des Landkreises Oldenburg hat seit dem 01. Juli 1988 ihren Sitz in der Stadt Wildeshausen. Amt für Teilhabe und Soziale Sicherung Amt für Bodenschutz und Abfallwirtschaft Amt für Brand- und Katastrophenschutz, Rettungsdienst Amt für regionale Entwicklung und Naturschutz • Amt für Teilhabe und Soziale Sicherung • Amt für Bodenschutz und Abfallwirtschaft • Amt für Brand- und Katastrophenschutz, Rettungsdienst • Amt für regionale Entwicklung und Naturschutz • Dezernat I \"Bau\"BauordnungsamtAmt für regionale Entwicklung und NaturschutzAmt für Bodenschutz und Abfallwirtschaft • Amt für regionale Entwicklung und Naturschutz • Amt für Bodenschutz und Abfallwirtschaft • Dezernat II \"Innere Verwaltung und Schulen\"Amt für Zentrale DiensteKämmerei / KreiskasseSchulamt, Hochbau • Dezernat III \"Ordnung und Recht\"OrdnungsamtRechtsamtAmt für Brand- und Katastrophenschutz, RettungsdienstStraßenverkehrsamtFührerscheinstelleKfz-ZulassungsstelleVeterinäramt • Amt für Brand- und Katastrophenschutz, Rettungsdienst • StraßenverkehrsamtFührerscheinstelleKfz-Zulassungsstelle • Dezernat IV \"Soziales\"Amt für Teilhabe und Soziale SicherungGesundheitsamtLandkreis Oldenburg - JugendamtJobcenter • Amt für Teilhabe und Soziale Sicherung • Landkreis Oldenburg - Jugendamt",
    "contacts": [],
    "forms": [],
    "links": [],
    "metadata": {
      "agent": "ratsinfo",
      "type": "content",
      "source": "https://www.oldenburg-kreis.de/landkreis-und-verwaltung/kreisverwaltung/",
      "timestamp": "2025-10-29T11:07:42.007Z",
      "sectionType": "main"
    }
  },
  {
    "url": "https://www.oldenburg-kreis.de/landkreis-und-verwaltung/kreisverwaltung/",
    "title": "Inhaltsbereich",
    "content": "Volltextsuche Suchen Sie sind hier: Landkreis und Verwaltung/Kreisverwaltung Inhalt vorlesen Seite merken Seite drucken Die Kreisverwaltung Die Kreisverwaltung des Landkreises Oldenburg hat seit dem 01. Juli 1988 ihren Sitz in der Stadt Wildeshausen. Amt für Teilhabe und Soziale SicherungAmt für Bodenschutz und AbfallwirtschaftAmt für Brand- und Katastrophenschutz, RettungsdienstAmt für regionale Entwicklung und NaturschutzAmt für Zentrale DiensteBauordnungsamtGesundheitsamtJobcenterJugendamtKämmerei / KreiskasseOrdnungsamtRechnungsprüfungsamtRechtsamtSchulamt und HochbauStraßenverkehrsamtVeterinäramt LandratFachstelle IntegrationGleichstellungsbeauftragteKlimaschutzRechnungsprüfungsamtDezernat I \"Bau\"BauordnungsamtAmt für regionale Entwicklung und NaturschutzAmt für Bodenschutz und AbfallwirtschaftDezernat II \"Innere Verwaltung und Schulen\"Amt für Zentrale DiensteKämmerei / KreiskasseSchulamt, HochbauDezernat III \"Ordnung und Recht\"OrdnungsamtRechtsamtAmt für Brand- und Katastrophenschutz, RettungsdienstStraßenverkehrsamtFührerscheinstelleKfz-ZulassungsstelleVeterinäramtDezernat IV \"Soziales\"Amt für Teilhabe und Soziale SicherungGesundheitsamtLandkreis Oldenburg - JugendamtJobcenterEinheitlicher AnsprechpartnerKDO-IT-Service Zurück",
    "plain_text": "Volltextsuche Suchen Sie sind hier: Landkreis und Verwaltung/Kreisverwaltung Inhalt vorlesen Seite merken Seite drucken Die Kreisverwaltung Die Kreisverwaltung des Landkreises Oldenburg hat seit dem 01. Juli 1988 ihren Sitz in der Stadt Wildeshausen. Amt für Teilhabe und Soziale SicherungAmt für Bodenschutz und AbfallwirtschaftAmt für Brand- und Katastrophenschutz, RettungsdienstAmt für regionale Entwicklung und NaturschutzAmt für Zentrale DiensteBauordnungsamtGesundheitsamtJobcenterJugendamtKämmerei / KreiskasseOrdnungsamtRechnungsprüfungsamtRechtsamtSchulamt und HochbauStraßenverkehrsamtVeterinäramt LandratFachstelle IntegrationGleichstellungsbeauftragteKlimaschutzRechnungsprüfungsamtDezernat I \"Bau\"BauordnungsamtAmt für regionale Entwicklung und NaturschutzAmt für Bodenschutz und AbfallwirtschaftDezernat II \"Innere Verwaltung und Schulen\"Amt für Zentrale DiensteKämmerei / KreiskasseSchulamt, HochbauDezernat III \"Ordnung und Recht\"OrdnungsamtRechtsamtAmt für Brand- und Katastrophenschutz, RettungsdienstStraßenverkehrsamtFührerscheinstelleKfz-ZulassungsstelleVeterinäramtDezernat IV \"Soziales\"Amt für Teilhabe und Soziale SicherungGesundheitsamtLandkreis Oldenburg - JugendamtJobcenterEinheitlicher AnsprechpartnerKDO-IT-Service Zurück",
    "contacts": [],
    "forms": [],
    "links": [],
    "metadata": {
      "agent": "ratsinfo",
      "type": "content",
      "source": "https://www.oldenburg-kreis.de/landkreis-und-verwaltung/kreisverwaltung/",
      "timestamp": "2025-10-29T11:07:42.007Z",
      "sectionType": "heading"
    }
  }
]
