[
  {
    "url": "https://www.oldenburg-kreis.de/portal/startseite.html",
    "title": "Startseite",
    "content": "",
    "plain_text": "",
    "contacts": [],
    "forms": [],
    "links": [
      {
        "title": "Startseite",
        "url": "https://www.oldenburg-kreis.de/portal/startseite.html"
      }
    ],
    "metadata": {
      "agent": "rechnung_ebilling",
      "type": "link",
      "source": "https://www.oldenburg-kreis.de/landkreis-und-verwaltung/impressum/",
      "timestamp": "2025-10-29T07:49:51.290Z"
    }
  },
  {
    "url": "https://www.oldenburg-kreis.de/portal/suche.html",
    "title": "Suche",
    "content": "",
    "plain_text": "",
    "contacts": [],
    "forms": [],
    "links": [
      {
        "title": "Suche",
        "url": "https://www.oldenburg-kreis.de/portal/suche.html"
      }
    ],
    "metadata": {
      "agent": "rechnung_ebilling",
      "type": "link",
      "source": "https://www.oldenburg-kreis.de/landkreis-und-verwaltung/impressum/",
      "timestamp": "2025-10-29T07:49:51.290Z"
    }
  },
  {
    "url": "https://www.oldenburg-kreis.de/landkreis-und-verwaltung/impressum/",
    "title": "Unbekannt",
    "content": "",
    "plain_text": "",
    "contacts": [
      {
        "type": "phone",
        "value": "15000"
      }
    ],
    "forms": [],
    "links": [],
    "metadata": {
      "agent": "rechnung_ebilling",
      "type": "contact",
      "source": "https://www.oldenburg-kreis.de/landkreis-und-verwaltung/impressum/",
      "timestamp": "2025-10-29T07:49:51.290Z"
    }
  },
  {
    "url": "https://www.oldenburg-kreis.de/landkreis-und-verwaltung/impressum/",
    "title": "Landkreis Oldenburg",
    "content": "Landkreis Oldenburg Die Datei wurde nicht gefunden. Entschuldigung. Diese Datei wurde leider nicht gefunden. Dies kann folgende Gründe haben: Sie verwenden ein altes Lesezeichen / alte Adresse. Über eine Suchmaschine haben Sie ein veraltetes Ergebnis angeklickt. Wechseln Sie bitte zur Startseite oder zur Suche, um die gewünschten Informationen zu erhalten. window.setTimeout(function() { window.location.href='https://www.oldenburg-kreis.de/portal/startseite.html'; },15000);",
    "plain_text": "Landkreis Oldenburg Die Datei wurde nicht gefunden. Entschuldigung. Diese Datei wurde leider nicht gefunden. Dies kann folgende Gründe haben: Sie verwenden ein altes Lesezeichen / alte Adresse. Über eine Suchmaschine haben Sie ein veraltetes Ergebnis angeklickt. Wechseln Sie bitte zur Startseite oder zur Suche, um die gewünschten Informationen zu erhalten. window.setTimeout(function() { window.location.href='https://www.oldenburg-kreis.de/portal/startseite.html'; },15000);",
    "contacts": [],
    "forms": [],
    "links": [],
    "metadata": {
      "agent": "rechnung_ebilling",
      "type": "content",
      "source": "https://www.oldenburg-kreis.de/landkreis-und-verwaltung/impressum/",
      "timestamp": "2025-10-29T07:49:51.290Z"
    }
  },
  {
    "url": "https://www.oldenburg-kreis.de/landkreis-und-verwaltung/kreisverwaltung/rechnungspruefung/",
    "title": "Unbekannt",
    "content": "",
    "plain_text": "",
    "contacts": [
      {
        "type": "phone",
        "value": "15000"
      }
    ],
    "forms": [],
    "links": [],
    "metadata": {
      "agent": "rechnung_ebilling",
      "type": "contact",
      "source": "https://www.oldenburg-kreis.de/landkreis-und-verwaltung/kreisverwaltung/rechnungspruefung/",
      "timestamp": "2025-10-29T07:49:51.290Z"
    }
  },
  {
    "url": "https://www.oldenburg-kreis.de/landkreis-und-verwaltung/kreisverwaltung/rechnungspruefung/",
    "title": "Landkreis Oldenburg",
    "content": "Landkreis Oldenburg Die Datei wurde nicht gefunden. Entschuldigung. Diese Datei wurde leider nicht gefunden. Dies kann folgende Gründe haben: Sie verwenden ein altes Lesezeichen / alte Adresse. Über eine Suchmaschine haben Sie ein veraltetes Ergebnis angeklickt. Wechseln Sie bitte zur Startseite oder zur Suche, um die gewünschten Informationen zu erhalten. window.setTimeout(function() { window.location.href='https://www.oldenburg-kreis.de/portal/startseite.html'; },15000);",
    "plain_text": "Landkreis Oldenburg Die Datei wurde nicht gefunden. Entschuldigung. Diese Datei wurde leider nicht gefunden. Dies kann folgende Gründe haben: Sie verwenden ein altes Lesezeichen / alte Adresse. Über eine Suchmaschine haben Sie ein veraltetes Ergebnis angeklickt. Wechseln Sie bitte zur Startseite oder zur Suche, um die gewünschten Informationen zu erhalten. window.setTimeout(function() { window.location.href='https://www.oldenburg-kreis.de/portal/startseite.html'; },15000);",
    "contacts": [],
    "forms": [],
    "links": [],
    "metadata": {
      "agent": "rechnung_ebilling",
      "type": "content",
      "source": "https://www.oldenburg-kreis.de/landkreis-und-verwaltung/kreisverwaltung/rechnungspruefung/",
      "timestamp": "2025-10-29T07:49:51.290Z"
    }
  },
  {
    "url": "https://www.oldenburg-kreis.de/landkreis-und-verwaltung/digitalisierung/e-rechnung/",
    "title": "Unbekannt",
    "content": "",
    "plain_text": "",
    "contacts": [
      {
        "type": "phone",
        "value": "15000"
      }
    ],
    "forms": [],
    "links": [],
    "metadata": {
      "agent": "rechnung_ebilling",
      "type": "contact",
      "source": "https://www.oldenburg-kreis.de/landkreis-und-verwaltung/digitalisierung/e-rechnung/",
      "timestamp": "2025-10-29T07:49:51.290Z"
    }
  },
  {
    "url": "https://www.oldenburg-kreis.de/landkreis-und-verwaltung/digitalisierung/e-rechnung/",
    "title": "Landkreis Oldenburg",
    "content": "Landkreis Oldenburg Die Datei wurde nicht gefunden. Entschuldigung. Diese Datei wurde leider nicht gefunden. Dies kann folgende Gründe haben: Sie verwenden ein altes Lesezeichen / alte Adresse. Über eine Suchmaschine haben Sie ein veraltetes Ergebnis angeklickt. Wechseln Sie bitte zur Startseite oder zur Suche, um die gewünschten Informationen zu erhalten. window.setTimeout(function() { window.location.href='https://www.oldenburg-kreis.de/portal/startseite.html'; },15000);",
    "plain_text": "Landkreis Oldenburg Die Datei wurde nicht gefunden. Entschuldigung. Diese Datei wurde leider nicht gefunden. Dies kann folgende Gründe haben: Sie verwenden ein altes Lesezeichen / alte Adresse. Über eine Suchmaschine haben Sie ein veraltetes Ergebnis angeklickt. Wechseln Sie bitte zur Startseite oder zur Suche, um die gewünschten Informationen zu erhalten. window.setTimeout(function() { window.location.href='https://www.oldenburg-kreis.de/portal/startseite.html'; },15000);",
    "contacts": [],
    "forms": [],
    "links": [],
    "metadata": {
      "agent": "rechnung_ebilling",
      "type": "content",
      "source": "https://www.oldenburg-kreis.de/landkreis-und-verwaltung/digitalisierung/e-rechnung/",
      "timestamp": "2025-10-29T07:49:51.290Z"
    }
  },
  {
    "url": "https://www.oldenburg-kreis.de/unternehmen/e-government/",
    "title": "Unbekannt",
    "content": "",
    "plain_text": "",
    "contacts": [
      {
        "type": "phone",
        "value": "15000"
      }
    ],
    "forms": [],
    "links": [],
    "metadata": {
      "agent": "rechnung_ebilling",
      "type": "contact",
      "source": "https://www.oldenburg-kreis.de/unternehmen/e-government/",
      "timestamp": "2025-10-29T07:49:51.290Z"
    }
  },
  {
    "url": "https://www.oldenburg-kreis.de/unternehmen/e-government/",
    "title": "Landkreis Oldenburg",
    "content": "Landkreis Oldenburg Die Datei wurde nicht gefunden. Entschuldigung. Diese Datei wurde leider nicht gefunden. Dies kann folgende Gründe haben: Sie verwenden ein altes Lesezeichen / alte Adresse. Über eine Suchmaschine haben Sie ein veraltetes Ergebnis angeklickt. Wechseln Sie bitte zur Startseite oder zur Suche, um die gewünschten Informationen zu erhalten. window.setTimeout(function() { window.location.href='https://www.oldenburg-kreis.de/portal/startseite.html'; },15000);",
    "plain_text": "Landkreis Oldenburg Die Datei wurde nicht gefunden. Entschuldigung. Diese Datei wurde leider nicht gefunden. Dies kann folgende Gründe haben: Sie verwenden ein altes Lesezeichen / alte Adresse. Über eine Suchmaschine haben Sie ein veraltetes Ergebnis angeklickt. Wechseln Sie bitte zur Startseite oder zur Suche, um die gewünschten Informationen zu erhalten. window.setTimeout(function() { window.location.href='https://www.oldenburg-kreis.de/portal/startseite.html'; },15000);",
    "contacts": [],
    "forms": [],
    "links": [],
    "metadata": {
      "agent": "rechnung_ebilling",
      "type": "content",
      "source": "https://www.oldenburg-kreis.de/unternehmen/e-government/",
      "timestamp": "2025-10-29T07:49:51.290Z"
    }
  }
]
