[
  {
    "url": "https://www.oldenburg-kreis.de/portal/sitemap.html?naviID=900000004&brotID=900000004&id=900000003&navi_id=900000004",
    "title": "Gesundheit und Soziales",
    "content": "",
    "plain_text": "",
    "contacts": [],
    "forms": [],
    "links": [
      {
        "title": "Gesundheit und Soziales",
        "url": "https://www.oldenburg-kreis.de/portal/sitemap.html?naviID=900000004&brotID=900000004&id=900000003&navi_id=900000004"
      }
    ],
    "metadata": {
      "agent": "soziales",
      "type": "link",
      "source": "https://www.oldenburg-kreis.de/gesundheit-und-soziales/",
      "timestamp": "2025-10-29T07:49:51.271Z"
    }
  },
  {
    "url": "https://www.oldenburg-kreis.de/gesundheit-und-soziales/aufgaben-der-sozialen-sicherung/",
    "title": "Aufgaben der sozialen Sicherung",
    "content": "",
    "plain_text": "",
    "contacts": [],
    "forms": [],
    "links": [
      {
        "title": "Aufgaben der sozialen Sicherung",
        "url": "https://www.oldenburg-kreis.de/gesundheit-und-soziales/aufgaben-der-sozialen-sicherung/"
      }
    ],
    "metadata": {
      "agent": "soziales",
      "type": "link",
      "source": "https://www.oldenburg-kreis.de/gesundheit-und-soziales/",
      "timestamp": "2025-10-29T07:49:51.271Z"
    }
  },
  {
    "url": "https://www.oldenburg-kreis.de/gesundheit-und-soziales/aufgaben-der-sozialen-sicherung/aufwind/",
    "title": "Aufwind",
    "content": "",
    "plain_text": "",
    "contacts": [],
    "forms": [],
    "links": [
      {
        "title": "Aufwind",
        "url": "https://www.oldenburg-kreis.de/gesundheit-und-soziales/aufgaben-der-sozialen-sicherung/aufwind/"
      }
    ],
    "metadata": {
      "agent": "soziales",
      "type": "link",
      "source": "https://www.oldenburg-kreis.de/gesundheit-und-soziales/",
      "timestamp": "2025-10-29T07:49:51.271Z"
    }
  },
  {
    "url": "https://www.oldenburg-kreis.de/gesundheit-und-soziales/aufgaben-der-sozialen-sicherung/bestattungskosten-uebernahme/",
    "title": "Bestattungskosten: Übernahme",
    "content": "",
    "plain_text": "",
    "contacts": [],
    "forms": [],
    "links": [
      {
        "title": "Bestattungskosten: Übernahme",
        "url": "https://www.oldenburg-kreis.de/gesundheit-und-soziales/aufgaben-der-sozialen-sicherung/bestattungskosten-uebernahme/"
      }
    ],
    "metadata": {
      "agent": "soziales",
      "type": "link",
      "source": "https://www.oldenburg-kreis.de/gesundheit-und-soziales/",
      "timestamp": "2025-10-29T07:49:51.271Z"
    }
  },
  {
    "url": "https://www.oldenburg-kreis.de/gesundheit-und-soziales/aufgaben-der-sozialen-sicherung/biss/",
    "title": "BISS",
    "content": "",
    "plain_text": "",
    "contacts": [],
    "forms": [],
    "links": [
      {
        "title": "BISS",
        "url": "https://www.oldenburg-kreis.de/gesundheit-und-soziales/aufgaben-der-sozialen-sicherung/biss/"
      }
    ],
    "metadata": {
      "agent": "soziales",
      "type": "link",
      "source": "https://www.oldenburg-kreis.de/gesundheit-und-soziales/",
      "timestamp": "2025-10-29T07:49:51.271Z"
    }
  },
  {
    "url": "https://www.oldenburg-kreis.de/gesundheit-und-soziales/aufgaben-der-sozialen-sicherung/blindenhilfe/",
    "title": "Blindenhilfe",
    "content": "",
    "plain_text": "",
    "contacts": [],
    "forms": [],
    "links": [
      {
        "title": "Blindenhilfe",
        "url": "https://www.oldenburg-kreis.de/gesundheit-und-soziales/aufgaben-der-sozialen-sicherung/blindenhilfe/"
      }
    ],
    "metadata": {
      "agent": "soziales",
      "type": "link",
      "source": "https://www.oldenburg-kreis.de/gesundheit-und-soziales/",
      "timestamp": "2025-10-29T07:49:51.271Z"
    }
  },
  {
    "url": "https://www.oldenburg-kreis.de/gesundheit-und-soziales/aufgaben-der-sozialen-sicherung/frauen-und-kinderschutzhaus/",
    "title": "Frauen- und Kinderschutzhaus",
    "content": "",
    "plain_text": "",
    "contacts": [],
    "forms": [],
    "links": [
      {
        "title": "Frauen- und Kinderschutzhaus",
        "url": "https://www.oldenburg-kreis.de/gesundheit-und-soziales/aufgaben-der-sozialen-sicherung/frauen-und-kinderschutzhaus/"
      }
    ],
    "metadata": {
      "agent": "soziales",
      "type": "link",
      "source": "https://www.oldenburg-kreis.de/gesundheit-und-soziales/",
      "timestamp": "2025-10-29T07:49:51.271Z"
    }
  },
  {
    "url": "https://www.oldenburg-kreis.de/gesundheit-und-soziales/aufgaben-der-sozialen-sicherung/grundsicherung-im-alter-und-bei-erwerbsminderung/",
    "title": "Grundsicherung im Alter und bei Erwerbsminderung",
    "content": "",
    "plain_text": "",
    "contacts": [],
    "forms": [],
    "links": [
      {
        "title": "Grundsicherung im Alter und bei Erwerbsminderung",
        "url": "https://www.oldenburg-kreis.de/gesundheit-und-soziales/aufgaben-der-sozialen-sicherung/grundsicherung-im-alter-und-bei-erwerbsminderung/"
      }
    ],
    "metadata": {
      "agent": "soziales",
      "type": "link",
      "source": "https://www.oldenburg-kreis.de/gesundheit-und-soziales/",
      "timestamp": "2025-10-29T07:49:51.271Z"
    }
  },
  {
    "url": "https://www.oldenburg-kreis.de/gesundheit-und-soziales/aufgaben-der-sozialen-sicherung/heimaufsicht/",
    "title": "Heimaufsicht",
    "content": "",
    "plain_text": "",
    "contacts": [],
    "forms": [],
    "links": [
      {
        "title": "Heimaufsicht",
        "url": "https://www.oldenburg-kreis.de/gesundheit-und-soziales/aufgaben-der-sozialen-sicherung/heimaufsicht/"
      }
    ],
    "metadata": {
      "agent": "soziales",
      "type": "link",
      "source": "https://www.oldenburg-kreis.de/gesundheit-und-soziales/",
      "timestamp": "2025-10-29T07:49:51.271Z"
    }
  },
  {
    "url": "https://www.oldenburg-kreis.de/gesundheit-und-soziales/aufgaben-der-sozialen-sicherung/hilfe-zur-pflege/",
    "title": "Hilfe zur Pflege",
    "content": "",
    "plain_text": "",
    "contacts": [],
    "forms": [],
    "links": [
      {
        "title": "Hilfe zur Pflege",
        "url": "https://www.oldenburg-kreis.de/gesundheit-und-soziales/aufgaben-der-sozialen-sicherung/hilfe-zur-pflege/"
      }
    ],
    "metadata": {
      "agent": "soziales",
      "type": "link",
      "source": "https://www.oldenburg-kreis.de/gesundheit-und-soziales/",
      "timestamp": "2025-10-29T07:49:51.271Z"
    }
  },
  {
    "url": "https://www.oldenburg-kreis.de/gesundheit-und-soziales/aufgaben-der-sozialen-sicherung/inklusion/",
    "title": "Inklusion",
    "content": "",
    "plain_text": "",
    "contacts": [],
    "forms": [],
    "links": [
      {
        "title": "Inklusion",
        "url": "https://www.oldenburg-kreis.de/gesundheit-und-soziales/aufgaben-der-sozialen-sicherung/inklusion/"
      }
    ],
    "metadata": {
      "agent": "soziales",
      "type": "link",
      "source": "https://www.oldenburg-kreis.de/gesundheit-und-soziales/",
      "timestamp": "2025-10-29T07:49:51.271Z"
    }
  },
  {
    "url": "https://www.oldenburg-kreis.de/gesundheit-und-soziales/aufgaben-der-sozialen-sicherung/landesblindengeld/",
    "title": "Landesblindengeld",
    "content": "",
    "plain_text": "",
    "contacts": [],
    "forms": [],
    "links": [
      {
        "title": "Landesblindengeld",
        "url": "https://www.oldenburg-kreis.de/gesundheit-und-soziales/aufgaben-der-sozialen-sicherung/landesblindengeld/"
      }
    ],
    "metadata": {
      "agent": "soziales",
      "type": "link",
      "source": "https://www.oldenburg-kreis.de/gesundheit-und-soziales/",
      "timestamp": "2025-10-29T07:49:51.271Z"
    }
  },
  {
    "url": "https://www.oldenburg-kreis.de/gesundheit-und-soziales/aufgaben-der-sozialen-sicherung/leistungen-fuer-bildung-und-teilhabe/",
    "title": "Leistungen für Bildung und Teilhabe",
    "content": "",
    "plain_text": "",
    "contacts": [],
    "forms": [],
    "links": [
      {
        "title": "Leistungen für Bildung und Teilhabe",
        "url": "https://www.oldenburg-kreis.de/gesundheit-und-soziales/aufgaben-der-sozialen-sicherung/leistungen-fuer-bildung-und-teilhabe/"
      }
    ],
    "metadata": {
      "agent": "soziales",
      "type": "link",
      "source": "https://www.oldenburg-kreis.de/gesundheit-und-soziales/",
      "timestamp": "2025-10-29T07:49:51.271Z"
    }
  },
  {
    "url": "https://www.oldenburg-kreis.de/gesundheit-und-soziales/aufgaben-der-sozialen-sicherung/mietobergrenzen-fuer-angemessene-unterkunftskosten/",
    "title": "Mietobergrenzen für angemessene Unterkunftskosten",
    "content": "",
    "plain_text": "",
    "contacts": [],
    "forms": [],
    "links": [
      {
        "title": "Mietobergrenzen für angemessene Unterkunftskosten",
        "url": "https://www.oldenburg-kreis.de/gesundheit-und-soziales/aufgaben-der-sozialen-sicherung/mietobergrenzen-fuer-angemessene-unterkunftskosten/"
      }
    ],
    "metadata": {
      "agent": "soziales",
      "type": "link",
      "source": "https://www.oldenburg-kreis.de/gesundheit-und-soziales/",
      "timestamp": "2025-10-29T07:49:51.271Z"
    }
  },
  {
    "url": "https://www.oldenburg-kreis.de/gesundheit-und-soziales/aufgaben-der-sozialen-sicherung/selbsthilfegruppen/",
    "title": "Selbsthilfegruppen",
    "content": "",
    "plain_text": "",
    "contacts": [],
    "forms": [],
    "links": [
      {
        "title": "Selbsthilfegruppen",
        "url": "https://www.oldenburg-kreis.de/gesundheit-und-soziales/aufgaben-der-sozialen-sicherung/selbsthilfegruppen/"
      }
    ],
    "metadata": {
      "agent": "soziales",
      "type": "link",
      "source": "https://www.oldenburg-kreis.de/gesundheit-und-soziales/",
      "timestamp": "2025-10-29T07:49:51.271Z"
    }
  },
  {
    "url": "https://www.oldenburg-kreis.de/gesundheit-und-soziales/aufgaben-der-sozialen-sicherung/soziales-entschaedigungsrecht/",
    "title": "Soziales Entschädigungsrecht",
    "content": "",
    "plain_text": "",
    "contacts": [],
    "forms": [],
    "links": [
      {
        "title": "Soziales Entschädigungsrecht",
        "url": "https://www.oldenburg-kreis.de/gesundheit-und-soziales/aufgaben-der-sozialen-sicherung/soziales-entschaedigungsrecht/"
      }
    ],
    "metadata": {
      "agent": "soziales",
      "type": "link",
      "source": "https://www.oldenburg-kreis.de/gesundheit-und-soziales/",
      "timestamp": "2025-10-29T07:49:51.271Z"
    }
  },
  {
    "url": "https://www.oldenburg-kreis.de/gesundheit-und-soziales/koordinatorin-seniorenarbeit/",
    "title": "Koordinatorin Seniorenarbeit",
    "content": "",
    "plain_text": "",
    "contacts": [],
    "forms": [],
    "links": [
      {
        "title": "Koordinatorin Seniorenarbeit",
        "url": "https://www.oldenburg-kreis.de/gesundheit-und-soziales/koordinatorin-seniorenarbeit/"
      }
    ],
    "metadata": {
      "agent": "soziales",
      "type": "link",
      "source": "https://www.oldenburg-kreis.de/gesundheit-und-soziales/",
      "timestamp": "2025-10-29T07:49:51.271Z"
    }
  },
  {
    "url": "https://www.oldenburg-kreis.de/gesundheit-und-soziales/behindertenbeauftragte/",
    "title": "Behindertenbeauftragte",
    "content": "",
    "plain_text": "",
    "contacts": [],
    "forms": [],
    "links": [
      {
        "title": "Behindertenbeauftragte",
        "url": "https://www.oldenburg-kreis.de/gesundheit-und-soziales/behindertenbeauftragte/"
      }
    ],
    "metadata": {
      "agent": "soziales",
      "type": "link",
      "source": "https://www.oldenburg-kreis.de/gesundheit-und-soziales/",
      "timestamp": "2025-10-29T07:49:51.271Z"
    }
  },
  {
    "url": "https://www.oldenburg-kreis.de/gesundheit-und-soziales/behindertenbeauftragte/inklusionspreis-2025/",
    "title": "Inklusionspreis 2025",
    "content": "",
    "plain_text": "",
    "contacts": [],
    "forms": [],
    "links": [
      {
        "title": "Inklusionspreis 2025",
        "url": "https://www.oldenburg-kreis.de/gesundheit-und-soziales/behindertenbeauftragte/inklusionspreis-2025/"
      }
    ],
    "metadata": {
      "agent": "soziales",
      "type": "link",
      "source": "https://www.oldenburg-kreis.de/gesundheit-und-soziales/",
      "timestamp": "2025-10-29T07:49:51.271Z"
    }
  },
  {
    "url": "https://www.oldenburg-kreis.de/gesundheit-und-soziales/stuetzpunkt-gegen-haeusliche-gewalt/",
    "title": "Stützpunkt gegen häusliche Gewalt",
    "content": "",
    "plain_text": "",
    "contacts": [],
    "forms": [],
    "links": [
      {
        "title": "Stützpunkt gegen häusliche Gewalt",
        "url": "https://www.oldenburg-kreis.de/gesundheit-und-soziales/stuetzpunkt-gegen-haeusliche-gewalt/"
      }
    ],
    "metadata": {
      "agent": "soziales",
      "type": "link",
      "source": "https://www.oldenburg-kreis.de/gesundheit-und-soziales/",
      "timestamp": "2025-10-29T07:49:51.271Z"
    }
  },
  {
    "url": "https://www.oldenburg-kreis.de/gesundheit-und-soziales/stuetzpunkt-gegen-haeusliche-gewalt/frauen-und-kinderschutzhaus/",
    "title": "Frauen- und Kinderschutzhaus",
    "content": "",
    "plain_text": "",
    "contacts": [],
    "forms": [],
    "links": [
      {
        "title": "Frauen- und Kinderschutzhaus",
        "url": "https://www.oldenburg-kreis.de/gesundheit-und-soziales/stuetzpunkt-gegen-haeusliche-gewalt/frauen-und-kinderschutzhaus/"
      }
    ],
    "metadata": {
      "agent": "soziales",
      "type": "link",
      "source": "https://www.oldenburg-kreis.de/gesundheit-und-soziales/",
      "timestamp": "2025-10-29T07:49:51.271Z"
    }
  },
  {
    "url": "https://www.oldenburg-kreis.de/gesundheit-und-soziales/stuetzpunkt-gegen-haeusliche-gewalt/beratungs-und-interventionsstelle-biss/",
    "title": "Beratungs- und Interventionsstelle BISS",
    "content": "",
    "plain_text": "",
    "contacts": [],
    "forms": [],
    "links": [
      {
        "title": "Beratungs- und Interventionsstelle BISS",
        "url": "https://www.oldenburg-kreis.de/gesundheit-und-soziales/stuetzpunkt-gegen-haeusliche-gewalt/beratungs-und-interventionsstelle-biss/"
      }
    ],
    "metadata": {
      "agent": "soziales",
      "type": "link",
      "source": "https://www.oldenburg-kreis.de/gesundheit-und-soziales/",
      "timestamp": "2025-10-29T07:49:51.271Z"
    }
  },
  {
    "url": "https://www.oldenburg-kreis.de/gesundheit-und-soziales/stuetzpunkt-gegen-haeusliche-gewalt/aufwind/",
    "title": "Aufwind",
    "content": "",
    "plain_text": "",
    "contacts": [],
    "forms": [],
    "links": [
      {
        "title": "Aufwind",
        "url": "https://www.oldenburg-kreis.de/gesundheit-und-soziales/stuetzpunkt-gegen-haeusliche-gewalt/aufwind/"
      }
    ],
    "metadata": {
      "agent": "soziales",
      "type": "link",
      "source": "https://www.oldenburg-kreis.de/gesundheit-und-soziales/",
      "timestamp": "2025-10-29T07:49:51.271Z"
    }
  },
  {
    "url": "https://www.oldenburg-kreis.de/gesundheit-und-soziales/integration/",
    "title": "Integration",
    "content": "",
    "plain_text": "",
    "contacts": [],
    "forms": [],
    "links": [
      {
        "title": "Integration",
        "url": "https://www.oldenburg-kreis.de/gesundheit-und-soziales/integration/"
      }
    ],
    "metadata": {
      "agent": "soziales",
      "type": "link",
      "source": "https://www.oldenburg-kreis.de/gesundheit-und-soziales/",
      "timestamp": "2025-10-29T07:49:51.271Z"
    }
  },
  {
    "url": "https://www.oldenburg-kreis.de/gesundheit-und-soziales/integration/informationen-fuer-neuzugewanderte/",
    "title": "Informationen für Neuzugewanderte",
    "content": "",
    "plain_text": "",
    "contacts": [],
    "forms": [],
    "links": [
      {
        "title": "Informationen für Neuzugewanderte",
        "url": "https://www.oldenburg-kreis.de/gesundheit-und-soziales/integration/informationen-fuer-neuzugewanderte/"
      }
    ],
    "metadata": {
      "agent": "soziales",
      "type": "link",
      "source": "https://www.oldenburg-kreis.de/gesundheit-und-soziales/",
      "timestamp": "2025-10-29T07:49:51.271Z"
    }
  },
  {
    "url": "https://www.oldenburg-kreis.de/gesundheit-und-soziales/integration/sprachmittlung/",
    "title": "Sprachmittlung",
    "content": "",
    "plain_text": "",
    "contacts": [],
    "forms": [],
    "links": [
      {
        "title": "Sprachmittlung",
        "url": "https://www.oldenburg-kreis.de/gesundheit-und-soziales/integration/sprachmittlung/"
      }
    ],
    "metadata": {
      "agent": "soziales",
      "type": "link",
      "source": "https://www.oldenburg-kreis.de/gesundheit-und-soziales/",
      "timestamp": "2025-10-29T07:49:51.271Z"
    }
  },
  {
    "url": "https://www.oldenburg-kreis.de/gesundheit-und-soziales/integration/bildungskoordination-neuzugewanderte/",
    "title": "Bildungskoordination Neuzugewanderte",
    "content": "",
    "plain_text": "",
    "contacts": [],
    "forms": [],
    "links": [
      {
        "title": "Bildungskoordination Neuzugewanderte",
        "url": "https://www.oldenburg-kreis.de/gesundheit-und-soziales/integration/bildungskoordination-neuzugewanderte/"
      }
    ],
    "metadata": {
      "agent": "soziales",
      "type": "link",
      "source": "https://www.oldenburg-kreis.de/gesundheit-und-soziales/",
      "timestamp": "2025-10-29T07:49:51.271Z"
    }
  },
  {
    "url": "https://www.oldenburg-kreis.de/gesundheit-und-soziales/integration/integrationsprojekte/",
    "title": "Integrationsprojekte",
    "content": "",
    "plain_text": "",
    "contacts": [],
    "forms": [],
    "links": [
      {
        "title": "Integrationsprojekte",
        "url": "https://www.oldenburg-kreis.de/gesundheit-und-soziales/integration/integrationsprojekte/"
      }
    ],
    "metadata": {
      "agent": "soziales",
      "type": "link",
      "source": "https://www.oldenburg-kreis.de/gesundheit-und-soziales/",
      "timestamp": "2025-10-29T07:49:51.271Z"
    }
  },
  {
    "url": "https://www.oldenburg-kreis.de/gesundheit-und-soziales/senioren-und-pflegestuetzpunkt-niedersachsen/",
    "title": "Senioren- und Pflegestützpunkt Niedersachsen",
    "content": "",
    "plain_text": "",
    "contacts": [],
    "forms": [],
    "links": [
      {
        "title": "Senioren- und Pflegestützpunkt Niedersachsen",
        "url": "https://www.oldenburg-kreis.de/gesundheit-und-soziales/senioren-und-pflegestuetzpunkt-niedersachsen/"
      }
    ],
    "metadata": {
      "agent": "soziales",
      "type": "link",
      "source": "https://www.oldenburg-kreis.de/gesundheit-und-soziales/",
      "timestamp": "2025-10-29T07:49:51.271Z"
    }
  },
  {
    "url": "https://www.oldenburg-kreis.de/gesundheit-und-soziales/senioren-und-pflegestuetzpunkt-niedersachsen/seniorenstuetzpunkt/",
    "title": "Seniorenstützpunkt",
    "content": "",
    "plain_text": "",
    "contacts": [],
    "forms": [],
    "links": [
      {
        "title": "Seniorenstützpunkt",
        "url": "https://www.oldenburg-kreis.de/gesundheit-und-soziales/senioren-und-pflegestuetzpunkt-niedersachsen/seniorenstuetzpunkt/"
      }
    ],
    "metadata": {
      "agent": "soziales",
      "type": "link",
      "source": "https://www.oldenburg-kreis.de/gesundheit-und-soziales/",
      "timestamp": "2025-10-29T07:49:51.271Z"
    }
  },
  {
    "url": "https://www.oldenburg-kreis.de/gesundheit-und-soziales/senioren-und-pflegestuetzpunkt-niedersachsen/pflegestuetzpunkt/",
    "title": "Pflegestützpunkt",
    "content": "",
    "plain_text": "",
    "contacts": [],
    "forms": [],
    "links": [
      {
        "title": "Pflegestützpunkt",
        "url": "https://www.oldenburg-kreis.de/gesundheit-und-soziales/senioren-und-pflegestuetzpunkt-niedersachsen/pflegestuetzpunkt/"
      }
    ],
    "metadata": {
      "agent": "soziales",
      "type": "link",
      "source": "https://www.oldenburg-kreis.de/gesundheit-und-soziales/",
      "timestamp": "2025-10-29T07:49:51.271Z"
    }
  },
  {
    "url": "https://www.oldenburg-kreis.de/gesundheit-und-soziales/senioren-und-pflegestuetzpunkt-niedersachsen/ehrenamtliche-wohnberatung/",
    "title": "Ehrenamtliche Wohnberatung",
    "content": "",
    "plain_text": "",
    "contacts": [],
    "forms": [],
    "links": [
      {
        "title": "Ehrenamtliche Wohnberatung",
        "url": "https://www.oldenburg-kreis.de/gesundheit-und-soziales/senioren-und-pflegestuetzpunkt-niedersachsen/ehrenamtliche-wohnberatung/"
      }
    ],
    "metadata": {
      "agent": "soziales",
      "type": "link",
      "source": "https://www.oldenburg-kreis.de/gesundheit-und-soziales/",
      "timestamp": "2025-10-29T07:49:51.271Z"
    }
  },
  {
    "url": "https://www.oldenburg-kreis.de/gesundheit-und-soziales/senioren-und-pflegestuetzpunkt-niedersachsen/pflegeportal-weser-ems/",
    "title": "Pflegeportal Weser-Ems",
    "content": "",
    "plain_text": "",
    "contacts": [],
    "forms": [],
    "links": [
      {
        "title": "Pflegeportal Weser-Ems",
        "url": "https://www.oldenburg-kreis.de/gesundheit-und-soziales/senioren-und-pflegestuetzpunkt-niedersachsen/pflegeportal-weser-ems/"
      }
    ],
    "metadata": {
      "agent": "soziales",
      "type": "link",
      "source": "https://www.oldenburg-kreis.de/gesundheit-und-soziales/",
      "timestamp": "2025-10-29T07:49:51.271Z"
    }
  },
  {
    "url": "https://www.oldenburg-kreis.de/gesundheit-und-soziales/gesundheitsamt/",
    "title": "Gesundheitsamt",
    "content": "",
    "plain_text": "",
    "contacts": [],
    "forms": [],
    "links": [
      {
        "title": "Gesundheitsamt",
        "url": "https://www.oldenburg-kreis.de/gesundheit-und-soziales/gesundheitsamt/"
      }
    ],
    "metadata": {
      "agent": "soziales",
      "type": "link",
      "source": "https://www.oldenburg-kreis.de/gesundheit-und-soziales/",
      "timestamp": "2025-10-29T07:49:51.271Z"
    }
  },
  {
    "url": "https://www.oldenburg-kreis.de/gesundheit-und-soziales/gesundheitsamt/amtsaerztlicher-dienst/",
    "title": "Amtsärztlicher Dienst",
    "content": "",
    "plain_text": "",
    "contacts": [],
    "forms": [],
    "links": [
      {
        "title": "Amtsärztlicher Dienst",
        "url": "https://www.oldenburg-kreis.de/gesundheit-und-soziales/gesundheitsamt/amtsaerztlicher-dienst/"
      }
    ],
    "metadata": {
      "agent": "soziales",
      "type": "link",
      "source": "https://www.oldenburg-kreis.de/gesundheit-und-soziales/",
      "timestamp": "2025-10-29T07:49:51.271Z"
    }
  },
  {
    "url": "https://www.oldenburg-kreis.de/gesundheit-und-soziales/gesundheitsamt/belehrungen-gesundheitszeugnisse/",
    "title": "Belehrungen / Gesundheitszeugnisse",
    "content": "",
    "plain_text": "",
    "contacts": [],
    "forms": [],
    "links": [
      {
        "title": "Belehrungen / Gesundheitszeugnisse",
        "url": "https://www.oldenburg-kreis.de/gesundheit-und-soziales/gesundheitsamt/belehrungen-gesundheitszeugnisse/"
      }
    ],
    "metadata": {
      "agent": "soziales",
      "type": "link",
      "source": "https://www.oldenburg-kreis.de/gesundheit-und-soziales/",
      "timestamp": "2025-10-29T07:49:51.271Z"
    }
  },
  {
    "url": "https://www.oldenburg-kreis.de/gesundheit-und-soziales/gesundheitsamt/betreuungsbehoerde/",
    "title": "Betreuungsbehörde",
    "content": "",
    "plain_text": "",
    "contacts": [],
    "forms": [],
    "links": [
      {
        "title": "Betreuungsbehörde",
        "url": "https://www.oldenburg-kreis.de/gesundheit-und-soziales/gesundheitsamt/betreuungsbehoerde/"
      }
    ],
    "metadata": {
      "agent": "soziales",
      "type": "link",
      "source": "https://www.oldenburg-kreis.de/gesundheit-und-soziales/",
      "timestamp": "2025-10-29T07:49:51.271Z"
    }
  },
  {
    "url": "https://www.oldenburg-kreis.de/gesundheit-und-soziales/gesundheitsamt/dienst-fuer-infektionsschutz-hygiene-und-praevention/",
    "title": "Dienst für Infektionsschutz, Hygiene und Prävention",
    "content": "",
    "plain_text": "",
    "contacts": [],
    "forms": [],
    "links": [
      {
        "title": "Dienst für Infektionsschutz, Hygiene und Prävention",
        "url": "https://www.oldenburg-kreis.de/gesundheit-und-soziales/gesundheitsamt/dienst-fuer-infektionsschutz-hygiene-und-praevention/"
      }
    ],
    "metadata": {
      "agent": "soziales",
      "type": "link",
      "source": "https://www.oldenburg-kreis.de/gesundheit-und-soziales/",
      "timestamp": "2025-10-29T07:49:51.271Z"
    }
  },
  {
    "url": "https://www.oldenburg-kreis.de/gesundheit-und-soziales/gesundheitsamt/jugendaerztlicher-dienst/",
    "title": "Jugendärztlicher Dienst",
    "content": "",
    "plain_text": "",
    "contacts": [],
    "forms": [],
    "links": [
      {
        "title": "Jugendärztlicher Dienst",
        "url": "https://www.oldenburg-kreis.de/gesundheit-und-soziales/gesundheitsamt/jugendaerztlicher-dienst/"
      }
    ],
    "metadata": {
      "agent": "soziales",
      "type": "link",
      "source": "https://www.oldenburg-kreis.de/gesundheit-und-soziales/",
      "timestamp": "2025-10-29T07:49:51.271Z"
    }
  },
  {
    "url": "https://www.oldenburg-kreis.de/gesundheit-und-soziales/gesundheitsamt/jugendzahnaerztlicher-dienst/",
    "title": "Jugendzahnärztlicher Dienst",
    "content": "",
    "plain_text": "",
    "contacts": [],
    "forms": [],
    "links": [
      {
        "title": "Jugendzahnärztlicher Dienst",
        "url": "https://www.oldenburg-kreis.de/gesundheit-und-soziales/gesundheitsamt/jugendzahnaerztlicher-dienst/"
      }
    ],
    "metadata": {
      "agent": "soziales",
      "type": "link",
      "source": "https://www.oldenburg-kreis.de/gesundheit-und-soziales/",
      "timestamp": "2025-10-29T07:49:51.271Z"
    }
  },
  {
    "url": "https://www.oldenburg-kreis.de/gesundheit-und-soziales/gesundheitsamt/sozialpsychiatrischer-dienst/",
    "title": "Sozialpsychiatrischer Dienst",
    "content": "",
    "plain_text": "",
    "contacts": [],
    "forms": [],
    "links": [
      {
        "title": "Sozialpsychiatrischer Dienst",
        "url": "https://www.oldenburg-kreis.de/gesundheit-und-soziales/gesundheitsamt/sozialpsychiatrischer-dienst/"
      }
    ],
    "metadata": {
      "agent": "soziales",
      "type": "link",
      "source": "https://www.oldenburg-kreis.de/gesundheit-und-soziales/",
      "timestamp": "2025-10-29T07:49:51.271Z"
    }
  },
  {
    "url": "https://www.oldenburg-kreis.de/gesundheit-und-soziales/gesundheitsamt/veranstaltungen-gesundheitsamt/",
    "title": "Veranstaltungen Gesundheitsamt",
    "content": "",
    "plain_text": "",
    "contacts": [],
    "forms": [],
    "links": [
      {
        "title": "Veranstaltungen Gesundheitsamt",
        "url": "https://www.oldenburg-kreis.de/gesundheit-und-soziales/gesundheitsamt/veranstaltungen-gesundheitsamt/"
      }
    ],
    "metadata": {
      "agent": "soziales",
      "type": "link",
      "source": "https://www.oldenburg-kreis.de/gesundheit-und-soziales/",
      "timestamp": "2025-10-29T07:49:51.271Z"
    }
  },
  {
    "url": "https://www.oldenburg-kreis.de/gesundheit-und-soziales/gesundheitsamt/verwaltung/",
    "title": "Verwaltung",
    "content": "",
    "plain_text": "",
    "contacts": [],
    "forms": [],
    "links": [
      {
        "title": "Verwaltung",
        "url": "https://www.oldenburg-kreis.de/gesundheit-und-soziales/gesundheitsamt/verwaltung/"
      }
    ],
    "metadata": {
      "agent": "soziales",
      "type": "link",
      "source": "https://www.oldenburg-kreis.de/gesundheit-und-soziales/",
      "timestamp": "2025-10-29T07:49:51.271Z"
    }
  },
  {
    "url": "https://www.oldenburg-kreis.de/gesundheit-und-soziales/gesundheitsamt/projekt-kontaktzeit-/",
    "title": "Projekt \"Kontaktzeit\"",
    "content": "",
    "plain_text": "",
    "contacts": [],
    "forms": [],
    "links": [
      {
        "title": "Projekt \"Kontaktzeit\"",
        "url": "https://www.oldenburg-kreis.de/gesundheit-und-soziales/gesundheitsamt/projekt-kontaktzeit-/"
      }
    ],
    "metadata": {
      "agent": "soziales",
      "type": "link",
      "source": "https://www.oldenburg-kreis.de/gesundheit-und-soziales/",
      "timestamp": "2025-10-29T07:49:51.271Z"
    }
  },
  {
    "url": "https://www.oldenburg-kreis.de/gesundheit-und-soziales/gesundheitsregion/",
    "title": "Gesundheitsregion",
    "content": "",
    "plain_text": "",
    "contacts": [],
    "forms": [],
    "links": [
      {
        "title": "Gesundheitsregion",
        "url": "https://www.oldenburg-kreis.de/gesundheit-und-soziales/gesundheitsregion/"
      }
    ],
    "metadata": {
      "agent": "soziales",
      "type": "link",
      "source": "https://www.oldenburg-kreis.de/gesundheit-und-soziales/",
      "timestamp": "2025-10-29T07:49:51.271Z"
    }
  },
  {
    "url": "https://www.oldenburg-kreis.de/gesundheit-und-soziales/gesundheitsregion/hitzeschutz/",
    "title": "Hitzeschutz",
    "content": "",
    "plain_text": "",
    "contacts": [],
    "forms": [],
    "links": [
      {
        "title": "Hitzeschutz",
        "url": "https://www.oldenburg-kreis.de/gesundheit-und-soziales/gesundheitsregion/hitzeschutz/"
      }
    ],
    "metadata": {
      "agent": "soziales",
      "type": "link",
      "source": "https://www.oldenburg-kreis.de/gesundheit-und-soziales/",
      "timestamp": "2025-10-29T07:49:51.271Z"
    }
  },
  {
    "url": "https://www.oldenburg-kreis.de/gesundheit-und-soziales/eingliederung-sgb-ix/",
    "title": "Eingliederung SGB IX",
    "content": "",
    "plain_text": "",
    "contacts": [],
    "forms": [],
    "links": [
      {
        "title": "Eingliederung SGB IX",
        "url": "https://www.oldenburg-kreis.de/gesundheit-und-soziales/eingliederung-sgb-ix/"
      }
    ],
    "metadata": {
      "agent": "soziales",
      "type": "link",
      "source": "https://www.oldenburg-kreis.de/gesundheit-und-soziales/",
      "timestamp": "2025-10-29T07:49:51.271Z"
    }
  },
  {
    "url": "https://www.oldenburg-kreis.de/gesundheit-und-soziales/fachstelle-inklusion/",
    "title": "Fachstelle Inklusion",
    "content": "",
    "plain_text": "",
    "contacts": [],
    "forms": [],
    "links": [
      {
        "title": "Fachstelle Inklusion",
        "url": "https://www.oldenburg-kreis.de/gesundheit-und-soziales/fachstelle-inklusion/"
      }
    ],
    "metadata": {
      "agent": "soziales",
      "type": "link",
      "source": "https://www.oldenburg-kreis.de/gesundheit-und-soziales/",
      "timestamp": "2025-10-29T07:49:51.271Z"
    }
  },
  {
    "url": "https://www.oldenburg-kreis.de/gesundheit-und-soziales/veranstaltungen-gesundheitsamt/",
    "title": "Veranstaltungen Gesundheitsamt",
    "content": "",
    "plain_text": "",
    "contacts": [],
    "forms": [],
    "links": [
      {
        "title": "Veranstaltungen Gesundheitsamt",
        "url": "https://www.oldenburg-kreis.de/gesundheit-und-soziales/veranstaltungen-gesundheitsamt/"
      }
    ],
    "metadata": {
      "agent": "soziales",
      "type": "link",
      "source": "https://www.oldenburg-kreis.de/gesundheit-und-soziales/",
      "timestamp": "2025-10-29T07:49:51.271Z"
    }
  },
  {
    "url": "https://www.oldenburg-kreis.de/gesundheit-und-soziales/veranstaltungen-gesundheitsamt/projekt-kontaktzeit-/",
    "title": "Projekt \"Kontaktzeit\"",
    "content": "",
    "plain_text": "",
    "contacts": [],
    "forms": [],
    "links": [
      {
        "title": "Projekt \"Kontaktzeit\"",
        "url": "https://www.oldenburg-kreis.de/gesundheit-und-soziales/veranstaltungen-gesundheitsamt/projekt-kontaktzeit-/"
      }
    ],
    "metadata": {
      "agent": "soziales",
      "type": "link",
      "source": "https://www.oldenburg-kreis.de/gesundheit-und-soziales/",
      "timestamp": "2025-10-29T07:49:51.271Z"
    }
  },
  {
    "url": "https://www.oldenburg-kreis.de/gesundheit-und-soziales/",
    "title": "Unbekannt",
    "content": "",
    "plain_text": "",
    "contacts": [
      {
        "type": "phone",
        "value": "900000004"
      }
    ],
    "forms": [],
    "links": [],
    "metadata": {
      "agent": "soziales",
      "type": "contact",
      "source": "https://www.oldenburg-kreis.de/gesundheit-und-soziales/",
      "timestamp": "2025-10-29T07:49:51.271Z"
    }
  },
  {
    "url": "https://www.oldenburg-kreis.de/gesundheit-und-soziales/",
    "title": "Gesundheit und Soziales",
    "content": "Sie sind hier: Gesundheit und Soziales{\"@context\":\"https:\\/\\/schema.org\",\"@type\":\"BreadcrumbList\",\"itemListElement\":[{\"@type\":\"ListItem\",\"position\":1,\"item\":{\"@id\":\"https:\\/\\/www.oldenburg-kreis.de\\/portal\\/sitemap.html?naviID=900000004&amp;brotID=900000004&amp;id=900000003&amp;navi_id=900000004\",\"name\":\"Gesundheit und Soziales\"}}]} Inhalt vorlesen Seite merken Seite drucken Gesundheit und SozialesAufgaben der sozialen SicherungAufwindBestattungskosten: ÜbernahmeBISSBlindenhilfeFrauen- und KinderschutzhausGrundsicherung im Alter und bei ErwerbsminderungHeimaufsichtHilfe zur PflegeInklusionLandesblindengeldLeistungen für Bildung und TeilhabeMietobergrenzen für angemessene UnterkunftskostenSelbsthilfegruppenSoziales EntschädigungsrechtKoordinatorin SeniorenarbeitBehindertenbeauftragteInklusionspreis 2025Stützpunkt gegen häusliche GewaltFrauen- und KinderschutzhausBeratungs- und Interventionsstelle BISSAufwindIntegrationInformationen für NeuzugewanderteSprachmittlungBildungskoordination NeuzugewanderteIntegrationsprojekteSenioren- und Pflegestützpunkt NiedersachsenSeniorenstützpunktPflegestützpunktEhrenamtliche WohnberatungPflegeportal Weser-EmsGesundheitsamtAmtsärztlicher DienstBelehrungen / GesundheitszeugnisseBetreuungsbehördeDienst für Infektionsschutz, Hygiene und PräventionJugendärztlicher DienstJugendzahnärztlicher DienstSozialpsychiatrischer DienstVeranstaltungen GesundheitsamtVerwaltungProjekt \"Kontaktzeit\"GesundheitsregionHitzeschutzEingliederung SGB IXFachstelle InklusionVeranstaltungen GesundheitsamtProjekt \"Kontaktzeit\"Zurück",
    "plain_text": "Sie sind hier: Gesundheit und Soziales{\"@context\":\"https:\\/\\/schema.org\",\"@type\":\"BreadcrumbList\",\"itemListElement\":[{\"@type\":\"ListItem\",\"position\":1,\"item\":{\"@id\":\"https:\\/\\/www.oldenburg-kreis.de\\/portal\\/sitemap.html?naviID=900000004&amp;brotID=900000004&amp;id=900000003&amp;navi_id=900000004\",\"name\":\"Gesundheit und Soziales\"}}]} Inhalt vorlesen Seite merken Seite drucken Gesundheit und SozialesAufgaben der sozialen SicherungAufwindBestattungskosten: ÜbernahmeBISSBlindenhilfeFrauen- und KinderschutzhausGrundsicherung im Alter und bei ErwerbsminderungHeimaufsichtHilfe zur PflegeInklusionLandesblindengeldLeistungen für Bildung und TeilhabeMietobergrenzen für angemessene UnterkunftskostenSelbsthilfegruppenSoziales EntschädigungsrechtKoordinatorin SeniorenarbeitBehindertenbeauftragteInklusionspreis 2025Stützpunkt gegen häusliche GewaltFrauen- und KinderschutzhausBeratungs- und Interventionsstelle BISSAufwindIntegrationInformationen für NeuzugewanderteSprachmittlungBildungskoordination NeuzugewanderteIntegrationsprojekteSenioren- und Pflegestützpunkt NiedersachsenSeniorenstützpunktPflegestützpunktEhrenamtliche WohnberatungPflegeportal Weser-EmsGesundheitsamtAmtsärztlicher DienstBelehrungen / GesundheitszeugnisseBetreuungsbehördeDienst für Infektionsschutz, Hygiene und PräventionJugendärztlicher DienstJugendzahnärztlicher DienstSozialpsychiatrischer DienstVeranstaltungen GesundheitsamtVerwaltungProjekt \"Kontaktzeit\"GesundheitsregionHitzeschutzEingliederung SGB IXFachstelle InklusionVeranstaltungen GesundheitsamtProjekt \"Kontaktzeit\"Zurück",
    "contacts": [],
    "forms": [],
    "links": [],
    "metadata": {
      "agent": "soziales",
      "type": "content",
      "source": "https://www.oldenburg-kreis.de/gesundheit-und-soziales/",
      "timestamp": "2025-10-29T07:49:51.271Z"
    }
  },
  {
    "url": "https://www.oldenburg-kreis.de/portal/seiten/aufgaben-der-sozialen-sicherung-900000201-21700.html?naviID=900000116&brotID=900000116&rubrik=900000005",
    "title": "Aufgaben der sozialen Sicherung",
    "content": "",
    "plain_text": "",
    "contacts": [],
    "forms": [],
    "links": [
      {
        "title": "Aufgaben der sozialen Sicherung",
        "url": "https://www.oldenburg-kreis.de/portal/seiten/aufgaben-der-sozialen-sicherung-900000201-21700.html?naviID=900000116&brotID=900000116&rubrik=900000005"
      }
    ],
    "metadata": {
      "agent": "soziales",
      "type": "link",
      "source": "https://www.oldenburg-kreis.de/gesundheit-und-soziales/aufgaben-der-sozialen-sicherung/",
      "timestamp": "2025-10-29T07:49:51.271Z"
    }
  },
  {
    "url": "http://www.oldenburg-kreis.de/frauenhaus",
    "title": "Frauen- und Kinderschutzhaus des Landkreises Oldenburg",
    "content": "",
    "plain_text": "",
    "contacts": [],
    "forms": [],
    "links": [
      {
        "title": "Frauen- und Kinderschutzhaus des Landkreises Oldenburg",
        "url": "http://www.oldenburg-kreis.de/frauenhaus"
      }
    ],
    "metadata": {
      "agent": "soziales",
      "type": "link",
      "source": "https://www.oldenburg-kreis.de/gesundheit-und-soziales/aufgaben-der-sozialen-sicherung/",
      "timestamp": "2025-10-29T07:49:51.271Z"
    }
  },
  {
    "url": "http://www.oldenburg-kreis.de/gesundheit-und-soziales/aufgaben-der-sozialen-sicherung/aufwind/",
    "title": "Frauen- und Mädchenberatung „Aufwind“",
    "content": "",
    "plain_text": "",
    "contacts": [],
    "forms": [],
    "links": [
      {
        "title": "Frauen- und Mädchenberatung „Aufwind“",
        "url": "http://www.oldenburg-kreis.de/gesundheit-und-soziales/aufgaben-der-sozialen-sicherung/aufwind/"
      }
    ],
    "metadata": {
      "agent": "soziales",
      "type": "link",
      "source": "https://www.oldenburg-kreis.de/gesundheit-und-soziales/aufgaben-der-sozialen-sicherung/",
      "timestamp": "2025-10-29T07:49:51.271Z"
    }
  },
  {
    "url": "http://www.oldenburg-kreis.de/gesundheit-und-soziales/aufgaben-der-sozialen-sicherung/biss/",
    "title": "Beratungs- und Interventionsstelle bei häuslicher Gewalt (BISS)",
    "content": "",
    "plain_text": "",
    "contacts": [],
    "forms": [],
    "links": [
      {
        "title": "Beratungs- und Interventionsstelle bei häuslicher Gewalt (BISS)",
        "url": "http://www.oldenburg-kreis.de/gesundheit-und-soziales/aufgaben-der-sozialen-sicherung/biss/"
      }
    ],
    "metadata": {
      "agent": "soziales",
      "type": "link",
      "source": "https://www.oldenburg-kreis.de/gesundheit-und-soziales/aufgaben-der-sozialen-sicherung/",
      "timestamp": "2025-10-29T07:49:51.271Z"
    }
  },
  {
    "url": "https://www.oldenburg-kreis.de/gesundheit-und-soziales/aufgaben-der-sozialen-sicherung/",
    "title": "Unbekannt",
    "content": "",
    "plain_text": "",
    "contacts": [
      {
        "type": "phone",
        "value": "900000004"
      }
    ],
    "forms": [],
    "links": [],
    "metadata": {
      "agent": "soziales",
      "type": "contact",
      "source": "https://www.oldenburg-kreis.de/gesundheit-und-soziales/aufgaben-der-sozialen-sicherung/",
      "timestamp": "2025-10-29T07:49:51.271Z"
    }
  },
  {
    "url": "https://www.oldenburg-kreis.de/gesundheit-und-soziales/aufgaben-der-sozialen-sicherung/",
    "title": "Amt für Teilhabe und Soziale Sicherung",
    "content": "Sie sind hier: Gesundheit und Soziales/Aufgaben der sozialen Sicherung{\"@context\":\"https:\\/\\/schema.org\",\"@type\":\"BreadcrumbList\",\"itemListElement\":[{\"@type\":\"ListItem\",\"position\":1,\"item\":{\"@id\":\"https:\\/\\/www.oldenburg-kreis.de\\/portal\\/sitemap.html?naviID=900000004&amp;brotID=900000004&amp;id=900000003&amp;navi_id=900000004\",\"name\":\"Gesundheit und Soziales\"}},{\"@type\":\"ListItem\",\"position\":2,\"item\":{\"@id\":\"https:\\/\\/www.oldenburg-kreis.de\\/portal\\/seiten\\/aufgaben-der-sozialen-sicherung-900000201-21700.html?naviID=900000116&amp;brotID=900000116&amp;rubrik=900000005\",\"name\":\"Aufgaben der sozialen Sicherung\"}}]} Inhalt vorlesen Seite merken Seite drucken Amt für Teilhabe und Soziale Sicherung Im Amt für Teilhabe und Soziale Sicherung ist ein sehr vielfältiges Leistungsspektrum der „Sozialer Hilfen“ nach dem Sozialgesetzbuch (SGB XII), dem Asylbewerberleistungsgesetz (AsylbLG), dem Wohngeldgesetz (WoGG) sowie der Teilhabe und Inklusion von Menschen mit Behinderungen nach dem SGB IX zusammengeführt. Die Leistungsbereiche der Grundsicherung im Alter und bei Erwerbsminderung (SGB XII), die Leistungen nach dem Asylbewerberleistungsgesetz (AsylbLG) sowie dem Wohngeldgesetz (WoGG) werden in Kooperation mit den kreisangehörigen Kommunen direkt vor Ort in der Gemeinde-, Samtgemeinde bzw. Stadtverwaltung angeboten. Leistungen der Hilfe zur Pflege (SGB XII), die Bestattungskostenübernahme (SGB XII), Hilfen für blinde Menschen sowie die vielfältigen Leistungsangebote der Eingliederungshilfe zur Teilhabe von Menschen mit Behinderungen (SGB IX) sind hingegen im Kreishaus verortet. Im Senioren- und Pflegestützpunkt Niedersachsen im Landkreis Oldenburg (SPN) werden wertvolle Hilfen und Angebote für Seniorinnen und Senioren, insbesondere auch Beratungsangebote für Menschen mit Pflegebedarf unter einem Dach angeboten. Als Hilfestellung „Gegen Gewalt an Frauen“ sind im Amt für Teilhabe und Soziale Sicherung die folgenden Schutz- und Beratungseinrichtungen verortet und bieten bedarfsgerechte Hilfen an: Frauen- und Kinderschutzhaus des Landkreises Oldenburg Frauen- und Mädchenberatung „Aufwind“ Beratungs- und Interventionsstelle bei häuslicher Gewalt (BISS) Zurück NOLISManager.LayoutTemplate.spaltenAngleichen();",
    "plain_text": "Sie sind hier: Gesundheit und Soziales/Aufgaben der sozialen Sicherung{\"@context\":\"https:\\/\\/schema.org\",\"@type\":\"BreadcrumbList\",\"itemListElement\":[{\"@type\":\"ListItem\",\"position\":1,\"item\":{\"@id\":\"https:\\/\\/www.oldenburg-kreis.de\\/portal\\/sitemap.html?naviID=900000004&amp;brotID=900000004&amp;id=900000003&amp;navi_id=900000004\",\"name\":\"Gesundheit und Soziales\"}},{\"@type\":\"ListItem\",\"position\":2,\"item\":{\"@id\":\"https:\\/\\/www.oldenburg-kreis.de\\/portal\\/seiten\\/aufgaben-der-sozialen-sicherung-900000201-21700.html?naviID=900000116&amp;brotID=900000116&amp;rubrik=900000005\",\"name\":\"Aufgaben der sozialen Sicherung\"}}]} Inhalt vorlesen Seite merken Seite drucken Amt für Teilhabe und Soziale Sicherung Im Amt für Teilhabe und Soziale Sicherung ist ein sehr vielfältiges Leistungsspektrum der „Sozialer Hilfen“ nach dem Sozialgesetzbuch (SGB XII), dem Asylbewerberleistungsgesetz (AsylbLG), dem Wohngeldgesetz (WoGG) sowie der Teilhabe und Inklusion von Menschen mit Behinderungen nach dem SGB IX zusammengeführt. Die Leistungsbereiche der Grundsicherung im Alter und bei Erwerbsminderung (SGB XII), die Leistungen nach dem Asylbewerberleistungsgesetz (AsylbLG) sowie dem Wohngeldgesetz (WoGG) werden in Kooperation mit den kreisangehörigen Kommunen direkt vor Ort in der Gemeinde-, Samtgemeinde bzw. Stadtverwaltung angeboten. Leistungen der Hilfe zur Pflege (SGB XII), die Bestattungskostenübernahme (SGB XII), Hilfen für blinde Menschen sowie die vielfältigen Leistungsangebote der Eingliederungshilfe zur Teilhabe von Menschen mit Behinderungen (SGB IX) sind hingegen im Kreishaus verortet. Im Senioren- und Pflegestützpunkt Niedersachsen im Landkreis Oldenburg (SPN) werden wertvolle Hilfen und Angebote für Seniorinnen und Senioren, insbesondere auch Beratungsangebote für Menschen mit Pflegebedarf unter einem Dach angeboten. Als Hilfestellung „Gegen Gewalt an Frauen“ sind im Amt für Teilhabe und Soziale Sicherung die folgenden Schutz- und Beratungseinrichtungen verortet und bieten bedarfsgerechte Hilfen an: Frauen- und Kinderschutzhaus des Landkreises Oldenburg Frauen- und Mädchenberatung „Aufwind“ Beratungs- und Interventionsstelle bei häuslicher Gewalt (BISS) Zurück NOLISManager.LayoutTemplate.spaltenAngleichen();",
    "contacts": [],
    "forms": [],
    "links": [],
    "metadata": {
      "agent": "soziales",
      "type": "content",
      "source": "https://www.oldenburg-kreis.de/gesundheit-und-soziales/aufgaben-der-sozialen-sicherung/",
      "timestamp": "2025-10-29T07:49:51.271Z"
    }
  }
]
